Number,Region,AreaName,EncounterRate
2,Kalos,Friend Safari (Grass),33
5,Kalos,Friend Safari (Fire),33
8,Kalos,Friend Safari (Water),33
10,Alola,Alola Route 1 East,20
10,Alola,Alola Route 1 South,25
10,Alola,Alola Route 1 West,35
10,Alola,Alola Route 5 Area,25
10,Alola,Lush Jungle North,15
10,Alola,Lush Jungle South,25
10,Alola,Lush Jungle West,15
10,Alola,Melemele Meadow Area,25
10,Johto,Azalea Town,100
10,Johto,Ilex Forest,100
10,Johto,Lake of Rage,100
10,Johto,National Park,80
10,Johto,Road 30,100
10,Johto,Road 31,100
10,Johto,Road 34,100
10,Johto,Road 35,100
10,Johto,Road 36,100
10,Johto,Road 37,100
10,Johto,Road 38,100
10,Johto,Road 39,100
10,Johto,Unknown Area; all bugs,100
10,Kalos,Road 2,11
10,Kalos,Santalune Forest,20
10,Kanto,Pattern Bush,10
10,Kanto,"Road 2 (north, towards Pewter City)",100
10,Kanto,"Road 2 (south, towards Viridian City)",100
10,Kanto,Road 24,100
10,Kanto,Road 25,60
10,Kanto,Road 26,100
10,Kanto,Road 27,100
10,Kanto,Viridian Forest,100
10,Sinnoh,Eterna Forest,4
10,Sinnoh,"Road 204 (north, towards Floaroma Town)",8
10,Sinnoh,"Road 204 (south, towards Jubilife City)",8
11,Alola,Alola Route 1 South,10
11,Alola,Alola Route 1 West,10
11,Alola,Alola Route 5 Area,9
11,Alola,Lush Jungle North,10
11,Alola,Lush Jungle South,10
11,Alola,Lush Jungle West,10
11,Alola,Melemele Meadow Area,9
11,Johto,Azalea Town,30
11,Johto,Ilex Forest,90
11,Johto,Lake of Rage,30
11,Johto,National Park,60
11,Johto,Road 30,25
11,Johto,Road 31,30
11,Johto,Road 34,30
11,Johto,Road 35,30
11,Johto,Road 36,30
11,Johto,Road 37,30
11,Johto,Road 38,30
11,Johto,Road 39,30
11,Kalos,Santalune Forest,4
11,Kanto,Pattern Bush,5
11,Kanto,"Road 2 (north, towards Pewter City)",20
11,Kanto,"Road 2 (south, towards Viridian City)",40
11,Kanto,Road 24,20
11,Kanto,Road 25,20
11,Kanto,Road 26,30
11,Kanto,Road 27,30
11,Kanto,Viridian Forest,100
11,Sinnoh,Eterna Forest,8
11,Unova,Road 12,20
12,Alola,Alola Route 5 Area,31
12,Alola,Lush Jungle North,15
12,Alola,Lush Jungle South,30
12,Alola,Lush Jungle West,15
12,Alola,Melemele Meadow Area,31
12,Johto,Azalea Town,15
12,Johto,Ilex Forest,15
12,Johto,Lake of Rage,15
12,Johto,Road 34,15
12,Johto,Road 35,15
12,Johto,Road 36,15
12,Johto,Road 37,15
12,Johto,Road 38,15
12,Johto,Road 39,15
12,Kalos,Friend Safari (Bug),33
12,Kanto,"Road 2 (north, towards Pewter City)",20
12,Kanto,"Road 2 (south, towards Viridian City)",20
12,Kanto,Road 24,10
12,Kanto,Road 25,10
12,Kanto,Road 26,15
12,Kanto,Road 27,15
12,Kanto,Viridian Forest,100
12,Unova,Pinwheel Forest (Hidden Grotto – Inner area),20
12,Unova,Road 12,5
13,Johto,Azalea Town,100
13,Johto,Ilex Forest,100
13,Johto,Lake of Rage,100
13,Johto,National Park,80
13,Johto,Road 30,85
13,Johto,Road 31,65
13,Johto,Road 34,100
13,Johto,Road 35,100
13,Johto,Road 36,100
13,Johto,Road 37,100
13,Johto,Road 38,100
13,Johto,Road 39,100
13,Johto,Unknown Area; all bugs,100
13,Kalos,Road 2,11
13,Kalos,Santalune Forest,20
13,Kanto,Pattern Bush,10
13,Kanto,"Road 2 (north, towards Pewter City)",100
13,Kanto,"Road 2 (south, towards Viridian City)",100
13,Kanto,Road 24,20
13,Kanto,Road 25,20
13,Kanto,Road 26,100
13,Kanto,Road 27,100
13,Kanto,Viridian Forest,100
13,Sinnoh,Eterna Forest,4
13,Sinnoh,"Road 204 (north, towards Floaroma Town)",8
13,Sinnoh,"Road 204 (south, towards Jubilife City)",8
14,Johto,Azalea Town,30
14,Johto,Ilex Forest,90
14,Johto,Lake of Rage,30
14,Johto,National Park,60
14,Johto,Road 30,25
14,Johto,Road 31,25
14,Johto,Road 34,30
14,Johto,Road 35,30
14,Johto,Road 36,30
14,Johto,Road 37,30
14,Johto,Road 38,30
14,Johto,Road 39,30
14,Kalos,Friend Safari (Poison),33
14,Kalos,Santalune Forest,4
14,Kanto,Pattern Bush,20
14,Kanto,"Road 2 (north, towards Pewter City)",51
14,Kanto,"Road 2 (south, towards Viridian City)",51
14,Kanto,Road 24,20
14,Kanto,Road 25,20
14,Kanto,Road 26,30
14,Kanto,Road 27,30
14,Kanto,Viridian Forest,100
14,Sinnoh,Eterna Forest,8
14,Unova,Road 12,20
15,Johto,Azalea Town,15
15,Johto,Ilex Forest,15
15,Johto,Lake of Rage,15
15,Johto,Road 34,15
15,Johto,Road 35,15
15,Johto,Road 36,15
15,Johto,Road 37,15
15,Johto,Road 38,15
15,Johto,Road 39,15
15,Kanto,"Road 2 (north, towards Pewter City)",14
15,Kanto,"Road 2 (south, towards Viridian City)",14
15,Kanto,Road 26,15
15,Kanto,Road 27,15
15,Kanto,Viridian Forest,100
15,Unova,Pinwheel Forest (Hidden Grotto – Inner area),20
15,Unova,Road 12,5
16,Johto,Ilex Forest,10
16,Johto,National Park,35
16,Johto,Road 29,100
16,Johto,Road 30,90
16,Johto,Road 31,60
16,Johto,Road 32,10
16,Johto,Road 34,40
16,Johto,Road 35,70
16,Johto,Road 36,100
16,Johto,Road 37,100
16,Johto,Safari Zone Forest,60
16,Kalos,Friend Safari (Flying),33
16,Kalos,Road 2,14
16,Kalos,Road 3,10
16,Kanto,Berry Forest,10
16,Kanto,Bond Bridge,30
16,Kanto,Five Isle Meadow,20
16,Kanto,Road 1,100
16,Kanto,Road 11,100
16,Kanto,Road 12,100
16,Kanto,Road 13,100
16,Kanto,Road 14,100
16,Kanto,Road 15,100
16,Kanto,Road 16,100
16,Kanto,Road 17,100
16,Kanto,Road 18,100
16,Kanto,Road 19,100
16,Kanto,"Road 2 (north, towards Pewter City)",100
16,Kanto,"Road 2 (south, towards Viridian City)",100
16,Kanto,Road 20,100
16,Kanto,Road 21,100
16,Kanto,Road 24,100
16,Kanto,Road 25,100
16,Kanto,Road 3,45
16,Kanto,Road 5,100
16,Kanto,Road 6,100
16,Kanto,Road 7,100
16,Kanto,Road 8,100
16,Kanto,Viridian Forest,100
16,Sinnoh,Road 229,40
17,Johto,Road 37,10
17,Johto,Road 38,20
17,Johto,Road 39,20
17,Johto,Road 43,60
17,Johto,Safari Zone Mountain,60
17,Johto,Safari Zone Plains,60
17,Kanto,Berry Forest,20
17,Kanto,Bond Bridge,15
17,Kanto,Five Isle Meadow,15
17,Kanto,Road 1,100
17,Kanto,Road 11,100
17,Kanto,Road 12,100
17,Kanto,Road 13,100
17,Kanto,Road 14,100
17,Kanto,Road 15,100
17,Kanto,Road 16,100
17,Kanto,Road 17,100
17,Kanto,Road 18,100
17,Kanto,Road 19,100
17,Kanto,"Road 2 (north, towards Pewter City)",100
17,Kanto,"Road 2 (south, towards Viridian City)",100
17,Kanto,Road 20,100
17,Kanto,Road 21,100
17,Kanto,Road 24,100
17,Kanto,Road 25,100
17,Kanto,Road 5,100
17,Kanto,Road 6,100
17,Kanto,Road 7,100
17,Kanto,Road 8,100
17,Kanto,Viridian Forest,13
18,Kanto,Road 1,100
18,Kanto,Road 11,100
18,Kanto,Road 12,100
18,Kanto,Road 13,100
18,Kanto,Road 14,100
18,Kanto,Road 15,100
18,Kanto,Road 16,100
18,Kanto,Road 17,100
18,Kanto,Road 18,100
18,Kanto,Road 19,100
18,Kanto,"Road 2 (north, towards Pewter City)",100
18,Kanto,"Road 2 (south, towards Viridian City)",100
18,Kanto,Road 20,100
18,Kanto,Road 21,100
18,Kanto,Road 24,100
18,Kanto,Road 25,100
18,Kanto,Road 5,100
18,Kanto,Road 6,100
18,Kanto,Road 7,100
18,Kanto,Road 8,100
19,Alola,Alola Route 1 East,30
19,Alola,Alola Route 1 Hauoli Outskirts,30
19,Alola,Alola Route 1 South,20
19,Alola,Alola Route 1 West,35
19,Alola,Alola Route 2 North,80
19,Alola,Alola Route 2 South,80
19,Alola,Alola Route 3 North,10
19,Alola,Alola Route 3 South,10
19,Alola,Alola Route 4 Area,10
19,Alola,Alola Route 6 North,10
19,Alola,Alola Route 6 South,10
19,Alola,Alola Route 8 Main,30
19,Alola,Hauoli City Shopping District,20
19,Alola,Kalae Bay Area,30
19,Alola,Verdant Cavern Trial Site,100
19,Johto,Bell Tower (10F),100
19,Johto,Bell Tower (2F),100
19,Johto,Bell Tower (3F),100
19,Johto,Bell Tower (4F),100
19,Johto,Bell Tower (5F),100
19,Johto,Bell Tower (6F),100
19,Johto,Bell Tower (7F),100
19,Johto,Bell Tower (8F),100
19,Johto,Bell Tower (9F),100
19,Johto,Burned Tower (1F),55
19,Johto,Burned Tower (B1F),100
19,Johto,Mount Mortar (1F),90
19,Johto,Mount Mortar (B1F),20
19,Johto,Mount Mortar (Lower Cave),90
19,Johto,Road 29,55
19,Johto,Road 30,40
19,Johto,Road 31,40
19,Johto,Road 32,100
19,Johto,Road 33,100
19,Johto,Road 34,90
19,Johto,Road 38,100
19,Johto,Road 39,100
19,Johto,Road 42,70
19,Johto,Road 46,90
19,Johto,Sprout Tower (2F),100
19,Johto,Sprout Tower (3F),100
19,Johto,Tohjo Falls,5
19,Johto,Union Cave (1F),60
19,Johto,Union Cave (B1F),35
19,Johto,Union Cave (B2F),5
19,Johto,Unknown Area; all Rattata,100
19,Kanto,Pokemon Mansion (1F),100
19,Kanto,Pokemon Mansion (2F),100
19,Kanto,Pokemon Mansion (3F),100
19,Kanto,Pokemon Mansion (B1F),100
19,Kanto,Road 1,100
19,Kanto,Road 10,100
19,Kanto,Road 11,100
19,Kanto,Road 16,100
19,Kanto,Road 17,100
19,Kanto,Road 18,100
19,Kanto,"Road 2 (north, towards Pewter City)",100
19,Kanto,"Road 2 (south, towards Viridian City)",100
19,Kanto,Road 21,100
19,Kanto,Road 22,100
19,Kanto,Road 3,100
19,Kanto,Road 4,100
19,Kanto,Road 5,100
19,Kanto,Road 6,100
19,Kanto,Road 7,100
19,Kanto,Road 8,100
19,Kanto,Road 9,100
19,Sinnoh,Road 225,5
19,Sinnoh,Road 226,5
19,Unova,Castelia City,60
19,Unova,Castelia Sewers,45
19,Unova,Castelia Sewers (unknown area 38),45
19,Unova,Relic Tunnel (Castelia Sewers entrance),10
20,Alola,Akala Outskirts Area,30
20,Alola,Alola Route 10 Area,30
20,Alola,Alola Route 11 Area,20
20,Alola,Alola Route 14 Area,30
20,Alola,Alola Route 15 Main,30
20,Alola,Alola Route 16 East,30
20,Alola,Alola Route 16 Main,30
20,Alola,Alola Route 16 West,20
20,Alola,Alola Route 17 Northeast,30
20,Alola,Alola Route 17 West,30
20,Alola,Alola Route 8 Main,15
20,Alola,Ancient Poni Path Area,30
20,Alola,Malie City Outer Cape,20
20,Alola,Mount Lanakila Base,20
20,Alola,Poni Gauntlet Area,30
20,Alola,Poni Grove Area,30
20,Alola,Poni Plains Center,100
20,Alola,Poni Plains East,30
20,Alola,Poni Plains North,30
20,Alola,Poni Plains West,10
20,Alola,Poni Wilds Area,30
20,Alola,Tapu Village Area,30
20,Johto,Burned Tower (1F),5
20,Johto,Mount Mortar (1F),15
20,Johto,Mount Mortar (B1F),15
20,Johto,Mount Mortar (Lower Cave),40
20,Johto,Mount Mortar (Upper Cave),40
20,Johto,Road 38,100
20,Johto,Road 39,90
20,Johto,Road 42,40
20,Johto,Road 43,35
20,Johto,Road 47,5
20,Johto,Safari Zone Mountain,60
20,Johto,Safari Zone Plains,30
20,Johto,Tohjo Falls,30
20,Johto,Union Cave (B2F),30
20,Kanto,Pokemon Mansion (1F),100
20,Kanto,Pokemon Mansion (2F),100
20,Kanto,Pokemon Mansion (3F),100
20,Kanto,Pokemon Mansion (B1F),100
20,Kanto,Road 1,5
20,Kanto,Road 10,100
20,Kanto,Road 11,100
20,Kanto,Road 16,100
20,Kanto,Road 17,100
20,Kanto,Road 18,100
20,Kanto,Road 21,100
20,Kanto,Road 26,100
20,Kanto,Road 27,100
20,Kanto,Road 3,50
20,Kanto,Road 4,50
20,Kanto,Road 6,25
20,Kanto,Road 7,100
20,Kanto,Road 8,100
20,Kanto,Road 9,100
20,Sinnoh,Road 225,30
20,Sinnoh,Road 226,30
20,Unova,Dreamyard,20
20,Unova,Dreamyard (B1F),35
20,Unova,Relic Tunnel (Relic Castle entrance),10
20,Unova,Strange House (1F),15
20,Unova,Strange House (B1F),15
21,Alola,Alola Route 2 North,40
21,Alola,Alola Route 3 North,100
21,Alola,Alola Route 3 South,49
21,Johto,Azalea Town,100
21,Johto,Road 29,100
21,Johto,Road 30,100
21,Johto,Road 31,100
21,Johto,Road 32,100
21,Johto,Road 33,100
21,Johto,Road 42,100
21,Johto,Road 43,100
21,Johto,Road 44,100
21,Johto,Road 45,100
21,Johto,Road 46,100
21,Johto,Road 47,5
21,Johto,Safari Zone Wetland,60
21,Kalos,Friend Safari (Flying),33
21,Kanto,Canyon Entrance,20
21,Kanto,Cape Brink,20
21,Kanto,Kindle Road,25
21,Kanto,Mount Ember,15
21,Kanto,Road 10,100
21,Kanto,Road 11,35
21,Kanto,Road 16,40
21,Kanto,Road 17,40
21,Kanto,Road 18,40
21,Kanto,Road 22,100
21,Kanto,Road 23,100
21,Kanto,Road 3,100
21,Kanto,Road 4,100
21,Kanto,Road 7,60
21,Kanto,Road 9,100
21,Kanto,Ruin Valley,20
21,Kanto,Treasure Beach,30
21,Kanto,Water Path,20
21,Sinnoh,Road 225,5
21,Sinnoh,Road 226,5
22,Alola,Alola Route 10 Area,100
22,Alola,Alola Route 17 Northeast,30
22,Alola,Alola Route 17 West,35
22,Alola,Mount Hokulani Main,70
22,Alola,Mount Hokulani West,40
22,Alola,Poni Plains North,70
22,Alola,Poni Plains West,20
22,Johto,Road 42,10
22,Johto,Road 47,4
22,Johto,Road 48,10
22,Johto,Safari Zone Desert,30
22,Johto,Safari Zone Wasteland,30
22,Kanto,Canyon Entrance,15
22,Kanto,Cape Brink,10
22,Kanto,Kindle Road,10
22,Kanto,Mount Ember,25
22,Kanto,Road 10,100
22,Kanto,Road 16,85
22,Kanto,Road 17,80
22,Kanto,Road 18,85
22,Kanto,Road 22,100
22,Kanto,Road 23,100
22,Kanto,Road 3,100
22,Kanto,Road 4,100
22,Kanto,Road 9,100
22,Kanto,Ruin Valley,10
22,Kanto,Sevault Canyon,15
22,Kanto,Treasure Beach,20
22,Kanto,Water Path,15
22,Sinnoh,Road 225,60
22,Sinnoh,Road 226,60
22,Sinnoh,Road 227,30
22,Sinnoh,Stark Mountain exterior,30
22,Unova,Road 15,60
23,Alola,Alola Route 2 North,70
23,Alola,Alola Route 2 South,70
23,Johto,Azalea Town,30
23,Johto,Road 32,90
23,Johto,Road 33,90
23,Johto,Road 42,90
23,Johto,Safari Zone Marshland,40
23,Kalos,Road 14,5
23,Kanto,Road 10,25
23,Kanto,Road 11,40
23,Kanto,Road 23,20
23,Kanto,Road 26,30
23,Kanto,Road 27,30
23,Kanto,Road 3,100
23,Kanto,Road 4,100
23,Kanto,Road 8,20
23,Kanto,Road 9,25
23,Sinnoh,"Road 212 (east, towards Pastoria City)",8
24,Johto,Mount Silver (outside),40
24,Johto,Road 42,10
24,Johto,Safari Zone Marshland,20
24,Kalos,Road 19,5
24,Kanto,Cerulean Cave (1F),10
24,Kanto,Cerulean Cave (B1F),5
24,Kanto,Road 23,5
24,Kanto,Road 26,15
24,Kanto,Road 27,90
24,Kanto,Road 28,20
24,Kanto,Road 3,15
24,Kanto,Road 4,15
24,Kanto,Victory Road 2 (1F),5
24,Kanto,Victory Road 2 (2F),5
24,Kanto,Victory Road 2 (3F),5
24,Sinnoh,Great Marsh Area 1,8
24,Sinnoh,Great Marsh Area 2,8
24,Sinnoh,Great Marsh Area 3,8
24,Sinnoh,Great Marsh Area 4,8
24,Sinnoh,Great Marsh Area 5,8
24,Sinnoh,Great Marsh Area 6,8
25,Alola,Alola Route 1 East,15
25,Alola,Alola Route 1 West,15
25,Alola,Hauoli City Shopping District,15
25,Hoenn,Safari Zone (SE),5
25,Hoenn,Safari Zone (SW),5
25,Kalos,Friend Safari (Electric),33
25,Kalos,Road 3,5
25,Kalos,Santalune Forest,6
25,Kanto,Power Plant,25
25,Kanto,"Road 2 (south, towards Viridian City)",15
25,Kanto,Viridian Forest,100
25,Sinnoh,Trophy Garden,10
26,Kanto,Cerulean Cave (1F),4
26,Kanto,Cerulean Cave (B1F),10
26,Kanto,Power Plant,5
27,Alola,Alola Route 14 Area,10
27,Alola,Mount Lanakila Base,30
27,Alola,Mount Lanakila Outside,30
27,Alola,Tapu Village Area,10
27,Hoenn,Mirage Tower,50
27,Hoenn,Road 111,100
27,Hoenn,Road 113,25
27,Johto,Safari Zone Desert,100
27,Johto,Union Cave (1F),60
27,Johto,Union Cave (B1F),30
27,Kalos,Friend Safari (Ground),33
27,Kanto,Mount Moon (1F),40
27,Kanto,Mount Moon (2F),20
27,Kanto,Road 10,25
27,Kanto,Road 11,40
27,Kanto,Road 23,20
27,Kanto,Road 3,100
27,Kanto,Road 4,100
27,Kanto,Road 8,20
27,Kanto,Road 9,25
27,Sinnoh,Wayward Cave (1F),8
27,Sinnoh,Wayward Cave (B1F),8
27,Unova,Desert Resort,15
27,Unova,Desert Resort (entrance),10
27,Unova,Relic Castle (A),20
28,Johto,Safari Zone Desert,90
28,Kalos,Road 18,30
28,Kalos,Terminus Cave (unknown area 343),20
28,Kalos,Terminus Cave (unknown area 344),20
28,Kalos,Terminus Cave (unknown area 345),20
28,Kalos,Terminus Cave (unknown area 347),20
28,Kalos,Terminus Cave (unknown area 348),20
28,Kanto,Cerulean Cave (1F),10
28,Kanto,Cerulean Cave (2F),10
28,Kanto,Cerulean Cave (B1F),5
28,Kanto,Mount Moon (1F),5
28,Kanto,Mount Moon (2F),5
28,Kanto,Road 23,5
28,Kanto,Road 26,90
28,Kanto,Road 27,15
28,Kanto,Victory Road 1 (1F),10
28,Kanto,Victory Road 1 (2F),10
28,Kanto,Victory Road 1 (3F),10
28,Kanto,Victory Road 2 (1F),5
28,Kanto,Victory Road 2 (2F),5
28,Kanto,Victory Road 2 (3F),5
28,Sinnoh,Road 228,8
28,Unova,Relic Castle (C),30
28,Unova,Road 15,60
29,Johto,National Park,60
29,Johto,Road 35,100
29,Johto,Road 36,90
29,Johto,Safari Zone Savannah,100
29,Kalos,Road 11,60
29,Kanto,Road 10,100
29,Kanto,"Road 2 (south, towards Viridian City)",15
29,Kanto,Road 22,100
29,Kanto,Road 23,100
29,Kanto,Road 3,14
29,Kanto,Road 9,100
29,Kanto,"Safari Zone (Area 1, east)",20
29,Kanto,"Safari Zone (Area 2, north)",20
29,Kanto,"Safari Zone (Area 3, west)",20
29,Kanto,Safari Zone (middle),20
29,Sinnoh,Road 201,20
29,Unova, Route 2 (Hidden Grotto),10
30,Johto,Safari Zone Savannah,30
30,Kalos,Road 11,5
30,Kanto,Road 10,100
30,Kanto,Road 13,90
30,Kanto,Road 14,90
30,Kanto,Road 15,90
30,Kanto,Road 23,100
30,Kanto,Road 9,100
30,Kanto,"Safari Zone (Area 1, east)",10
30,Kanto,"Safari Zone (Area 2, north)",10
30,Kanto,"Safari Zone (Area 3, west)",10
30,Kanto,Safari Zone (middle),10
30,Sinnoh,Road 221,20
30,Sinnoh,Valor Lakefront,20
31,Kanto,Road 23,100
32,Johto,National Park,60
32,Johto,Road 35,100
32,Johto,Road 36,90
32,Kalos,Road 11,60
32,Kanto,Road 10,100
32,Kanto,"Road 2 (south, towards Viridian City)",15
32,Kanto,Road 22,100
32,Kanto,Road 23,100
32,Kanto,Road 3,14
32,Kanto,Road 9,100
32,Kanto,"Safari Zone (Area 1, east)",20
32,Kanto,"Safari Zone (Area 2, north)",20
32,Kanto,"Safari Zone (Area 3, west)",20
32,Kanto,Safari Zone (middle),20
32,Sinnoh,Road 201,20
32,Unova, Route 2 (Hidden Grotto),10
33,Johto,Safari Zone Savannah,30
33,Kalos,Road 11,10
33,Kanto,Road 10,100
33,Kanto,Road 13,90
33,Kanto,Road 14,90
33,Kanto,Road 15,90
33,Kanto,Road 23,100
33,Kanto,Road 9,100
33,Kanto,"Safari Zone (Area 1, east)",10
33,Kanto,"Safari Zone (Area 2, north)",10
33,Kanto,"Safari Zone (Area 3, west)",10
33,Kanto,Safari Zone (middle),10
33,Sinnoh,Road 221,20
33,Sinnoh,Valor Lakefront,20
34,Kanto,Road 23,100
35,Alola,Mount Hokulani East,15
35,Alola,Mount Hokulani Main,15
35,Alola,Mount Hokulani West,15
35,Johto,Safari Zone Meadow,10
35,Kalos,Friend Safari (Fairy),33
35,Kanto,Mount Moon (1F),100
35,Kanto,Mount Moon (2F),5
35,Kanto,Mount Moon (B1F),100
35,Kanto,Mount Moon (B2F),100
35,Kanto,Road 3,5
35,Kanto,Road 4,5
35,Sinnoh,Mount Coronet (1F Road 207),20
35,Sinnoh,Mount Coronet (1F Road 216),20
35,Sinnoh,Mount Coronet (1F from exterior),27
35,Sinnoh,Mount Coronet (2F),27
35,Sinnoh,Mount Coronet (3F),27
35,Sinnoh,Mount Coronet (4F small room),27
35,Sinnoh,Mount Coronet (4F),27
35,Sinnoh,Mount Coronet (5F),27
35,Sinnoh,Mount Coronet (6F),27
35,Sinnoh,Mount Coronet (B1F),20
35,Sinnoh,Mount Coronet (exterior blizzard),17
35,Sinnoh,Mount Coronet (exterior snowfall),17
35,Unova,Giant Chasm,15
35,Unova,Giant Chasm (Hidden Grotto),75
35,Unova,Giant Chasm (forest cave),40
35,Unova,Giant Chasm (forest),60
35,Unova,Giant Chasm (outside),30
36,Kanto,Mount Moon (B2F),100
36,Unova,Giant Chasm (forest cave),5
36,Unova,Giant Chasm (forest),5
36,Unova,Giant Chasm (outside),5
37,Alola,Alola Route 14 Area,10
37,Alola,Mount Lanakila Base,30
37,Alola,Mount Lanakila Outside,30
37,Alola,Tapu Village Area,10
37,Hoenn,Mirage Forest (North of Route 124),10
37,Hoenn,Mount Pyre (outside),30
37,Hoenn,Mount Pyre (summit),5
37,Johto,Road 36,35
37,Johto,Road 37,35
37,Johto,Road 48,29
37,Kanto,Pokemon Mansion (1F),15
37,Kanto,Pokemon Mansion (2F),20
37,Kanto,Pokemon Mansion (3F),20
37,Kanto,Pokemon Mansion (B1F),15
37,Kanto,Road 5,100
37,Kanto,Road 6,100
37,Kanto,Road 7,100
37,Kanto,Road 8,100
37,Sinnoh,Road 209,8
37,Sinnoh,Road 214,8
37,Unova,Abundant Shrine,40
37,Unova,Abundant Shrine (Hidden Grotto – Near Youngster),5
38,Kalos,Friend Safari (Fire),33
38,Kanto,Road 7,100
38,Kanto,Road 8,100
38,Unova,Abundant Shrine,5
39,Alola,Alola Route 4 Area,15
39,Alola,Alola Route 6 North,15
39,Alola,Alola Route 6 South,15
39,Hoenn,Road 115,10
39,Johto,Road 34,15
39,Johto,Road 35,15
39,Johto,Road 46,15
39,Johto,Safari Zone Meadow,100
39,Johto,Safari Zone Swamp,60
39,Kalos,Friend Safari (Fairy),33
39,Kalos,Pokemon Village,30
39,Kalos,Road 20,30
39,Kanto,Road 3,30
39,Kanto,Road 4,30
39,Kanto,Road 5,100
39,Kanto,Road 6,100
39,Kanto,Road 7,100
39,Kanto,Road 8,100
39,Unova,Dreamyard,20
39,Unova,Dreamyard (B1F),10
39,Unova,Road 1,20
39,Unova,Road 14,40
39,Unova,Road 2,10
40,Kanto,Cerulean Cave (2F),5
40,Unova,Dreamyard,5
40,Unova,Road 1,5
40,Unova,Road 14,5
40,Unova,Road 2,5
41,Alola,Digletts Tunnel Area,70
41,Alola,Hauoli Cemetery Area,20
41,Alola,Lush Jungle East Cave,70
41,Alola,Memorial Hill Area,20
41,Alola,Sandy Cave Area,70
41,Alola,Seaward Cave Area,100
41,Alola,Ten Carat Hill Inside,30
41,Alola,Verdant Cavern Trial Site,70
41,Hoenn,Altering Cave,100
41,Hoenn,Cave of Origin (1F),100
41,Hoenn,Cave of Origin (B1F),100
41,Hoenn,Cave of Origin (B2F),100
41,Hoenn,Cave of Origin (B3F),100
41,Hoenn,Cave of Origin (entrance),100
41,Hoenn,Granite Cave (1F),60
41,Hoenn,Granite Cave (1F/small room),30
41,Hoenn,Granite Cave (B1F),60
41,Hoenn,Granite Cave (B2F),60
41,Hoenn,Meteor Falls,100
41,Hoenn,Meteor Falls (B1F),100
41,Hoenn,Meteor Falls (back),100
41,Hoenn,Meteor Falls (back/small room),95
41,Hoenn,Scorched Slab (B1F),100
41,Hoenn,Scorched Slab (B2F),100
41,Hoenn,Scorched Slab (B3F),100
41,Hoenn,Seafloor Cavern,100
41,Hoenn,Shoal Cave,75
41,Hoenn,Shoal Cave (B1F),60
41,Hoenn,Shoal Cave B2F,60
41,Hoenn,Shoal Cave B3F,60
41,Hoenn,Shoal Cave Low Tide,60
41,Hoenn,Victory Road (1F),60
41,Hoenn,Victory Road (B1F),60
41,Johto,Burned Tower (1F),10
41,Johto,Burned Tower (B1F),15
41,Johto,Dark Cave (Blackthorn City entrance),90
41,Johto,Dark Cave (Violet City entrance),100
41,Johto,Ice Path (1F),70
41,Johto,Ice Path (B1F),70
41,Johto,Ice Path (B2F),70
41,Johto,Ice Path (B3F),70
41,Johto,Ilex Forest,35
41,Johto,Mount Mortar (1F),90
41,Johto,Mount Mortar (B1F),100
41,Johto,Mount Mortar (Lower Cave),20
41,Johto,Road 30,5
41,Johto,Road 31,5
41,Johto,Road 32,10
41,Johto,Road 33,45
41,Johto,Road 42,40
41,Johto,Road 47 (inside cave),5
41,Johto,Safari Zone Mountain,30
41,Johto,Safari Zone Rocky Beach,30
41,Johto,Safari Zone Savannah,30
41,Johto,Slowpoke Well (1F),85
41,Johto,Slowpoke Well (B1F),80
41,Johto,Tohjo Falls,30
41,Johto,Union Cave (1F),55
41,Johto,Union Cave (B1F),100
41,Johto,Union Cave (B2F),100
41,Johto,Whirl Islands (1F),90
41,Johto,Whirl Islands (B1F),90
41,Johto,Whirl Islands (B2F),90
41,Johto,Whirl Islands (B3F),90
41,Kalos,Connecting Cave,65
41,Kanto,Altering Cave (A),100
41,Kanto,Cerulean Cave (1F),100
41,Kanto,Cerulean Cave (2F),100
41,Kanto,Cerulean Cave (B1F),100
41,Kanto,Digletts Cave,100
41,Kanto,Icefall Cave (1F),10
41,Kanto,Icefall Cave (B1F),10
41,Kanto,Icefall Cave (entrance),10
41,Kanto,Icefall Cave (waterfall),10
41,Kanto,Lost Cave (item rooms),20
41,Kanto,Lost Cave (room 1),20
41,Kanto,Lost Cave (room 10),20
41,Kanto,Lost Cave (room 2),20
41,Kanto,Lost Cave (room 3),20
41,Kanto,Lost Cave (room 4),20
41,Kanto,Lost Cave (room 5),20
41,Kanto,Lost Cave (room 6),20
41,Kanto,Lost Cave (room 7),20
41,Kanto,Lost Cave (room 8),20
41,Kanto,Lost Cave (room 9),20
41,Kanto,Mount Moon (1F),100
41,Kanto,Mount Moon (2F),50
41,Kanto,Mount Moon (B1F),100
41,Kanto,Mount Moon (B2F),100
41,Kanto,Pokemon Tower (3F),100
41,Kanto,Pokemon Tower (4F),100
41,Kanto,Pokemon Tower (5F),100
41,Kanto,Pokemon Tower (6F),100
41,Kanto,Road 10,5
41,Kanto,Road 3,30
41,Kanto,Road 4,30
41,Kanto,Road 9,5
41,Kanto,Rock Tunnel (1F),100
41,Kanto,Rock Tunnel (B1F),100
41,Kanto,Rock Tunnel (B2F),50
41,Kanto,Seafoam Islands (1F),100
41,Kanto,Seafoam Islands (B1F),100
41,Kanto,Seafoam Islands (B2F),100
41,Kanto,Seafoam Islands (B3F),100
41,Kanto,Seafoam Islands (B4F),100
41,Kanto,Victory Road 1 (1F),100
41,Kanto,Victory Road 1 (2F),100
41,Kanto,Victory Road 1 (3F),100
41,Kanto,Victory Road 2 (1F),20
41,Kanto,Victory Road 2 (2F),15
41,Kanto,Victory Road 2 (3F),15
41,Sinnoh,Acuity Lakefront,10
41,Sinnoh,Iron Island (1F),10
41,Sinnoh,Lost Tower (1F),60
41,Sinnoh,Lost Tower (2F),60
41,Sinnoh,Lost Tower (3F),59
41,Sinnoh,Lost Tower (4F),55
41,Sinnoh,Lost Tower (5F),50
41,Sinnoh,Mount Coronet (1F Road 207),100
41,Sinnoh,Mount Coronet (1F Road 211),30
41,Sinnoh,Mount Coronet (4F),90
41,Sinnoh,Mount Coronet (B1F),90
41,Sinnoh,Oreburgh Gate (1F),50
41,Sinnoh,Oreburgh Gate (B1F),100
41,Sinnoh,Oreburgh mine (1F),25
41,Sinnoh,Oreburgh mine (B1F),25
41,Sinnoh,Ravaged Path,100
41,Sinnoh,Road 203,10
41,Sinnoh,"Road 204 (north, towards Floaroma Town)",10
41,Sinnoh,"Road 204 (south, towards Jubilife City)",10
41,Sinnoh,Road 206,10
41,Sinnoh,Road 207,10
41,Sinnoh,Road 208,20
41,Sinnoh,Road 209,10
41,Sinnoh,"Road 211 (east, towards Celestic Town)",10
41,Sinnoh,"Road 211 (west, towards Eterna City)",10
41,Sinnoh,Road 214,10
41,Sinnoh,Road 216,10
41,Sinnoh,Road 217,10
41,Sinnoh,Wayward Cave (1F),61
41,Sinnoh,Wayward Cave (B1F),51
41,Unova,Castelia Sewers,45
41,Unova,Castelia Sewers (unknown area 38),45
42,Alola,Digletts Tunnel Area,15
42,Alola,Lush Jungle East Cave,39
42,Alola,Memorial Hill Area,15
42,Alola,Mount Lanakila Cave,30
42,Alola,Resolution Cave Area,70
42,Alola,Thrifty Megamart Abandoned Site,40
42,Alola,Vast Poni Canyon Inside,30
42,Alola,Vast Poni Canyon Northwest,100
42,Hoenn,Cave of Origin (1F),10
42,Hoenn,Cave of Origin (B1F),10
42,Hoenn,Cave of Origin (B2F),10
42,Hoenn,Cave of Origin (B3F),10
42,Hoenn,Cave of Origin (entrance),10
42,Hoenn,Meteor Falls (B1F),100
42,Hoenn,Meteor Falls (back),100
42,Hoenn,Meteor Falls (back/small room),100
42,Hoenn,Seafloor Cavern,15
42,Hoenn,Shoal Cave,5
42,Hoenn,Shoal Cave (B1F),5
42,Hoenn,Shoal Cave B2F,5
42,Hoenn,Shoal Cave B3F,5
42,Hoenn,Shoal Cave Low Tide,5
42,Hoenn,Sky Pillar (1F),60
42,Hoenn,Sky Pillar (3F),60
42,Hoenn,Sky Pillar (5F),60
42,Hoenn,Victory Road (1F),25
42,Hoenn,Victory Road (B1F),35
42,Hoenn,Victory Road (B2F),100
42,Johto,Dark Cave (Blackthorn City entrance),15
42,Johto,Ice Path (1F),100
42,Johto,Ice Path (B1F),100
42,Johto,Ice Path (B2F),100
42,Johto,Ice Path (B3F),100
42,Johto,Mount Mortar (1F),30
42,Johto,Mount Mortar (B1F),60
42,Johto,Mount Mortar (Lower Cave),15
42,Johto,Mount Mortar (Upper Cave),25
42,Johto,Mount Silver (1F top),5
42,Johto,Mount Silver (1F),20
42,Johto,Mount Silver (2F),80
42,Johto,Mount Silver (3F),5
42,Johto,Mount Silver (4F),5
42,Johto,Mount Silver (mountainside),40
42,Johto,Mount Silver (outside),30
42,Johto,Mount Silver (top),100
42,Johto,Road 42,15
42,Johto,Road 47 (inside cave),24
42,Johto,Safari Zone Mountain,30
42,Johto,Safari Zone Savannah,10
42,Johto,Slowpoke Well (B1F),5
42,Johto,Tohjo Falls,20
42,Johto,Union Cave (B2F),90
42,Johto,Whirl Islands (1F),15
42,Johto,Whirl Islands (B1F),20
42,Johto,Whirl Islands (B2F),20
42,Johto,Whirl Islands (B3F),20
42,Kanto,Cerulean Cave (1F),100
42,Kanto,Cerulean Cave (2F),100
42,Kanto,Cerulean Cave (B1F),100
42,Kanto,Icefall Cave (1F),25
42,Kanto,Icefall Cave (B1F),25
42,Kanto,Icefall Cave (entrance),25
42,Kanto,Icefall Cave (waterfall),25
42,Kanto,Lost Cave (item rooms),10
42,Kanto,Lost Cave (room 1),20
42,Kanto,Lost Cave (room 10),20
42,Kanto,Lost Cave (room 2),20
42,Kanto,Lost Cave (room 3),20
42,Kanto,Lost Cave (room 4),20
42,Kanto,Lost Cave (room 5),20
42,Kanto,Lost Cave (room 6),20
42,Kanto,Lost Cave (room 7),20
42,Kanto,Lost Cave (room 8),20
42,Kanto,Lost Cave (room 9),20
42,Kanto,Pokemon Tower (3F),100
42,Kanto,Pokemon Tower (4F),100
42,Kanto,Pokemon Tower (5F),100
42,Kanto,Pokemon Tower (6F),100
42,Kanto,Road 28,30
42,Kanto,Rock Tunnel (1F),100
42,Kanto,Rock Tunnel (B1F),100
42,Kanto,Seafoam Islands (1F),100
42,Kanto,Seafoam Islands (B1F),100
42,Kanto,Seafoam Islands (B2F),100
42,Kanto,Seafoam Islands (B3F),100
42,Kanto,Seafoam Islands (B4F),100
42,Kanto,Victory Road 1 (1F),100
42,Kanto,Victory Road 1 (2F),100
42,Kanto,Victory Road 1 (3F),100
42,Kanto,Victory Road 2 (1F),5
42,Kanto,Victory Road 2 (2F),10
42,Kanto,Victory Road 2 (3F),20
42,Sinnoh,Iron Island (1F),10
42,Sinnoh,Iron Island (B1F left),20
42,Sinnoh,Iron Island (B1F right),20
42,Sinnoh,Iron Island (B2F left),20
42,Sinnoh,Iron Island (B2F right),20
42,Sinnoh,Iron Island (B3F),20
42,Sinnoh,Lost Tower (3F),1
42,Sinnoh,Lost Tower (4F),5
42,Sinnoh,Lost Tower (5F),10
42,Sinnoh,Mount Coronet (1F Road 207),10
42,Sinnoh,Mount Coronet (1F Road 216),20
42,Sinnoh,Mount Coronet (1F from exterior),27
42,Sinnoh,Mount Coronet (2F),27
42,Sinnoh,Mount Coronet (3F),26
42,Sinnoh,Mount Coronet (4F small room),27
42,Sinnoh,Mount Coronet (4F),37
42,Sinnoh,Mount Coronet (5F),27
42,Sinnoh,Mount Coronet (6F),27
42,Sinnoh,Mount Coronet (B1F),30
42,Sinnoh,Mount Coronet (exterior blizzard),10
42,Sinnoh,Mount Coronet (exterior snowfall),10
42,Sinnoh,Oreburgh Gate (B1F),10
42,Sinnoh,Ravaged Path,5
42,Sinnoh,Road 227,10
42,Sinnoh,Sendoff Spring,10
42,Sinnoh,Snowpoint Temple (1F),80
42,Sinnoh,Snowpoint Temple (B1F),80
42,Sinnoh,Snowpoint Temple (B2F),80
42,Sinnoh,Snowpoint Temple (B3F),80
42,Sinnoh,Snowpoint Temple (B4F),80
42,Sinnoh,Snowpoint Temple (B5F),80
42,Sinnoh,Stark Mountain entrance,20
42,Sinnoh,Stark Mountain exterior,10
42,Sinnoh,Stark Mountain main cavern,10
42,Sinnoh,Turnback Cave (after pillar 3),30
42,Sinnoh,Turnback Cave (before pillar 1),30
42,Sinnoh,Turnback Cave (between pillars 1 and 2),30
42,Sinnoh,Turnback Cave (between pillars 2 and 3),30
42,Sinnoh,Turnback Cave (pillar 1),30
42,Sinnoh,Turnback Cave (pillar 2),30
42,Sinnoh,Turnback Cave (pillar 3),30
42,Sinnoh,Victory Road (1F),20
42,Sinnoh,Victory Road (2F),20
42,Sinnoh,Victory Road (B1F),100
42,Sinnoh,Victory Road (inside B1F),100
42,Sinnoh,Victory Road (inside exit),20
42,Sinnoh,Victory Road (inside),20
42,Unova,Celestial Tower (3F),5
42,Unova,Celestial Tower (4F),10
42,Unova,Celestial Tower (5F),20
42,Unova,Dreamyard,20
42,Unova,Dreamyard (B1F),25
42,Unova,Giant Chasm,20
42,Unova,Giant Chasm (forest cave),20
42,Unova,Giant Chasm (outside),30
42,Unova,Road 13,30
42,Unova,Strange House (1F),15
42,Unova,Strange House (B1F),15
43,Hoenn,Road 110,10
43,Hoenn,Road 117,60
43,Hoenn,Road 119,100
43,Hoenn,Road 120,60
43,Hoenn,Road 121,15
43,Hoenn,Road 123,15
43,Hoenn,Safari Zone (NE/acro bike area),35
43,Hoenn,Safari Zone (NW/mach bike area),35
43,Hoenn,Safari Zone (SE),40
43,Hoenn,Safari Zone (SW),40
43,Johto,Ilex Forest,60
43,Johto,Safari Zone Marshland,20
43,Kalos,Friend Safari (Grass),33
43,Kalos,Road 6,30
43,Kanto,Berry Forest,10
43,Kanto,Bond Bridge,20
43,Kanto,Cape Brink,30
43,Kanto,Road 1,100
43,Kanto,Road 12,100
43,Kanto,Road 13,100
43,Kanto,Road 14,100
43,Kanto,Road 15,100
43,Kanto,"Road 2 (north, towards Pewter City)",100
43,Kanto,"Road 2 (south, towards Viridian City)",100
43,Kanto,Road 21,100
43,Kanto,Road 24,100
43,Kanto,Road 25,100
43,Kanto,Road 5,60
43,Kanto,Road 6,60
43,Kanto,Road 7,30
43,Kanto,Viridian Forest,100
43,Kanto,Water Path,10
43,Sinnoh,Road 224,20
43,Sinnoh,Road 229,13
43,Sinnoh,Road 230,20
44,Hoenn,Road 121,5
44,Hoenn,Road 123,5
44,Hoenn,Safari Zone (NE/acro bike area),15
44,Hoenn,Safari Zone (NW/mach bike area),15
44,Hoenn,Safari Zone (SE),5
44,Hoenn,Safari Zone (SW),5
44,Johto,Road 47,5
44,Johto,Road 48,20
44,Johto,Safari Zone Marshland,20
44,Kalos,Friend Safari (Poison),33
44,Kanto,Berry Forest,20
44,Kanto,Bond Bridge,10
44,Kanto,Cape Brink,15
44,Kanto,Cerulean Cave (1F),10
44,Kanto,Cerulean Cave (2F),5
44,Kanto,Road 12,100
44,Kanto,Road 13,100
44,Kanto,Road 14,100
44,Kanto,Road 15,100
44,Kanto,Road 21,100
44,Kanto,Road 24,5
44,Kanto,Road 5,10
44,Kanto,Water Path,5
44,Sinnoh,Road 224,5
44,Sinnoh,Road 229,30
44,Sinnoh,Road 230,20
45,Kanto,Road 21,100
46,Alola,Alola Route 11 Area,10
46,Alola,Brooklet Hill North,20
46,Alola,Brooklet Hill South,20
46,Alola,Lush Jungle North,30
46,Alola,Lush Jungle South,20
46,Alola,Lush Jungle West,10
46,Johto,Ilex Forest,35
46,Johto,Safari Zone Swamp,60
46,Kalos,Friend Safari (Bug),33
46,Kanto,Mount Moon (1F),100
46,Kanto,Mount Moon (2F),10
46,Kanto,Mount Moon (B1F),100
46,Kanto,Mount Moon (B2F),100
46,Kanto,"Safari Zone (Area 1, east)",15
46,Kanto,"Safari Zone (Area 2, north)",15
46,Kanto,Safari Zone (middle),5
46,Sinnoh,Great Marsh Area 1,10
46,Sinnoh,Great Marsh Area 2,10
46,Sinnoh,Great Marsh Area 3,10
46,Sinnoh,Great Marsh Area 4,10
46,Sinnoh,Great Marsh Area 5,10
46,Sinnoh,Great Marsh Area 6,10
47,Alola,Alola Route 11 Area,10
47,Johto,Mount Silver (2F),45
47,Kanto,Cerulean Cave (1F),50
47,Kanto,Cerulean Cave (2F),20
47,Kanto,Cerulean Cave (B1F),25
47,Kanto,"Safari Zone (Area 1, east)",5
47,Kanto,Safari Zone (middle),15
48,Johto,Ilex Forest,30
48,Johto,Lake of Rage,30
48,Johto,National Park,10
48,Johto,Road 43,70
48,Kanto,Berry Forest,10
48,Kanto,Bond Bridge,5
48,Kanto,Road 10,30
48,Kanto,Road 12,30
48,Kanto,Road 13,30
48,Kanto,Road 14,100
48,Kanto,Road 15,100
48,Kanto,Road 24,100
48,Kanto,Road 25,100
48,Kanto,Road 9,30
48,Kanto,"Safari Zone (Area 3, west)",15
48,Kanto,Safari Zone (middle),15
48,Sinnoh,Road 229,2
48,Unova,Unova Route 3 (Hidden Grotto – Pond),20
49,Hoenn,Mirage Island (Route 124),30
49,Hoenn,Mirage Island (South of Route 134),30
49,Hoenn,Mirage Island (West Of Dewford Town),10
49,Hoenn,Mirage Island (West Of Route 104),30
49,Johto,Road 43,5
49,Kalos,Friend Safari (Bug),33
49,Kalos,Friend Safari (Poison),33
49,Kanto,Berry Forest,5
49,Kanto,Cerulean Cave (1F),10
49,Kanto,Cerulean Cave (2F),20
49,Kanto,Road 10,10
49,Kanto,Road 13,10
49,Kanto,Road 14,100
49,Kanto,Road 15,100
49,Kanto,Road 24,5
49,Kanto,Road 25,20
49,Kanto,Road 9,10
49,Kanto,"Safari Zone (Area 2, north)",5
49,Kanto,"Safari Zone (Area 3, west)",5
49,Kanto,Victory Road 2 (3F),10
49,Sinnoh,Road 229,20
49,Unova,Dreamyard,10
50,Alola,Alola Route 5 Area,100
50,Alola,Alola Route 7 Area,100
50,Alola,Digletts Tunnel Area,100
50,Alola,Lush Jungle East Cave,30
50,Alola,Seaward Cave Area,30
50,Alola,Ten Carat Hill Inside,20
50,Alola,Verdant Cavern Trial Site,35
50,Johto,Road 48,4
50,Kanto,Digletts Cave,100
50,Kanto,Vermilion City,90
50,Sinnoh,Road 228,21
51,Alola,Haina Desert Area,50
51,Alola,Lush Jungle East Cave,30
51,Alola,Poni Coast Area,100
51,Alola,Resolution Cave Area,30
51,Alola,Vast Poni Canyon Inside,100
51,Alola,Vast Poni Canyon Northwest,20
51,Kalos,Friend Safari (Ground),33
51,Kalos,Road 13,40
51,Kanto,Digletts Cave,100
51,Sinnoh,Road 228,30
52,Alola,Alola Route 1 Hauoli Outskirts,30
52,Alola,Alola Route 1 Trainers School,50
52,Alola,Alola Route 2 South,30
52,Alola,Hauoli City Shopping District,10
52,Alola,Malie Garden Area,20
52,Johto,Road 35,20
52,Johto,Road 38,70
52,Johto,Road 39,70
52,Kanto,Bond Bridge,10
52,Kanto,Canyon Entrance,10
52,Kanto,Cape Brink,10
52,Kanto,Five Isle Meadow,10
52,Kanto,Kindle Road,10
52,Kanto,Road 11,30
52,Kanto,Road 24,100
52,Kanto,Road 25,100
52,Kanto,Road 5,70
52,Kanto,Road 6,70
52,Kanto,Road 7,90
52,Kanto,Road 8,90
52,Kanto,Ruin Valley,10
52,Kanto,Sevault Canyon,10
52,Kanto,Treasure Beach,10
52,Kanto,Water Path,10
53,Alola,Malie Garden Area,15
53,Hoenn,Mirage Island (Route 124),10
53,Kanto,Bond Bridge,5
53,Kanto,Canyon Entrance,5
53,Kanto,Cape Brink,5
53,Kanto,Cerulean Cave (1F),24
53,Kanto,Five Isle Meadow,5
53,Kanto,Kindle Road,5
53,Kanto,Road 7,15
53,Kanto,Ruin Valley,5
53,Kanto,Sevault Canyon,5
53,Kanto,Treasure Beach,5
53,Kanto,Water Path,5
54,Alola,Brooklet Hill North,50
54,Alola,Brooklet Hill South,50
54,Alola,Malie Garden Area,10
54,Alola,Sandy Cave Area,30
54,Alola,Seaward Cave Area,35
54,Alola,Ten Carat Hill Inside,10
54,Hoenn,Safari Zone (NE/acro bike area),5
54,Hoenn,Safari Zone (NW/mach bike area),95
54,Hoenn,Safari Zone (SE),5
54,Hoenn,Safari Zone (SW),100
54,Johto,Ilex Forest,100
54,Johto,National Park,30
54,Johto,Road 35,90
54,Johto,Safari Zone Wetland,40
54,Kalos,Road 22,100
54,Kalos,Road 7,35
54,Kanto,Berry Forest,100
54,Kanto,Bond Bridge,6
54,Kanto,Canyon Entrance,5
54,Kanto,Cape Brink,100
54,Kanto,Celadon City,99
54,Kanto,Cerulean Cave (1F),100
54,Kanto,Cerulean Cave (2F),90
54,Kanto,Cerulean Cave (B1F),100
54,Kanto,Cerulean City,33
54,Kanto,Cinnabar Island,1
54,Kanto,Five Island,1
54,Kanto,Five Isle Meadow,6
54,Kanto,Four Island,35
54,Kanto,Fuchsia City,100
54,Kanto,Green Path,1
54,Kanto,Icefall Cave (entrance),40
54,Kanto,Icefall Cave (waterfall),6
54,Kanto,Kindle Road,6
54,Kanto,Memorial Pillar,1
54,Kanto,One Island,1
54,Kanto,Outcast Island,1
54,Kanto,Pallet Town,1
54,Kanto,Resort Gorgeous,1
54,Kanto,Road 10,1
54,Kanto,Road 11,1
54,Kanto,Road 12,1
54,Kanto,Road 13,1
54,Kanto,Road 17,100
54,Kanto,Road 19,1
54,Kanto,Road 20,1
54,Kanto,Road 21,1
54,Kanto,Road 22,100
54,Kanto,Road 23,100
54,Kanto,Road 24,100
54,Kanto,Road 25,100
54,Kanto,Road 4,100
54,Kanto,Road 6,100
54,Kanto,Ruin Valley,10
54,Kanto,S.S. Anne,1
54,Kanto,"Safari Zone (Area 1, east)",100
54,Kanto,"Safari Zone (Area 2, north)",100
54,Kanto,"Safari Zone (Area 3, west)",100
54,Kanto,Safari Zone (middle),100
54,Kanto,Seafoam Islands (1F),55
54,Kanto,Seafoam Islands (B1F),40
54,Kanto,Seafoam Islands (B2F),40
54,Kanto,Seafoam Islands (B3F),35
54,Kanto,Seafoam Islands (B4F),40
54,Kanto,Tanoby Ruins,1
54,Kanto,Trainer Tower,1
54,Kanto,Treasure Beach,6
54,Kanto,Vermilion City,1
54,Kanto,Viridian City,100
54,Kanto,Water Labyrinth,1
54,Kanto,Water Path,6
54,Sinnoh,Celestic Town,90
54,Sinnoh,Eterna City,90
54,Sinnoh,Great Marsh Area 1,45
54,Sinnoh,Great Marsh Area 2,45
54,Sinnoh,Great Marsh Area 3,45
54,Sinnoh,Great Marsh Area 4,45
54,Sinnoh,Great Marsh Area 6,45
54,Sinnoh,Lake Acuity,100
54,Sinnoh,Lake Valor,100
54,Sinnoh,Lake Verity (after Galactic intervention),90
54,Sinnoh,Lake Verity (before Galactic intervention),90
54,Sinnoh,Oreburgh Gate (1F),35
54,Sinnoh,Oreburgh Gate (B1F),95
54,Sinnoh,Ravaged Path,95
54,Sinnoh,Resort Area,10
54,Sinnoh,Road 203,90
54,Sinnoh,"Road 204 (north, towards Floaroma Town)",90
54,Sinnoh,"Road 204 (south, towards Jubilife City)",90
54,Sinnoh,"Road 205 (east, towards Eterna City)",90
54,Sinnoh,Road 208,100
54,Sinnoh,Road 209,90
54,Sinnoh,"Road 210 (west, towards Celestic Town)",100
54,Sinnoh,"Road 212 (north, towards Hearthome City)",90
54,Sinnoh,Road 214,90
54,Sinnoh,Road 225,10
54,Sinnoh,Twinleaf Town,90
54,Unova,Floccesy Ranch (inner),10
55,Alola,Poni Gauntlet Area,15
55,Alola,Vast Poni Canyon Northwest,20
55,Hoenn,Safari Zone (NW/mach bike area),5
55,Johto,Ilex Forest,10
55,Johto,Mount Silver (1F top),10
55,Johto,Mount Silver (2F),90
55,Johto,Mount Silver (3F),20
55,Johto,Mount Silver (4F),30
55,Johto,Mount Silver (mountainside),5
55,Johto,Mount Silver (top),40
55,Johto,Road 35,10
55,Johto,Safari Zone Wetland,20
55,Kanto,Berry Forest,5
55,Kanto,Cape Brink,10
55,Kanto,Cerulean Cave (1F),100
55,Kanto,Cerulean Cave (2F),10
55,Kanto,Cerulean Cave (B1F),100
55,Kanto,Road 6,10
55,Kanto,Seafoam Islands (1F),10
55,Kanto,Seafoam Islands (B1F),14
55,Kanto,Seafoam Islands (B2F),14
55,Kanto,Seafoam Islands (B3F),16
55,Kanto,Seafoam Islands (B4F),16
55,Sinnoh,Celestic Town,10
55,Sinnoh,Eterna City,10
55,Sinnoh,Great Marsh Area 1,10
55,Sinnoh,Great Marsh Area 2,10
55,Sinnoh,Great Marsh Area 3,10
55,Sinnoh,Great Marsh Area 4,10
55,Sinnoh,Great Marsh Area 5,10
55,Sinnoh,Great Marsh Area 6,10
55,Sinnoh,Lake Acuity,25
55,Sinnoh,Lake Valor,25
55,Sinnoh,Lake Verity (after Galactic intervention),10
55,Sinnoh,Lake Verity (before Galactic intervention),10
55,Sinnoh,Oreburgh Gate (B1F),5
55,Sinnoh,Ravaged Path,5
55,Sinnoh,Resort Area,100
55,Sinnoh,Road 203,10
55,Sinnoh,"Road 204 (north, towards Floaroma Town)",10
55,Sinnoh,"Road 204 (south, towards Jubilife City)",10
55,Sinnoh,"Road 205 (east, towards Eterna City)",10
55,Sinnoh,Road 208,10
55,Sinnoh,Road 209,10
55,Sinnoh,"Road 210 (west, towards Celestic Town)",10
55,Sinnoh,"Road 212 (north, towards Hearthome City)",10
55,Sinnoh,Road 214,10
55,Sinnoh,Road 225,90
55,Sinnoh,Road 226,10
55,Sinnoh,Road 230,10
55,Sinnoh,Sendoff Spring,100
55,Sinnoh,Twinleaf Town,10
55,Unova,Abundant Shrine,20
55,Unova,Abundant Shrine (Hidden Grotto – Shrine),20
55,Unova,Nature Sanctuary,20
55,Unova,Road 11,40
55,Unova,Road 14,50
55,Unova,Road 22,20
55,Unova,Road 23,20
55,Unova,Seaside Cave (1F),35
55,Unova,Seaside Cave (B1F),20
55,Unova,Unova Route 23 (Hidden Grotto),10
55,Unova,Village Bridge,70
56,Alola,Alola Route 3 North,30
56,Alola,Alola Route 3 South,30
56,Johto,Road 42,90
56,Kalos,Friend Safari (Fighting),33
56,Kanto,Road 22,45
56,Kanto,Road 23,30
56,Kanto,Road 3,100
56,Kanto,Road 4,100
56,Kanto,Road 5,25
56,Kanto,Road 6,25
56,Kanto,Road 7,30
56,Kanto,Road 8,30
56,Kanto,Road 9,90
56,Kanto,Rock Tunnel (1F),15
56,Kanto,Rock Tunnel (B1F),15
56,Sinnoh,Road 225,2
56,Sinnoh,Road 226,2
57,Alola,Poni Plains West,80
57,Kanto,Cerulean Cave (1F),24
57,Kanto,Road 23,5
57,Kanto,Road 9,15
57,Kanto,Victory Road 2 (2F),10
57,Sinnoh,Road 225,20
57,Sinnoh,Road 226,20
58,Alola,Alola Route 2 North,20
58,Johto,Road 35,40
58,Johto,Road 36,35
58,Johto,Road 37,80
58,Johto,Road 48,29
58,Kalos,Friend Safari (Fire),33
58,Kanto,Pokemon Mansion (1F),20
58,Kanto,Pokemon Mansion (2F),20
58,Kanto,Pokemon Mansion (3F),20
58,Kanto,Pokemon Mansion (B1F),15
58,Kanto,Road 5,100
58,Kanto,Road 6,100
58,Kanto,Road 7,100
58,Kanto,Road 8,100
58,Sinnoh,Road 201,8
58,Sinnoh,Road 202,8
58,Unova,Virbank Complex (inner),40
59,Kanto,Road 7,100
59,Kanto,Road 8,100
60,Alola,Brooklet Hill North,60
60,Alola,Brooklet Hill South,60
60,Alola,Malie Garden Area,20
60,Johto,Blackthorn City,100
60,Johto,Ecruteak City,100
60,Johto,Ilex Forest,100
60,Johto,Mount Silver (outside),100
60,Johto,Road 30,100
60,Johto,Road 31,100
60,Johto,Road 35,100
60,Johto,Road 43,100
60,Johto,Road 44,100
60,Johto,Road 45,100
60,Johto,Road 47 (cave gate),55
60,Johto,Ruins of Alph (outside),100
60,Johto,Safari Zone Marshland,80
60,Johto,Safari Zone Meadow,100
60,Johto,Safari Zone Rocky Beach,30
60,Johto,Safari Zone Wetland,100
60,Johto,Unknown Area; all Poliwag,100
60,Johto,Violet City,100
60,Kalos,Couriway Town,100
60,Kalos,Frost Cavern (unknown area 313),100
60,Kalos,Frost Cavern (unknown area 315),100
60,Kalos,Laverre City,100
60,Kalos,Pokemon Village,100
60,Kalos,Road 14,100
60,Kalos,Road 15,100
60,Kalos,Road 16,100
60,Kalos,Road 19,100
60,Kalos,Road 21,100
60,Kalos,Victory Road (unknown area 322),100
60,Kalos,Victory Road (unknown area 327),100
60,Kalos,Victory Road (unknown area 328),100
60,Kanto,Berry Forest,20
60,Kanto,Cape Brink,100
60,Kanto,Celadon City,50
60,Kanto,Cerulean Cave (1F),100
60,Kanto,Cerulean Cave (2F),100
60,Kanto,Cerulean Cave (B1F),100
60,Kanto,Cerulean City,50
60,Kanto,Cinnabar Island,50
60,Kanto,Four Island,100
60,Kanto,Fuchsia City,50
60,Kanto,Icefall Cave (entrance),100
60,Kanto,Mount Moon Square,100
60,Kanto,Pallet Town,100
60,Kanto,Road 10,50
60,Kanto,Road 11,50
60,Kanto,Road 12,50
60,Kanto,Road 13,50
60,Kanto,Road 17,50
60,Kanto,Road 18,50
60,Kanto,Road 19,50
60,Kanto,Road 20,50
60,Kanto,Road 21,50
60,Kanto,Road 22,100
60,Kanto,Road 23,100
60,Kanto,Road 24,50
60,Kanto,Road 25,100
60,Kanto,Road 28,100
60,Kanto,Road 6,100
60,Kanto,Ruin Valley,100
60,Kanto,S.S. Anne dock,50
60,Kanto,"Safari Zone (Area 1, east)",50
60,Kanto,"Safari Zone (Area 2, north)",50
60,Kanto,"Safari Zone (Area 3, west)",50
60,Kanto,Safari Zone (middle),50
60,Kanto,Seafoam Islands (B3F),50
60,Kanto,Seafoam Islands (B4F),50
60,Kanto,Vermilion City,50
60,Kanto,Viridian City,100
60,Sinnoh,Road 225,45
60,Sinnoh,Road 227,30
60,Sinnoh,Road 228,30
60,Unova,Challengers Cave (B2F),45
60,Unova,Clay Tunnel,60
60,Unova,Floccesy Ranch (inner),60
60,Unova,Floccesy Ranch (outer),60
60,Unova,Giant Chasm,60
60,Unova,Giant Chasm (forest cave),45
60,Unova,Lostlorn Forest,60
60,Unova,Relic Tunnel (Relic Castle entrance),60
60,Unova,Road 19,60
60,Unova,Road 20,60
60,Unova,Road 23,60
60,Unova,Road 6,60
60,Unova,Victory Road (unknown area 53),45
60,Unova,Victory Road (unknown area 58),45
60,Unova,Victory Road 2 (unknown area 71),60
60,Unova,Victory Road 2 (unknown area 73),60
60,Unova,Victory Road 2 (unknown area 75),60
60,Unova,Victory Road 2 (unknown area 78),60
60,Unova,Victory Road 2 (unknown area 79),60
60,Unova,Wellspring Cave,60
61,Alola,Malie Garden Area,30
61,Johto,Ecruteak City,10
61,Johto,Mount Silver (outside),100
61,Johto,Road 30,10
61,Johto,Road 31,10
61,Johto,Road 44,20
61,Johto,Safari Zone Marshland,100
61,Johto,Safari Zone Meadow,80
61,Johto,Safari Zone Rocky Beach,20
61,Johto,Safari Zone Wetland,80
61,Johto,Violet City,10
61,Kalos,Couriway Town,100
61,Kalos,Friend Safari (Water),33
61,Kalos,Frost Cavern (unknown area 313),100
61,Kalos,Frost Cavern (unknown area 315),100
61,Kalos,Laverre City,100
61,Kalos,Pokemon Village,100
61,Kalos,Road 14,100
61,Kalos,Road 15,100
61,Kalos,Road 16,100
61,Kalos,Road 19,95
61,Kalos,Road 21,95
61,Kalos,Victory Road (unknown area 322),100
61,Kalos,Victory Road (unknown area 327),100
61,Kalos,Victory Road (unknown area 328),100
61,Kanto,Cape Brink,40
61,Kanto,Celadon City,50
61,Kanto,Cerulean Cave (1F),100
61,Kanto,Cerulean Cave (2F),60
61,Kanto,Cerulean Cave (B1F),100
61,Kanto,Four Island,40
61,Kanto,Icefall Cave (entrance),40
61,Kanto,Road 10,50
61,Kanto,Road 22,100
61,Kanto,Road 23,100
61,Kanto,Road 25,100
61,Kanto,Road 28,50
61,Kanto,Road 6,40
61,Kanto,Ruin Valley,40
61,Kanto,Viridian City,40
61,Sinnoh,Road 225,75
61,Sinnoh,Road 227,70
61,Sinnoh,Road 228,70
61,Unova,Challengers Cave (B2F),70
61,Unova,Clay Tunnel,55
61,Unova,Floccesy Ranch (inner),55
61,Unova,Floccesy Ranch (outer),55
61,Unova,Giant Chasm,70
61,Unova,Giant Chasm (forest cave),70
61,Unova,Lostlorn Forest,55
61,Unova,Pinwheel Forest (Hidden Grotto – Outer area),5
61,Unova,Relic Tunnel (Relic Castle entrance),55
61,Unova,Road 19,55
61,Unova,Road 20,55
61,Unova,Road 23,55
61,Unova,Road 6,70
61,Unova,Victory Road (unknown area 53),70
61,Unova,Victory Road (unknown area 58),70
61,Unova,Victory Road 2 (unknown area 71),55
61,Unova,Victory Road 2 (unknown area 73),55
61,Unova,Victory Road 2 (unknown area 75),55
61,Unova,Victory Road 2 (unknown area 78),55
61,Unova,Victory Road 2 (unknown area 79),55
61,Unova,Wellspring Cave,70
62,Alola,Malie Garden Area,1
62,Kalos,Victory Road (unknown area 328),5
62,Kanto,Cerulean Cave (1F),100
62,Kanto,Cerulean Cave (B1F),100
62,Unova,Challengers Cave (B2F),5
62,Unova,Clay Tunnel,5
62,Unova,Giant Chasm,5
62,Unova,Giant Chasm (forest cave),5
62,Unova,Relic Tunnel (Relic Castle entrance),5
62,Unova,Road 23,5
62,Unova,Victory Road (unknown area 53),5
62,Unova,Victory Road (unknown area 58),5
62,Unova,Victory Road 2 (unknown area 71),5
62,Unova,Victory Road 2 (unknown area 75),5
62,Unova,Victory Road 2 (unknown area 78),5
62,Unova,Wellspring Cave,5
63,Alola,Alola Route 2 South,20
63,Alola,Hauoli City Shopping District,25
63,Hoenn,Granite Cave (1F),10
63,Hoenn,Granite Cave (1F/small room),10
63,Hoenn,Granite Cave (B1F),10
63,Hoenn,Granite Cave (B2F),10
63,Hoenn,Road 116,10
63,Johto,Road 34,30
63,Johto,Road 35,30
63,Johto,Safari Zone Plains,90
63,Kalos,Friend Safari (Psychic),33
63,Kalos,Road 5,10
63,Kanto,Road 24,60
63,Kanto,Road 25,30
63,Kanto,Road 5,100
63,Kanto,Road 6,100
63,Kanto,Road 7,100
63,Kanto,Road 8,100
63,Sinnoh,Road 203,15
63,Sinnoh,Road 215,10
64,Kanto,Cerulean Cave (1F),5
64,Kanto,Cerulean Cave (2F),20
64,Kanto,Cerulean Cave (B1F),25
64,Kanto,Road 7,100
64,Kanto,Road 8,100
64,Sinnoh,Road 215,31
64,Sinnoh,Victory Road (2F),25
66,Alola,Ten Carat Hill Farthest Hollow,30
66,Hoenn,Fiery Path,15
66,Hoenn,Jagged Pass,65
66,Hoenn,Road 112,35
66,Johto,Mount Mortar (1F),40
66,Johto,Mount Mortar (B1F),20
66,Johto,Mount Mortar (Lower Cave),40
66,Johto,Mount Mortar (Upper Cave),10
66,Johto,Road 47 (inside cave),10
66,Johto,Safari Zone Wasteland,40
66,Kalos,Glittering Cave (unknown area 303),30
66,Kanto,Mount Ember,10
66,Kanto,"Mount Ember (1F, cave behind team rocket)",40
66,Kanto,Mount Ember (cave),50
66,Kanto,Mount Ember (inside),40
66,Kanto,Road 10,5
66,Kanto,Rock Tunnel (1F),100
66,Kanto,Rock Tunnel (B1F),100
66,Kanto,Rock Tunnel (B2F),20
66,Kanto,Victory Road 1 (1F),100
66,Kanto,Victory Road 1 (2F),100
66,Kanto,Victory Road 1 (3F),100
66,Kanto,Victory Road 2 (1F),20
66,Kanto,Victory Road 2 (2F),20
66,Kanto,Victory Road 2 (3F),20
66,Sinnoh,Mount Coronet (1F Road 207),25
66,Sinnoh,Mount Coronet (1F Road 211),10
66,Sinnoh,Road 206,20
66,Sinnoh,Road 207,71
66,Sinnoh,Road 208,30
66,Sinnoh,"Road 210 (west, towards Celestic Town)",30
66,Sinnoh,"Road 211 (west, towards Eterna City)",31
67,Alola,Vast Poni Canyon Outside,30
67,Johto,Mount Mortar (Upper Cave),60
67,Johto,Mount Silver (2F),60
67,Johto,Road 47 (inside cave),4
67,Johto,Safari Zone Wasteland,30
67,Kalos,Friend Safari (Fighting),33
67,Kanto,Cerulean Cave (1F),46
67,Kanto,Cerulean Cave (2F),30
67,Kanto,Cerulean Cave (B1F),10
67,Kanto,"Mount Ember (1F, cave behind team rocket)",10
67,Kanto,Mount Ember (inside),20
67,Kanto,Rock Tunnel (1F),10
67,Kanto,Victory Road 1 (1F),100
67,Kanto,Victory Road 1 (2F),100
67,Kanto,Victory Road 1 (3F),100
67,Kanto,Victory Road 2 (1F),5
67,Kanto,Victory Road 2 (2F),5
67,Kanto,Victory Road 2 (3F),10
67,Sinnoh,Acuity Lakefront,30
67,Sinnoh,Mount Coronet (1F Road 216),10
67,Sinnoh,Mount Coronet (1F from exterior),10
67,Sinnoh,Mount Coronet (2F),10
67,Sinnoh,Mount Coronet (3F),10
67,Sinnoh,Mount Coronet (4F small room),10
67,Sinnoh,Mount Coronet (4F),10
67,Sinnoh,Mount Coronet (5F),10
67,Sinnoh,Mount Coronet (6F),10
67,Sinnoh,Mount Coronet (B1F),10
67,Sinnoh,Mount Coronet (exterior blizzard),30
67,Sinnoh,Mount Coronet (exterior snowfall),30
67,Sinnoh,"Road 210 (west, towards Celestic Town)",22
67,Sinnoh,"Road 211 (east, towards Celestic Town)",30
67,Sinnoh,Road 216,30
67,Sinnoh,Road 217,30
67,Sinnoh,Road 225,25
67,Sinnoh,Road 226,25
67,Sinnoh,Stark Mountain entrance,10
67,Sinnoh,Stark Mountain main cavern,10
67,Sinnoh,Victory Road (1F),25
67,Sinnoh,Victory Road (B1F),25
67,Sinnoh,Victory Road (inside B1F),25
67,Sinnoh,Victory Road (inside exit),25
67,Sinnoh,Victory Road (inside),25
69,Johto,Road 31,60
69,Johto,Road 32,80
69,Johto,Road 36,60
69,Johto,Road 44,60
69,Johto,Safari Zone Forest,100
69,Kalos,Road 14,60
69,Kanto,Berry Forest,10
69,Kanto,Bond Bridge,20
69,Kanto,Cape Brink,30
69,Kanto,Road 1,100
69,Kanto,Road 12,100
69,Kanto,Road 13,100
69,Kanto,Road 14,100
69,Kanto,Road 15,100
69,Kanto,"Road 2 (north, towards Pewter City)",100
69,Kanto,"Road 2 (south, towards Viridian City)",100
69,Kanto,Road 21,100
69,Kanto,Road 24,100
69,Kanto,Road 25,100
69,Kanto,Road 5,80
69,Kanto,Road 6,80
69,Kanto,Road 7,30
69,Kanto,Viridian Forest,100
69,Kanto,Water Path,10
69,Sinnoh,Road 224,40
69,Sinnoh,Road 229,13
69,Sinnoh,Road 230,40
70,Johto,Road 44,35
70,Kalos,Road 14,20
70,Kalos,Road 16,20
70,Kalos,Road 19,90
70,Kanto,Berry Forest,20
70,Kanto,Bond Bridge,10
70,Kanto,Cape Brink,15
70,Kanto,Cerulean Cave (1F),10
70,Kanto,Cerulean Cave (2F),5
70,Kanto,Road 12,100
70,Kanto,Road 13,100
70,Kanto,Road 14,100
70,Kanto,Road 15,100
70,Kanto,Road 21,100
70,Kanto,Road 24,40
70,Kanto,Road 25,15
70,Kanto,Water Path,5
70,Sinnoh,Road 224,5
70,Sinnoh,Road 229,30
70,Sinnoh,Road 230,20
71,Kanto,Road 21,100
72,Alola,Alola Route 1 Hauoli Outskirts,40
72,Alola,Alola Route 14 Area,40
72,Alola,Alola Route 15 Main,40
72,Alola,Alola Route 7 Area,30
72,Alola,Brooklet Hill Totems Den,40
72,Alola,Hano Beach Area,100
72,Alola,Hauoli City Beachfront,40
72,Alola,Kalae Bay Area,40
72,Alola,Melemele Sea Area,40
72,Alola,Secluded Shore Area,40
72,Hoenn,Abandoned Ship,100
72,Hoenn,Dewford Town,100
72,Hoenn,Ever Grande City,90
72,Hoenn,Lilycove City,100
72,Hoenn,Mossdeep City,100
72,Hoenn,Pacifidlog Town,100
72,Hoenn,Road 103,100
72,Hoenn,Road 105,100
72,Hoenn,Road 106,100
72,Hoenn,Road 107,100
72,Hoenn,Road 108,100
72,Hoenn,Road 109,100
72,Hoenn,Road 110,100
72,Hoenn,Road 115,100
72,Hoenn,Road 118,100
72,Hoenn,Road 119,100
72,Hoenn,Road 121,100
72,Hoenn,Road 122,100
72,Hoenn,Road 123,100
72,Hoenn,Road 124,100
72,Hoenn,Road 125,100
72,Hoenn,Road 126,100
72,Hoenn,Road 127,100
72,Hoenn,Road 128,90
72,Hoenn,Road 129,100
72,Hoenn,Road 130,100
72,Hoenn,Road 131,100
72,Hoenn,Road 132,100
72,Hoenn,Road 133,100
72,Hoenn,Road 134,100
72,Hoenn,Seafloor Cavern,100
72,Hoenn,Shoal Cave,100
72,Hoenn,Slateport City,100
72,Hoenn,Sootopolis City,30
72,Johto,Cherrygrove City,90
72,Johto,Cianwood City,90
72,Johto,New Bark Town,100
72,Johto,Olivine City,90
72,Johto,Road 32,100
72,Johto,Road 34,90
72,Johto,Road 40,90
72,Johto,Road 41,100
72,Johto,Road 47,100
72,Johto,Union Cave (B2F),60
72,Johto,Whirl Islands (1F),60
72,Kalos,Ambrette Town,69
72,Kalos,Azure Bay,84
72,Kalos,Cyllage City,69
72,Kalos,Road 12,84
72,Kalos,Road 8,69
72,Kalos,Shalour City,84
72,Kanto,Bond Bridge,95
72,Kanto,Cerulean City,100
72,Kanto,Cinnabar Island,100
72,Kanto,Five Island,65
72,Kanto,Five Isle Meadow,65
72,Kanto,Green Path,95
72,Kanto,Icefall Cave (waterfall),95
72,Kanto,Kindle Road,95
72,Kanto,Memorial Pillar,65
72,Kanto,One Island,95
72,Kanto,Outcast Island,95
72,Kanto,Pallet Town,100
72,Kanto,Resort Gorgeous,65
72,Kanto,Road 10,100
72,Kanto,Road 11,100
72,Kanto,Road 12,100
72,Kanto,Road 13,100
72,Kanto,Road 17,70
72,Kanto,Road 18,100
72,Kanto,Road 19,100
72,Kanto,Road 20,100
72,Kanto,Road 21,100
72,Kanto,Road 24,100
72,Kanto,Road 26,100
72,Kanto,Road 27,100
72,Kanto,Road 4,100
72,Kanto,S.S. Anne,100
72,Kanto,S.S. Anne dock,100
72,Kanto,Seafoam Islands (B3F),100
72,Kanto,Seafoam Islands (B4F),100
72,Kanto,Tanoby Ruins,95
72,Kanto,Trainer Tower,95
72,Kanto,Treasure Beach,95
72,Kanto,Vermilion City,100
72,Kanto,Viridian City,50
72,Kanto,Water Labyrinth,65
72,Kanto,Water Path,95
72,Sinnoh,Canalave City,60
72,Sinnoh,Fuego Ironworks,60
72,Sinnoh,Iron Island area,60
72,Sinnoh,Pastoria City,60
72,Sinnoh,"Road 205 (south, towards Floaroma Town)",60
72,Sinnoh,"Road 212 (east, towards Pastoria City)",30
72,Sinnoh,Road 213,60
72,Sinnoh,Road 218,60
72,Sinnoh,Road 219,60
72,Sinnoh,Road 220,60
72,Sinnoh,Road 221,60
72,Sinnoh,Road 222,60
72,Sinnoh,Sunyshore City,60
72,Sinnoh,Valley Windworks,60
73,Alola,Alola Route 14 Area,30
73,Alola,Alola Route 15 Main,40
73,Alola,Ancient Poni Path Area,30
73,Alola,Poni Breaker Coast Area,30
73,Alola,Poni Wilds Area,30
73,Hoenn,Abandoned Ship,21
73,Johto,Cherrygrove City,10
73,Johto,Cianwood City,10
73,Johto,New Bark Town,30
73,Johto,Olivine City,10
73,Johto,Road 32,10
73,Johto,Road 34,10
73,Johto,Road 40,10
73,Johto,Road 41,50
73,Johto,Road 47,20
73,Johto,Union Cave (B2F),10
73,Johto,Whirl Islands (1F),10
73,Johto,Whirl Islands (B2F),30
73,Johto,Whirl Islands (B3F),30
73,Kanto,Bond Bridge,5
73,Kanto,Cinnabar Island,30
73,Kanto,Five Island,5
73,Kanto,Five Isle Meadow,5
73,Kanto,Green Path,5
73,Kanto,Icefall Cave (waterfall),4
73,Kanto,Kindle Road,5
73,Kanto,Memorial Pillar,5
73,Kanto,One Island,5
73,Kanto,Outcast Island,5
73,Kanto,Pallet Town,30
73,Kanto,Resort Gorgeous,5
73,Kanto,Road 10,100
73,Kanto,Road 11,100
73,Kanto,Road 12,100
73,Kanto,Road 13,100
73,Kanto,Road 18,100
73,Kanto,Road 19,100
73,Kanto,Road 20,100
73,Kanto,Road 21,100
73,Kanto,Road 24,100
73,Kanto,Road 26,30
73,Kanto,Road 27,30
73,Kanto,Road 4,100
73,Kanto,S.S. Anne dock,30
73,Kanto,Seafoam Islands (B3F),100
73,Kanto,Seafoam Islands (B4F),100
73,Kanto,Tanoby Ruins,5
73,Kanto,Trainer Tower,5
73,Kanto,Treasure Beach,5
73,Kanto,Vermilion City,30
73,Kanto,Water Labyrinth,5
73,Kanto,Water Path,5
73,Sinnoh,Canalave City,9
73,Sinnoh,Fuego Ironworks,9
73,Sinnoh,Iron Island area,5
73,Sinnoh,Pastoria City,5
73,Sinnoh,"Road 205 (south, towards Floaroma Town)",5
73,Sinnoh,"Road 212 (east, towards Pastoria City)",1
73,Sinnoh,Road 213,5
73,Sinnoh,Road 218,9
73,Sinnoh,Road 219,9
73,Sinnoh,Road 220,9
73,Sinnoh,Road 221,9
73,Sinnoh,Road 222,9
73,Sinnoh,Road 223,60
73,Sinnoh,Road 224,35
73,Sinnoh,Road 226,10
73,Sinnoh,Road 230,10
73,Sinnoh,Sinnoh League,35
73,Sinnoh,Sunyshore City,60
73,Sinnoh,Valley Windworks,5
74,Alola,Alola Route 12 Area,40
74,Alola,Blush Mountain Area,30
74,Hoenn,Granite Cave (1F),35
74,Hoenn,Granite Cave (B2F),70
74,Hoenn,Magma Hideout,55
74,Hoenn,Road 111,100
74,Hoenn,Road 114,100
74,Hoenn,Safari Zone (NE/acro bike area),100
74,Hoenn,Victory Road (B1F),30
74,Johto,Dark Cave (Blackthorn City entrance),90
74,Johto,Dark Cave (Violet City entrance),100
74,Johto,Mount Mortar (1F),15
74,Johto,Mount Mortar (B1F),15
74,Johto,Mount Mortar (Lower Cave),90
74,Johto,Mount Mortar (Upper Cave),70
74,Johto,Road 33,60
74,Johto,Road 45,90
74,Johto,Road 46,100
74,Johto,Road 47 (inside cave),20
74,Johto,Ruins of Alph (outside),100
74,Johto,Safari Zone Peak,100
74,Johto,Team Rocket HQ,100
74,Johto,Union Cave (1F),90
74,Johto,Union Cave (B1F),90
74,Johto,Union Cave (B2F),15
74,Kalos,Road 18,60
74,Kalos,Terminus Cave (unknown area 343),35
74,Kalos,Terminus Cave (unknown area 344),35
74,Kalos,Terminus Cave (unknown area 345),35
74,Kalos,Terminus Cave (unknown area 347),35
74,Kalos,Terminus Cave (unknown area 348),35
74,Kalos,Victory Road (unknown area 322),60
74,Kalos,Victory Road (unknown area 324),60
74,Kalos,Victory Road (unknown area 326),60
74,Kalos,Victory Road (unknown area 328),60
74,Kanto,Cerulean Cave (1F),100
74,Kanto,Cerulean Cave (2F),100
74,Kanto,Cerulean Cave (B1F),100
74,Kanto,Kindle Road,100
74,Kanto,Mount Ember,100
74,Kanto,"Mount Ember (1F, cave behind team rocket)",100
74,Kanto,Mount Ember (B1F),100
74,Kanto,Mount Ember (B2F),100
74,Kanto,Mount Ember (cave),50
74,Kanto,Mount Ember (inside),100
74,Kanto,Mount Ember Summit,95
74,Kanto,Mount Moon (1F),100
74,Kanto,Mount Moon (2F),35
74,Kanto,Mount Moon (B1F),100
74,Kanto,Mount Moon (B2F),100
74,Kanto,Rock Tunnel (1F),100
74,Kanto,Rock Tunnel (B1F),100
74,Kanto,Rock Tunnel (B2F),30
74,Kanto,Sevault Canyon,85
74,Kanto,Victory Road 1 (1F),100
74,Kanto,Victory Road 1 (2F),100
74,Kanto,Victory Road 1 (3F),100
74,Kanto,Victory Road 2 (1F),65
74,Kanto,Victory Road 2 (2F),55
74,Kanto,Victory Road 2 (3F),45
74,Sinnoh,Iron Island (1F),35
74,Sinnoh,Iron Island (B1F left),1
74,Sinnoh,Iron Island (B1F right),1
74,Sinnoh,Iron Island (B2F left),1
74,Sinnoh,Iron Island (B2F right),1
74,Sinnoh,Iron Island (B3F),1
74,Sinnoh,Maniac Tunnel (26+ different Unown caught),80
74,Sinnoh,Mount Coronet (1F Road 207),40
74,Sinnoh,Mount Coronet (1F Road 211),40
74,Sinnoh,Oreburgh Gate (1F),80
74,Sinnoh,Oreburgh Gate (B1F),15
74,Sinnoh,Oreburgh mine (1F),86
74,Sinnoh,Oreburgh mine (B1F),86
74,Sinnoh,Ravaged Path,20
74,Sinnoh,Road 206,51
74,Sinnoh,Road 207,71
74,Sinnoh,"Road 210 (south, towards Solaceon Town)",30
74,Sinnoh,"Road 211 (west, towards Eterna City)",10
74,Sinnoh,Road 214,20
74,Sinnoh,Road 215,51
74,Sinnoh,Ruin Maniac Cave (0–9 different Unown caught),95
74,Sinnoh,Ruin Maniac Cave (10–25 different Unown caught),90
74,Sinnoh,Stark Mountain entrance,21
74,Sinnoh,Stark Mountain main cavern,21
74,Sinnoh,Valor Lakefront,20
74,Sinnoh,Wayward Cave (1F),57
74,Sinnoh,Wayward Cave (B1F),25
75,Alola,Alola Route 12 Area,30
75,Alola,Alola Route 17 Northeast,20
75,Alola,Blush Mountain Area,20
75,Hoenn,Magma Hideout,15
75,Hoenn,Mirage Cave (North of Route 124),85
75,Hoenn,Mirage Cave (South East of Route 129),85
75,Hoenn,Mirage Cave (West of Rustboro),85
75,Hoenn,Mirage Forest (West of Route 105),100
75,Hoenn,Mirage Island (South of Pacofidlog),85
75,Hoenn,Mirage Island (South of Route 134),85
75,Hoenn,Mirage Mountain (South East of Route 129),85
75,Hoenn,Victory Road (B1F),70
75,Johto,Dark Cave (Blackthorn City entrance),60
75,Johto,Mount Mortar (Upper Cave),90
75,Johto,Mount Silver (1F),90
75,Johto,Mount Silver (top),60
75,Johto,Road 45,100
75,Johto,Road 47 (inside cave),8
75,Kalos,Road 13,66
75,Kalos,Road 18,100
75,Kalos,Terminus Cave (unknown area 343),100
75,Kalos,Terminus Cave (unknown area 344),100
75,Kalos,Terminus Cave (unknown area 345),100
75,Kalos,Terminus Cave (unknown area 347),20
75,Kalos,Terminus Cave (unknown area 348),20
75,Kalos,Victory Road (unknown area 322),100
75,Kalos,Victory Road (unknown area 324),100
75,Kalos,Victory Road (unknown area 326),55
75,Kalos,Victory Road (unknown area 328),20
75,Kanto,Cerulean Cave (1F),100
75,Kanto,Cerulean Cave (2F),100
75,Kanto,Cerulean Cave (B1F),100
75,Kanto,Kindle Road,5
75,Kanto,Mount Ember,5
75,Kanto,"Mount Ember (1F, cave behind team rocket)",35
75,Kanto,Mount Ember (B1F),35
75,Kanto,Mount Ember (B2F),35
75,Kanto,Mount Ember (inside),5
75,Kanto,Mount Ember Summit,5
75,Kanto,Rock Tunnel (1F),100
75,Kanto,Rock Tunnel (B1F),100
75,Kanto,Sevault Canyon,35
75,Kanto,Victory Road 1 (1F),100
75,Kanto,Victory Road 1 (2F),100
75,Kanto,Victory Road 1 (3F),100
75,Kanto,Victory Road 2 (1F),5
75,Kanto,Victory Road 2 (2F),10
75,Kanto,Victory Road 2 (3F),15
75,Sinnoh,Iron Island (1F),35
75,Sinnoh,Iron Island (B1F left),94
75,Sinnoh,Iron Island (B1F right),94
75,Sinnoh,Iron Island (B2F left),74
75,Sinnoh,Iron Island (B2F right),74
75,Sinnoh,Iron Island (B3F),74
75,Sinnoh,Mount Coronet (1F Road 216),30
75,Sinnoh,Mount Coronet (1F from exterior),50
75,Sinnoh,Mount Coronet (2F),30
75,Sinnoh,Mount Coronet (3F),30
75,Sinnoh,Mount Coronet (4F small room),30
75,Sinnoh,Mount Coronet (4F),30
75,Sinnoh,Mount Coronet (5F),30
75,Sinnoh,Mount Coronet (6F),30
75,Sinnoh,Mount Coronet (B1F),30
75,Sinnoh,"Road 211 (east, towards Celestic Town)",20
75,Sinnoh,Road 214,45
75,Sinnoh,Road 216,42
75,Sinnoh,Road 225,20
75,Sinnoh,Road 226,20
75,Sinnoh,Road 227,25
75,Sinnoh,Sendoff Spring,45
75,Sinnoh,Snowpoint Temple (1F),10
75,Sinnoh,Snowpoint Temple (B1F),10
75,Sinnoh,Snowpoint Temple (B2F),10
75,Sinnoh,Snowpoint Temple (B3F),10
75,Sinnoh,Snowpoint Temple (B4F),10
75,Sinnoh,Snowpoint Temple (B5F),10
75,Sinnoh,Stark Mountain entrance,20
75,Sinnoh,Stark Mountain exterior,25
75,Sinnoh,Stark Mountain main cavern,20
75,Sinnoh,Valor Lakefront,25
75,Sinnoh,Victory Road (1F),40
75,Sinnoh,Victory Road (2F),25
75,Sinnoh,Victory Road (B1F),25
75,Sinnoh,Victory Road (inside B1F),25
75,Sinnoh,Victory Road (inside exit),40
75,Sinnoh,Victory Road (inside),40
75,Unova,Challengers Cave (1F),20
75,Unova,Challengers Cave (B1F),20
75,Unova,Challengers Cave (B2F),20
76,Johto,Safari Zone Peak,40
77,Johto,Mount Silver (outside),90
77,Kalos,Friend Safari (Fire),33
77,Kanto,Kindle Road,30
77,Kanto,Mount Ember,35
77,Kanto,Pokemon Mansion (1F),40
77,Kanto,Pokemon Mansion (2F),25
77,Kanto,Pokemon Mansion (3F),24
77,Kanto,Pokemon Mansion (B1F),15
77,Kanto,Road 17,100
77,Kanto,Road 22,15
77,Kanto,Road 26,60
77,Kanto,Road 27,15
77,Kanto,Road 28,90
77,Sinnoh,Road 206,71
77,Sinnoh,Road 207,35
77,Sinnoh,"Road 210 (south, towards Solaceon Town)",57
77,Sinnoh,"Road 211 (east, towards Celestic Town)",41
77,Sinnoh,"Road 211 (west, towards Eterna City)",10
77,Sinnoh,Road 214,45
77,Sinnoh,Road 215,50
78,Johto,Mount Silver (outside),30
78,Kanto,Kindle Road,5
78,Kanto,Mount Ember,5
78,Kanto,Road 17,100
78,Kanto,Road 28,40
78,Unova,Road 12,20
79,Alola,Alola Route 1 Hauoli Outskirts,20
79,Alola,Alola Route 15 Main,20
79,Alola,Alola Route 16 East,20
79,Alola,Alola Route 16 Main,20
79,Alola,Alola Route 16 West,20
79,Alola,Kalae Bay Area,20
79,Hoenn,Mirage Cave (North of Fallarbor),40
79,Hoenn,Mirage Cave (South of Pacifidlog),10
79,Johto,Safari Zone Rocky Beach,90
79,Johto,Slowpoke Well (1F),100
79,Johto,Slowpoke Well (B1F),100
79,Johto,Tohjo Falls,45
79,Kalos,Azure Bay,75
79,Kalos,Road 12,40
79,Kanto,Berry Forest,100
79,Kanto,Bond Bridge,6
79,Kanto,Canyon Entrance,5
79,Kanto,Cape Brink,100
79,Kanto,Celadon City,99
79,Kanto,Cerulean Cave (1F),70
79,Kanto,Cerulean Cave (B1F),69
79,Kanto,Cerulean City,1
79,Kanto,Cinnabar Island,1
79,Kanto,Five Island,1
79,Kanto,Five Isle Meadow,6
79,Kanto,Four Island,35
79,Kanto,Fuchsia City,100
79,Kanto,Green Path,1
79,Kanto,Icefall Cave (entrance),40
79,Kanto,Icefall Cave (waterfall),6
79,Kanto,Kindle Road,6
79,Kanto,Memorial Pillar,1
79,Kanto,One Island,1
79,Kanto,Outcast Island,1
79,Kanto,Pallet Town,1
79,Kanto,Resort Gorgeous,1
79,Kanto,Road 10,50
79,Kanto,Road 11,1
79,Kanto,Road 12,95
79,Kanto,Road 13,95
79,Kanto,Road 19,1
79,Kanto,Road 20,1
79,Kanto,Road 21,1
79,Kanto,Road 22,100
79,Kanto,Road 23,100
79,Kanto,Road 24,1
79,Kanto,Road 25,100
79,Kanto,Road 4,1
79,Kanto,Road 6,100
79,Kanto,Ruin Valley,10
79,Kanto,S.S. Anne,1
79,Kanto,"Safari Zone (Area 1, east)",100
79,Kanto,"Safari Zone (Area 2, north)",100
79,Kanto,"Safari Zone (Area 3, west)",100
79,Kanto,Safari Zone (middle),100
79,Kanto,Seafoam Islands (1F),100
79,Kanto,Seafoam Islands (B1F),100
79,Kanto,Seafoam Islands (B2F),100
79,Kanto,Seafoam Islands (B3F),100
79,Kanto,Seafoam Islands (B4F),100
79,Kanto,Tanoby Ruins,1
79,Kanto,Trainer Tower,1
79,Kanto,Treasure Beach,6
79,Kanto,Vermilion City,1
79,Kanto,Viridian City,100
79,Kanto,Water Labyrinth,1
79,Kanto,Water Path,6
79,Sinnoh,"Road 205 (east, towards Eterna City)",22
79,Unova,Abundant Shrine,90
80,Alola,Kalae Bay Area,15
80,Johto,Safari Zone Rocky Beach,30
80,Johto,Slowpoke Well (B1F),10
80,Kanto,Berry Forest,5
80,Kanto,Cape Brink,10
80,Kanto,Cerulean Cave (1F),35
80,Kanto,Cerulean Cave (B1F),35
80,Kanto,Cinnabar Island,4
80,Kanto,Road 12,5
80,Kanto,Road 13,5
80,Kanto,Road 23,25
80,Kanto,Seafoam Islands (1F),100
80,Kanto,Seafoam Islands (B1F),100
80,Kanto,Seafoam Islands (B2F),100
80,Kanto,Seafoam Islands (B3F),100
80,Kanto,Seafoam Islands (B4F),100
80,Unova,Abundant Shrine,5
81,Alola,Alola Route 1 Hauoli Outskirts,50
81,Alola,Alola Route 1 Trainers School,10
81,Alola,Hauoli City Shopping District,10
81,Alola,Malie City Outer Cape,20
81,Hoenn,New Mauville,49
81,Hoenn,New Mauville (entrance),50
81,Hoenn,Road 110,60
81,Johto,Road 38,80
81,Johto,Road 39,60
81,Johto,Safari Zone Peak,60
81,Johto,Safari Zone Wasteland,90
81,Kanto,Power Plant,100
81,Kanto,Road 10,50
81,Kanto,Road 11,60
81,Kanto,Road 6,60
81,Sinnoh,Fuego Ironworks,40
81,Sinnoh,Road 222,10
81,Unova,Virbank Complex (inner),50
81,Unova,Virbank Complex (outer),15
82,Hoenn,New Mauville,1
82,Johto,Safari Zone Mountain,20
82,Johto,Safari Zone Peak,40
82,Kalos,Friend Safari (Steel),33
82,Kalos,Lost Hotel,20
82,Kanto,Cerulean Cave (1F),20
82,Kanto,Cerulean Cave (2F),10
82,Kanto,Cerulean Cave (B1F),15
82,Kanto,Power Plant,100
82,Sinnoh,Road 222,5
82,Sinnoh,Victory Road (2F),30
82,Unova,P2 Laboratory,15
83,Johto,Road 38,30
83,Johto,Road 39,20
83,Johto,Road 43,40
83,Johto,Road 47,40
83,Johto,Road 48,40
83,Johto,Safari Zone Wetland,60
83,Kalos,Friend Safari (Flying),33
83,Kalos,Road 22,20
83,Kanto,Road 12,100
83,Kanto,Road 13,100
83,Sinnoh,Road 221,40
84,Hoenn,Safari Zone (NE/acro bike area),60
84,Hoenn,Safari Zone (NW/mach bike area),60
84,Hoenn,Safari Zone (SE),60
84,Hoenn,Safari Zone (SW),60
84,Johto,Mount Silver (outside),10
84,Johto,Safari Zone Rocky Beach,60
84,Kalos,Friend Safari (Flying),33
84,Kalos,Road 5,20
84,Kanto,Road 16,100
84,Kanto,Road 17,100
84,Kanto,Road 18,100
84,Kanto,Road 22,20
84,Kanto,Road 26,80
84,Kanto,Road 27,100
84,Kanto,Road 28,10
84,Kanto,"Safari Zone (Area 1, east)",20
84,Kanto,"Safari Zone (Area 3, west)",20
84,Sinnoh,Road 201,40
85,Hoenn,Safari Zone (NW/mach bike area),5
85,Johto,Mount Silver (outside),10
85,Kanto,Cerulean Cave (1F),10
85,Kanto,Cerulean Cave (2F),20
85,Kanto,Road 16,100
85,Kanto,Road 17,100
85,Kanto,Road 18,100
85,Kanto,Road 26,10
85,Kanto,Road 27,10
85,Kanto,Road 28,10
86,Alola,Seaward Cave Area,30
86,Johto,Road 47,30
86,Johto,Whirl Islands (1F),65
86,Johto,Whirl Islands (B1F),50
86,Johto,Whirl Islands (B2F),50
86,Johto,Whirl Islands (B3F),50
86,Kanto,Icefall Cave (1F),10
86,Kanto,Icefall Cave (B1F),10
86,Kanto,Icefall Cave (entrance),100
86,Kanto,Icefall Cave (waterfall),40
86,Kanto,Seafoam Islands (1F),100
86,Kanto,Seafoam Islands (B1F),100
86,Kanto,Seafoam Islands (B2F),100
86,Kanto,Seafoam Islands (B3F),100
86,Kanto,Seafoam Islands (B4F),100
86,Sinnoh,Road 226,30
86,Sinnoh,Road 230,30
86,Unova,Giant Chasm,90
86,Unova,Giant Chasm (forest cave),90
86,Unova,Seaside Cave (1F),100
87,Kalos,Friend Safari (Ice),33
87,Kanto,Icefall Cave (entrance),25
87,Kanto,Icefall Cave (waterfall),20
87,Kanto,Seafoam Islands (1F),100
87,Kanto,Seafoam Islands (B1F),100
87,Kanto,Seafoam Islands (B2F),100
87,Kanto,Seafoam Islands (B3F),100
87,Kanto,Seafoam Islands (B4F),100
87,Sinnoh,Road 226,5
87,Sinnoh,Road 230,5
87,Sinnoh,Victory Road (inside B1F),45
87,Unova,Giant Chasm,10
87,Unova,Giant Chasm (forest cave),10
87,Unova,Seaside Cave (1F),10
88,Alola,Alola Route 1 Hauoli Outskirts,20
88,Alola,Alola Route 1 Trainers School,10
88,Alola,Hauoli City Shopping District,10
88,Alola,Malie City Outer Cape,30
88,Hoenn,Fiery Path,35
88,Johto,Safari Zone Marshland,50
88,Kanto,Celadon City,90
88,Kanto,Pokemon Mansion (1F),100
88,Kanto,Pokemon Mansion (2F),100
88,Kanto,Pokemon Mansion (3F),100
88,Kanto,Pokemon Mansion (B1F),100
88,Kanto,Power Plant,100
88,Kanto,Road 16,100
88,Kanto,Road 17,100
88,Kanto,Road 18,100
88,Sinnoh,"Road 212 (east, towards Pastoria City)",22
88,Unova,Castelia Sewers,100
88,Unova,Castelia Sewers (unknown area 38),100
89,Kalos,Friend Safari (Poison),33
89,Kanto,Celadon City,10
89,Kanto,Pokemon Mansion (1F),100
89,Kanto,Pokemon Mansion (2F),100
89,Kanto,Pokemon Mansion (3F),100
89,Kanto,Pokemon Mansion (B1F),100
89,Kanto,Power Plant,100
89,Kanto,Road 16,15
89,Kanto,Road 17,25
89,Kanto,Road 18,15
89,Unova,Castelia Sewers,25
89,Unova,Castelia Sewers (unknown area 38),25
89,Unova,Road 9,10
89,Unova,Unova Route 9 (Hidden Grotto),10
90,Alola,Kalae Bay Area,40
90,Johto,New Bark Town,40
90,Johto,Road 41,40
90,Johto,Road 47,40
90,Kalos,Road 8,35
90,Kanto,Cinnabar Island,40
90,Kanto,Five Island,40
90,Kanto,Icefall Cave (waterfall),40
90,Kanto,One Island,40
90,Kanto,Pallet Town,40
90,Kanto,Road 11,50
90,Kanto,Road 17,30
90,Kanto,Road 18,60
90,Kanto,Road 19,25
90,Kanto,Road 20,40
90,Kanto,Road 21,40
90,Kanto,Road 26,40
90,Kanto,Road 27,40
90,Kanto,Road 6,50
90,Kanto,S.S. Anne,40
90,Kanto,S.S. Anne dock,50
90,Kanto,Seafoam Islands (1F),19
90,Kanto,Seafoam Islands (B1F),20
90,Kanto,Seafoam Islands (B2F),10
90,Kanto,Seafoam Islands (B3F),100
90,Kanto,Seafoam Islands (B4F),100
90,Kanto,Vermilion City,50
90,Sinnoh,Fuego Ironworks,15
90,Sinnoh,"Road 205 (south, towards Floaroma Town)",15
90,Sinnoh,Valley Windworks,15
90,Unova,Humilau City,95
90,Unova,Road 13,95
90,Unova,Seaside Cave (1F),95
90,Unova,Undella Bay,80
90,Unova,Undella Town,95
91,Kalos,Friend Safari (Ice),33
91,Kalos,Road 8,5
91,Kanto,Seafoam Islands (B3F),100
91,Kanto,Seafoam Islands (B4F),100
91,Unova,Humilau City,5
91,Unova,Road 13,5
91,Unova,Seaside Cave (1F),5
91,Unova,Undella Bay,5
91,Unova,Undella Town,5
92,Alola,Alola Route 1 Trainers School,100
92,Alola,Hauoli Cemetery Area,50
92,Alola,Memorial Hill Area,50
92,Johto,Bell Tower (10F),80
92,Johto,Bell Tower (2F),80
92,Johto,Bell Tower (3F),80
92,Johto,Bell Tower (4F),80
92,Johto,Bell Tower (5F),80
92,Johto,Bell Tower (6F),80
92,Johto,Bell Tower (7F),80
92,Johto,Bell Tower (8F),80
92,Johto,Bell Tower (9F),80
92,Johto,Road 31,5
92,Johto,Road 32,5
92,Johto,Road 36,5
92,Johto,Safari Zone Forest,20
92,Johto,Sprout Tower (2F),85
92,Johto,Sprout Tower (3F),85
92,Kanto,Lost Cave (item rooms),20
92,Kanto,Lost Cave (room 1),25
92,Kanto,Lost Cave (room 10),25
92,Kanto,Lost Cave (room 2),25
92,Kanto,Lost Cave (room 3),25
92,Kanto,Lost Cave (room 4),25
92,Kanto,Lost Cave (room 5),25
92,Kanto,Lost Cave (room 6),25
92,Kanto,Lost Cave (room 7),25
92,Kanto,Lost Cave (room 8),25
92,Kanto,Lost Cave (room 9),25
92,Kanto,Pokemon Tower (3F),100
92,Kanto,Pokemon Tower (4F),100
92,Kanto,Pokemon Tower (5F),100
92,Kanto,Pokemon Tower (6F),100
92,Kanto,Pokemon Tower (7F),90
92,Sinnoh,Eterna Forest,8
92,Sinnoh,Lost Tower (1F),85
92,Sinnoh,Lost Tower (2F),85
92,Sinnoh,Lost Tower (3F),85
92,Sinnoh,Lost Tower (4F),100
92,Sinnoh,Lost Tower (5F),96
92,Sinnoh,Old Chateau (2F left room),100
92,Sinnoh,Old Chateau (2F leftmost room),100
92,Sinnoh,Old Chateau (2F middle room),100
92,Sinnoh,Old Chateau (2F private room),100
92,Sinnoh,Old Chateau (2F right room),100
92,Sinnoh,Old Chateau (2F rightmost room),100
92,Sinnoh,Old Chateau (2F),100
92,Sinnoh,Old Chateau (dining room),100
92,Sinnoh,Old Chateau (entrance),100
92,Sinnoh,Road 209,10
92,Sinnoh,Trainers' School,15
92,Sinnoh,Turnback Cave (before pillar 1),50
92,Sinnoh,Turnback Cave (pillar 1),50
93,Alola,Thrifty Megamart Abandoned Site,40
93,Johto,Safari Zone Forest,20
93,Kalos,Frost Cavern (unknown area 314),16
93,Kalos,Frost Cavern (unknown area 315),20
93,Kalos,Frost Cavern (unknown area 316),16
93,Kalos,Frost Cavern (unknown area 317),16
93,Kalos,Road 14,10
93,Kalos,Road 19,15
93,Kalos,Victory Road (unknown area 322),10
93,Kalos,Victory Road (unknown area 324),10
93,Kalos,Victory Road (unknown area 326),10
93,Kalos,Victory Road (unknown area 328),10
93,Kanto,Lost Cave (item rooms),30
93,Kanto,Lost Cave (room 1),30
93,Kanto,Lost Cave (room 10),30
93,Kanto,Lost Cave (room 2),30
93,Kanto,Lost Cave (room 3),30
93,Kanto,Lost Cave (room 4),30
93,Kanto,Lost Cave (room 5),30
93,Kanto,Lost Cave (room 6),30
93,Kanto,Lost Cave (room 7),30
93,Kanto,Lost Cave (room 8),30
93,Kanto,Lost Cave (room 9),30
93,Kanto,Pokemon Tower (3F),100
93,Kanto,Pokemon Tower (4F),100
93,Kanto,Pokemon Tower (5F),100
93,Kanto,Pokemon Tower (6F),100
93,Kanto,Pokemon Tower (7F),15
93,Kanto,Road 8,30
93,Kanto,Rock Tunnel (1F),10
93,Kanto,Rock Tunnel (B1F),5
93,Sinnoh,Old Chateau (2F left room),40
93,Sinnoh,Old Chateau (2F leftmost room),40
93,Sinnoh,Old Chateau (2F middle room),40
93,Sinnoh,Old Chateau (2F private room),40
93,Sinnoh,Old Chateau (2F right room),20
93,Sinnoh,Old Chateau (2F rightmost room),40
93,Sinnoh,Old Chateau (2F),40
93,Sinnoh,Old Chateau (dining room),40
93,Sinnoh,Old Chateau (entrance),40
93,Sinnoh,Turnback Cave (after pillar 3),50
93,Sinnoh,Turnback Cave (before pillar 1),30
93,Sinnoh,Turnback Cave (between pillars 1 and 2),50
93,Sinnoh,Turnback Cave (between pillars 2 and 3),50
93,Sinnoh,Turnback Cave (pillar 1),30
93,Sinnoh,Turnback Cave (pillar 2),50
93,Sinnoh,Turnback Cave (pillar 3),50
94,Alola,Thrifty Megamart Abandoned Site,15
94,Sinnoh,Old Chateau (2F right room),20
95,Hoenn,Mirage Cave (North of Fortree),10
95,Hoenn,Mirage Cave (South East of Route 129),40
95,Johto,Mount Silver (1F),60
95,Johto,Mount Silver (mountainside),30
95,Johto,Mount Silver (top),90
95,Johto,Road 47 (inside cave),10
95,Johto,Safari Zone Wasteland,70
95,Johto,Union Cave (1F),15
95,Johto,Union Cave (B1F),30
95,Johto,Union Cave (B2F),15
95,Kalos,Cyllage City,35
95,Kalos,Friend Safari (Rock),33
95,Kalos,Glittering Cave (unknown area 303),10
95,Kalos,Glittering Cave (unknown area 304),35
95,Kanto,Mount Moon (1F),100
95,Kanto,Mount Moon (B1F),100
95,Kanto,Mount Moon (B2F),100
95,Kanto,Rock Tunnel (1F),100
95,Kanto,Rock Tunnel (B1F),100
95,Kanto,Rock Tunnel (B2F),10
95,Kanto,Sevault Canyon,5
95,Kanto,Victory Road 1 (1F),100
95,Kanto,Victory Road 1 (2F),100
95,Kanto,Victory Road 1 (3F),100
95,Kanto,Victory Road 2 (1F),30
95,Kanto,Victory Road 2 (2F),30
95,Kanto,Victory Road 2 (3F),30
95,Sinnoh,Iron Island (1F),10
95,Sinnoh,Iron Island (B1F left),10
95,Sinnoh,Iron Island (B1F right),10
95,Sinnoh,Iron Island (B2F left),30
95,Sinnoh,Iron Island (B2F right),30
95,Sinnoh,Iron Island (B3F),30
95,Sinnoh,Oreburgh mine (1F),10
95,Sinnoh,Oreburgh mine (B1F),10
95,Sinnoh,Snowpoint Temple (1F),15
95,Sinnoh,Snowpoint Temple (B1F),5
95,Sinnoh,Snowpoint Temple (B2F),5
95,Sinnoh,Snowpoint Temple (B3F),5
95,Sinnoh,Stark Mountain entrance,5
95,Sinnoh,Stark Mountain main cavern,5
95,Sinnoh,Victory Road (1F),20
95,Sinnoh,Victory Road (2F),10
95,Sinnoh,Victory Road (B1F),10
95,Sinnoh,Victory Road (inside exit),20
95,Sinnoh,Victory Road (inside),20
95,Sinnoh,Wayward Cave (1F),31
95,Sinnoh,Wayward Cave (B1F),31
95,Unova,Clay Tunnel,25
95,Unova,Glacier Room,25
95,Unova,Iron Room,25
95,Unova,Relic Castle (C),15
95,Unova,Relic Tunnel (Castelia Sewers entrance),25
95,Unova,Relic Tunnel (PWT entrance),25
95,Unova,Relic Tunnel (Relic Castle entrance),25
95,Unova,Rocky Mountain Room,25
95,Unova,Twist Mountain,25
95,Unova,Underground Ruins,25
95,Unova,Victory Road 2 (unknown area 74),40
95,Unova,Victory Road 2 (unknown area 75),40
95,Unova,Victory Road 2 (unknown area 77),20
95,Unova,Victory Road 2 (unknown area 80),20
96,Alola,Alola Route 2 North,65
96,Alola,Alola Route 2 South,65
96,Johto,Road 34,50
96,Johto,Road 35,60
96,Johto,Safari Zone Swamp,20
96,Kalos,Friend Safari (Psychic),33
96,Kanto,Berry Forest,10
96,Kanto,Road 11,100
96,Kanto,Road 6,30
96,Sinnoh,Road 215,40
97,Alola,Hauoli City Main,15
97,Alola,Hauoli City Shopping District,100
97,Alola,Poni Plains North,30
97,Johto,Safari Zone Swamp,20
97,Kanto,Berry Forest,100
97,Kanto,Cerulean Cave (1F),20
97,Kanto,Road 11,10
98,Johto,Cherrygrove City,100
98,Johto,Cianwood City,100
98,Johto,Dark Cave (Violet City entrance),90
98,Johto,Olivine City,100
98,Johto,Road 34,100
98,Johto,Road 40,100
98,Johto,Road 47 (inside cave),100
98,Johto,Safari Zone Mountain,10
98,Johto,Safari Zone Rocky Beach,100
98,Johto,Union Cave (B2F),100
98,Johto,Whirl Islands (1F),100
98,Johto,Whirl Islands (B1F),100
98,Johto,Whirl Islands (B2F),100
98,Johto,Whirl Islands (B3F),100
98,Kalos,Friend Safari (Water),33
98,Kanto,Bond Bridge,100
98,Kanto,Cerulean City,100
98,Kanto,Cinnabar Island,100
98,Kanto,Five Island,100
98,Kanto,Five Isle Meadow,100
98,Kanto,Fuchsia City,25
98,Kanto,Green Path,100
98,Kanto,Icefall Cave (waterfall),100
98,Kanto,Kindle Road,100
98,Kanto,Memorial Pillar,100
98,Kanto,One Island,100
98,Kanto,Outcast Island,100
98,Kanto,Pallet Town,100
98,Kanto,Resort Gorgeous,100
98,Kanto,Road 10,100
98,Kanto,Road 11,100
98,Kanto,Road 12,100
98,Kanto,Road 13,100
98,Kanto,Road 17,25
98,Kanto,Road 18,25
98,Kanto,Road 19,100
98,Kanto,Road 20,100
98,Kanto,Road 21,100
98,Kanto,Road 24,100
98,Kanto,Road 25,70
98,Kanto,Road 4,100
98,Kanto,Road 6,50
98,Kanto,S.S. Anne,100
98,Kanto,S.S. Anne dock,50
98,Kanto,"Safari Zone (Area 1, east)",25
98,Kanto,"Safari Zone (Area 2, north)",25
98,Kanto,"Safari Zone (Area 3, west)",25
98,Kanto,Safari Zone (middle),25
98,Kanto,Seafoam Islands (1F),35
98,Kanto,Seafoam Islands (B1F),30
98,Kanto,Seafoam Islands (B2F),25
98,Kanto,Seafoam Islands (B3F),100
98,Kanto,Seafoam Islands (B4F),100
98,Kanto,Tanoby Ruins,100
98,Kanto,Trainer Tower,100
98,Kanto,Treasure Beach,100
98,Kanto,Vermilion City,100
98,Kanto,Water Labyrinth,100
98,Kanto,Water Path,100
98,Sinnoh,Road 226,40
98,Unova,Driftveil City,55
98,Unova,Road 13,55
98,Unova,Road 4,55
98,Unova,Virbank City,80
98,Unova,Virbank Complex (outer),80
99,Johto,Cherrygrove City,30
99,Johto,Cianwood City,30
99,Johto,Olivine City,30
99,Johto,Road 34,30
99,Johto,Road 40,30
99,Johto,Road 47 (inside cave),20
99,Johto,Safari Zone Rocky Beach,20
99,Johto,Union Cave (B2F),30
99,Johto,Whirl Islands (1F),20
99,Johto,Whirl Islands (B2F),20
99,Johto,Whirl Islands (B3F),20
99,Kanto,Bond Bridge,4
99,Kanto,Cerulean Cave (1F),25
99,Kanto,Cerulean Cave (B1F),25
99,Kanto,Five Island,4
99,Kanto,Five Isle Meadow,4
99,Kanto,Green Path,4
99,Kanto,Icefall Cave (waterfall),4
99,Kanto,Kindle Road,4
99,Kanto,Memorial Pillar,4
99,Kanto,One Island,4
99,Kanto,Outcast Island,4
99,Kanto,Pallet Town,4
99,Kanto,Resort Gorgeous,4
99,Kanto,Road 10,10
99,Kanto,Road 12,100
99,Kanto,Road 13,100
99,Kanto,Road 19,100
99,Kanto,Road 20,4
99,Kanto,Road 21,4
99,Kanto,Road 23,25
99,Kanto,Road 25,30
99,Kanto,Seafoam Islands (B1F),5
99,Kanto,Seafoam Islands (B2F),10
99,Kanto,Seafoam Islands (B3F),30
99,Kanto,Seafoam Islands (B4F),30
99,Kanto,Tanoby Ruins,4
99,Kanto,Trainer Tower,4
99,Kanto,Treasure Beach,4
99,Kanto,Water Labyrinth,4
99,Kanto,Water Path,4
99,Unova,Driftveil City,15
99,Unova,Road 13,15
99,Unova,Road 4,15
99,Unova,Unova Route 18 (Hidden Grotto),38
99,Unova,Virbank City,20
99,Unova,Virbank Complex (outer),20
100,Hoenn,New Mauville,100
100,Hoenn,New Mauville (entrance),50
100,Johto,Team Rocket HQ,100
100,Kanto,Power Plant,100
100,Kanto,Road 10,90
100,Sinnoh,Road 218,40
101,Alola,Team Rockets Castle Area,100
101,Hoenn,New Mauville,100
101,Hoenn,Team Aqua Hideout Area,100
101,Hoenn,Team Magma Hideout Area,100
101,Johto,Team Rocket HQ,100
101,Kalos,Friend Safari (Electric),33
101,Kalos,Lost Hotel,20
101,Kanto,Cerulean Cave (1F),5
101,Kanto,Cerulean Cave (2F),10
101,Kanto,Cerulean Cave (B1F),15
101,Kanto,Power Plant,100
102,Alola,Ancient Poni Path Area,10
102,Alola,Exeggutor Island Area,40
102,Alola,Poni Wilds Area,10
102,Johto,Azalea Town,45
102,Johto,Ilex Forest,45
102,Johto,Lake of Rage,60
102,Johto,Road 29,60
102,Johto,Road 30,60
102,Johto,Road 31,60
102,Johto,Road 32,60
102,Johto,Road 34,60
102,Johto,Road 35,60
102,Johto,Road 36,60
102,Johto,Road 37,60
102,Johto,Road 38,60
102,Johto,Road 39,60
102,Johto,Road 43,60
102,Kalos,Azure Bay,15
102,Kalos,Road 12,20
102,Kanto,Berry Forest,5
102,Kanto,Road 23,100
102,Kanto,Road 26,60
102,Kanto,Road 27,60
102,Kanto,"Safari Zone (Area 1, east)",20
102,Kanto,"Safari Zone (Area 2, north)",20
102,Kanto,"Safari Zone (Area 3, west)",20
102,Kanto,Safari Zone (middle),20
102,Sinnoh,Great Marsh Area 1,10
102,Sinnoh,Great Marsh Area 2,10
102,Sinnoh,Great Marsh Area 3,10
102,Sinnoh,Great Marsh Area 4,10
102,Sinnoh,Great Marsh Area 5,10
102,Sinnoh,Great Marsh Area 6,10
103,Alola,Exeggutor Island Area,100
103,Kanto,Road 23,100
104,Alola,Wela Volcano Park Area,24
104,Johto,Safari Zone Desert,40
104,Kalos,Glittering Cave (unknown area 303),20
104,Kanto,Pokemon Tower (3F),100
104,Kanto,Pokemon Tower (4F),100
104,Kanto,Pokemon Tower (5F),100
104,Kanto,Pokemon Tower (6F),100
104,Kanto,Pokemon Tower (7F),10
104,Kanto,Rock Tunnel (1F),100
104,Kanto,Rock Tunnel (B1F),100
104,Kanto,"Safari Zone (Area 1, east)",10
104,Kanto,"Safari Zone (Area 2, north)",5
104,Kanto,"Safari Zone (Area 3, west)",10
104,Kanto,Sevault Canyon,10
104,Sinnoh,Road 203,40
105,Johto,Safari Zone Desert,20
105,Kalos,Friend Safari (Ground),33
105,Kanto,Cerulean Cave (2F),10
105,Kanto,Cerulean Cave (B1F),20
105,Kanto,Road 10,10
105,Kanto,Road 9,10
105,Kanto,Rock Tunnel (1F),10
105,Kanto,Rock Tunnel (B1F),10
105,Kanto,"Safari Zone (Area 1, east)",5
105,Kanto,"Safari Zone (Area 3, west)",5
105,Kanto,Sevault Canyon,10
105,Kanto,Victory Road 2 (1F),5
105,Kanto,Victory Road 2 (2F),5
105,Kanto,Victory Road 2 (3F),5
105,Unova,Road 15,40
108,Alola,Poni Gauntlet Area,20
108,Johto,Road 44,80
108,Johto,Safari Zone Mountain,60
108,Kalos,Victory Road (unknown area 322),20
108,Kalos,Victory Road (unknown area 324),20
108,Kalos,Victory Road (unknown area 326),20
108,Kalos,Victory Road (unknown area 328),20
108,Kanto,Cerulean Cave (1F),100
108,Kanto,Cerulean Cave (2F),100
108,Kanto,Cerulean Cave (B1F),100
108,Sinnoh,Lake Valor,40
108,Sinnoh,Road 215,10
108,Unova,Challengers Cave (1F),20
108,Unova,Challengers Cave (B1F),15
108,Unova,Challengers Cave (B2F),10
108,Unova,Road 2,10
109,Hoenn,Fiery Path,35
109,Johto,Burned Tower (1F),35
109,Johto,Burned Tower (B1F),100
109,Johto,Safari Zone Marshland,90
109,Johto,Team Rocket HQ,100
109,Kanto,Celadon City,1
109,Kanto,Pokemon Mansion (1F),100
109,Kanto,Pokemon Mansion (2F),100
109,Kanto,Pokemon Mansion (3F),100
109,Kanto,Pokemon Mansion (B1F),100
109,Kanto,Power Plant,100
109,Sinnoh,Stark Mountain main cavern,5
109,Unova,Virbank Complex (inner),30
110,Johto,Burned Tower (B1F),1
110,Johto,Safari Zone Marshland,60
110,Kanto,Pokemon Mansion (1F),100
110,Kanto,Pokemon Mansion (2F),100
110,Kanto,Pokemon Mansion (3F),100
110,Kanto,Pokemon Mansion (B1F),100
110,Kanto,Power Plant,100
110,Sinnoh,Road 227,10
110,Sinnoh,Stark Mountain entrance,15
110,Sinnoh,Stark Mountain exterior,10
110,Sinnoh,Stark Mountain main cavern,15
110,Unova,P2 Laboratory,15
111,Hoenn,Safari Zone (NW/mach bike area),30
111,Johto,Safari Zone Savannah,20
111,Kalos,Glittering Cave (unknown area 303),10
111,Kanto,Cerulean Cave (1F),100
111,Kanto,Cerulean Cave (2F),100
111,Kanto,Cerulean Cave (B1F),100
111,Kanto,Rock Tunnel (1F),100
111,Kanto,Rock Tunnel (B1F),100
111,Kanto,"Safari Zone (Area 2, north)",20
111,Kanto,Safari Zone (middle),20
111,Kanto,Victory Road 1 (1F),100
111,Kanto,Victory Road 1 (2F),100
111,Kanto,Victory Road 1 (3F),100
111,Sinnoh,Road 214,56
111,Sinnoh,Road 227,17
111,Sinnoh,Stark Mountain entrance,5
111,Sinnoh,Stark Mountain exterior,17
111,Sinnoh,Victory Road (1F),20
112,Kalos,Friend Safari (Rock),33
112,Kanto,Cerulean Cave (1F),100
112,Kanto,Cerulean Cave (2F),100
112,Kanto,Cerulean Cave (B1F),100
112,Kanto,Victory Road 1 (1F),100
112,Kanto,Victory Road 1 (2F),100
112,Kanto,Victory Road 1 (3F),100
112,Sinnoh,Road 227,20
112,Sinnoh,Road 228,30
112,Sinnoh,Stark Mountain entrance,20
112,Sinnoh,Stark Mountain exterior,20
112,Sinnoh,Stark Mountain main cavern,10
112,Sinnoh,Victory Road (1F),15
113,Alola,Alola Route 12 Area,15
113,Alola,Blush Mountain Area,15
113,Alola,Mount Hokulani Main,15
113,Alola,Poni Grove Area,15
113,Alola,Poni Plains Center,20
113,Kalos,Friend Safari (Normal),33
113,Kanto,Cerulean Cave (2F),100
113,Kanto,Cerulean Cave (B1F),10
113,Kanto,Road 13,100
113,Kanto,Road 14,100
113,Kanto,Road 15,100
113,Kanto,"Safari Zone (Area 1, east)",4
113,Kanto,"Safari Zone (Area 2, north)",4
113,Kanto,Safari Zone (middle),1
113,Sinnoh,Road 209,21
113,Sinnoh,"Road 210 (south, towards Solaceon Town)",17
114,Hoenn,Mirage Forest (East of Mossdeep),30
114,Hoenn,Mirage Forest (North of Lilycove),30
114,Hoenn,Mirage Forest (North of Route 124),30
114,Hoenn,Mirage Forest (West of Route 114),30
114,Hoenn,Mirage Island (West Of Dewford Town),30
114,Hoenn,Mirage Mountain (East of Mossdeep),10
114,Johto,Mount Silver (outside),90
114,Johto,Road 44,90
114,Kalos,Friend Safari (Grass),33
114,Kanto,Road 21,100
114,Kanto,Road 28,90
114,Kanto,"Safari Zone (Area 3, west)",1
114,Kanto,Safari Zone (middle),4
114,Kanto,Treasure Beach,30
114,Sinnoh,Great Marsh Area 1,31
114,Sinnoh,Great Marsh Area 2,31
114,Sinnoh,Great Marsh Area 3,61
114,Sinnoh,Great Marsh Area 4,61
114,Sinnoh,Great Marsh Area 5,31
114,Sinnoh,Great Marsh Area 6,31
114,Unova,Giant Chasm (outside),60
114,Unova,Road 13,50
114,Unova,Unova Route 13 (Hidden Grotto – Giant Chasm),20
115,Alola,Wela Volcano Park Area,16
115,Johto,Safari Zone Wasteland,40
115,Kalos,Glittering Cave (unknown area 303),5
115,Kanto,Rock Tunnel (1F),100
115,Kanto,Rock Tunnel (B1F),100
115,Kanto,"Safari Zone (Area 1, east)",4
115,Kanto,"Safari Zone (Area 2, north)",15
115,Kanto,"Safari Zone (Area 3, west)",1
115,Sinnoh,Great Marsh Area 1,10
115,Sinnoh,Great Marsh Area 2,10
115,Sinnoh,Great Marsh Area 3,10
115,Sinnoh,Great Marsh Area 4,10
115,Sinnoh,Great Marsh Area 5,10
115,Sinnoh,Great Marsh Area 6,10
115,Unova,Road 15,20
116,Hoenn,Road 132,15
116,Hoenn,Road 133,15
116,Hoenn,Road 134,15
116,Johto,Whirl Islands (1F),70
116,Johto,Whirl Islands (B2F),100
116,Johto,Whirl Islands (B3F),100
116,Kalos,Ambrette Town,35
116,Kalos,Cyllage City,35
116,Kanto,Bond Bridge,100
116,Kanto,Cerulean City,100
116,Kanto,Cinnabar Island,100
116,Kanto,Five Island,100
116,Kanto,Five Isle Meadow,100
116,Kanto,Green Path,100
116,Kanto,Icefall Cave (waterfall),100
116,Kanto,Kindle Road,100
116,Kanto,Memorial Pillar,100
116,Kanto,One Island,100
116,Kanto,Outcast Island,100
116,Kanto,Pallet Town,100
116,Kanto,Resort Gorgeous,100
116,Kanto,Road 10,100
116,Kanto,Road 11,100
116,Kanto,Road 12,100
116,Kanto,Road 13,100
116,Kanto,Road 19,100
116,Kanto,Road 20,100
116,Kanto,Road 21,100
116,Kanto,Road 24,100
116,Kanto,Road 4,100
116,Kanto,S.S. Anne,100
116,Kanto,Seafoam Islands (1F),20
116,Kanto,Seafoam Islands (B1F),30
116,Kanto,Seafoam Islands (B2F),15
116,Kanto,Seafoam Islands (B3F),100
116,Kanto,Seafoam Islands (B4F),100
116,Kanto,Tanoby Ruins,100
116,Kanto,Trainer Tower,100
116,Kanto,Treasure Beach,100
116,Kanto,Vermilion City,100
116,Kanto,Water Labyrinth,100
116,Kanto,Water Path,100
116,Sinnoh,Road 226,45
116,Unova,P2 Laboratory,55
116,Unova,Road 17,80
116,Unova,Road 18,80
117,Johto,Whirl Islands (1F),10
117,Johto,Whirl Islands (B2F),20
117,Johto,Whirl Islands (B3F),20
117,Kalos,Ambrette Town,5
117,Kalos,Cyllage City,5
117,Kanto,Bond Bridge,4
117,Kanto,Cerulean Cave (1F),25
117,Kanto,Cerulean Cave (B1F),25
117,Kanto,Cinnabar Island,4
117,Kanto,Five Island,4
117,Kanto,Five Isle Meadow,4
117,Kanto,Green Path,4
117,Kanto,Icefall Cave (waterfall),4
117,Kanto,Kindle Road,4
117,Kanto,Memorial Pillar,4
117,Kanto,One Island,4
117,Kanto,Outcast Island,4
117,Kanto,Pallet Town,4
117,Kanto,Resort Gorgeous,4
117,Kanto,Road 11,100
117,Kanto,Road 12,100
117,Kanto,Road 13,100
117,Kanto,Road 19,4
117,Kanto,Road 20,4
117,Kanto,Road 21,4
117,Kanto,Road 23,25
117,Kanto,Seafoam Islands (B1F),1
117,Kanto,Seafoam Islands (B3F),4
117,Kanto,Seafoam Islands (B4F),15
117,Kanto,Tanoby Ruins,4
117,Kanto,Trainer Tower,4
117,Kanto,Treasure Beach,4
117,Kanto,Water Labyrinth,4
117,Kanto,Water Path,4
117,Sinnoh,Road 226,45
117,Unova,P2 Laboratory,40
117,Unova,Road 17,40
117,Unova,Road 18,40
118,Alola,Brooklet Hill North,74
118,Alola,Brooklet Hill South,74
118,Alola,Malie Garden Area,50
118,Hoenn,Meteor Falls,50
118,Hoenn,Meteor Falls (B1F),50
118,Hoenn,Meteor Falls (back),50
118,Hoenn,Meteor Falls (back/small room),50
118,Hoenn,Petalburg City,50
118,Hoenn,Road 102,51
118,Hoenn,Road 111,51
118,Hoenn,Road 114,51
118,Hoenn,Road 117,51
118,Hoenn,Road 120,51
118,Hoenn,Safari Zone (NW/mach bike area),100
118,Hoenn,Safari Zone (SW),100
118,Hoenn,Safari Zone (expansion south),90
118,Hoenn,Victory Road (B2F),50
118,Johto,Dark Cave (Blackthorn City entrance),100
118,Johto,Dark Cave (Violet City entrance),100
118,Johto,Mount Mortar (1F),100
118,Johto,Mount Mortar (B1F),100
118,Johto,Mount Mortar (Upper Cave),100
118,Johto,Mount Silver (1F top),100
118,Johto,Mount Silver (1F),54
118,Johto,Mount Silver (2F),100
118,Johto,Mount Silver (4F),100
118,Johto,Mount Silver (top),100
118,Johto,Road 42,100
118,Johto,Safari Zone Rocky Beach,100
118,Johto,Safari Zone Swamp,100
118,Johto,Slowpoke Well (1F),100
118,Johto,Slowpoke Well (B1F),100
118,Johto,Tohjo Falls,100
118,Johto,Union Cave (1F),100
118,Johto,Union Cave (B1F),100
118,Johto,Unknown Area; all Rattata,100
118,Kalos,Parfum Palace,65
118,Kalos,Road 22,65
118,Kalos,Road 3,65
118,Kanto,Berry Forest,100
118,Kanto,Cape Brink,20
118,Kanto,Celadon City,100
118,Kanto,Cerulean Cave (1F),90
118,Kanto,Cerulean Cave (2F),50
118,Kanto,Cerulean Cave (B1F),90
118,Kanto,Cerulean City,100
118,Kanto,Cinnabar Island,75
118,Kanto,Four Island,20
118,Kanto,Fuchsia City,100
118,Kanto,Icefall Cave (entrance),20
118,Kanto,Pallet Town,50
118,Kanto,Road 10,100
118,Kanto,Road 11,50
118,Kanto,Road 12,75
118,Kanto,Road 13,75
118,Kanto,Road 17,75
118,Kanto,Road 18,75
118,Kanto,Road 19,75
118,Kanto,Road 20,75
118,Kanto,Road 21,75
118,Kanto,Road 22,100
118,Kanto,Road 23,50
118,Kanto,Road 24,100
118,Kanto,Road 25,100
118,Kanto,Road 4,100
118,Kanto,Road 6,100
118,Kanto,Road 9,100
118,Kanto,Ruin Valley,20
118,Kanto,S.S. Anne dock,50
118,Kanto,"Safari Zone (Area 1, east)",100
118,Kanto,"Safari Zone (Area 2, north)",100
118,Kanto,"Safari Zone (Area 3, west)",100
118,Kanto,Safari Zone (middle),100
118,Kanto,Seafoam Islands (B3F),75
118,Kanto,Seafoam Islands (B4F),75
118,Kanto,Vermilion City,50
118,Kanto,Viridian City,50
118,Sinnoh,Celestic Town,45
118,Sinnoh,Lake Acuity,45
118,Sinnoh,Lake Valor,45
118,Sinnoh,Lake Verity (after Galactic intervention),45
118,Sinnoh,Lake Verity (before Galactic intervention),45
118,Sinnoh,Resort Area,45
118,Sinnoh,Road 203,45
118,Sinnoh,"Road 204 (north, towards Floaroma Town)",45
118,Sinnoh,"Road 204 (south, towards Jubilife City)",45
118,Sinnoh,Road 208,45
118,Sinnoh,Road 209,45
118,Sinnoh,"Road 212 (north, towards Hearthome City)",45
118,Sinnoh,Road 214,45
118,Sinnoh,Road 229,45
118,Sinnoh,Sendoff Spring,45
118,Sinnoh,Twinleaf Town,45
118,Unova,Abundant Shrine,100
118,Unova,Aspertia City,100
118,Unova,Lostlorn Forest,100
118,Unova,Pinwheel Forest (inside),100
118,Unova,Road 11,100
118,Unova,Road 14,100
118,Unova,Road 22,100
118,Unova,Road 3,100
118,Unova,Striaton City,100
119,Alola,Brooklet Hill North,30
119,Alola,Brooklet Hill South,30
119,Alola,Malie Garden Area,30
119,Hoenn,Safari Zone (NW/mach bike area),20
119,Hoenn,Safari Zone (SW),20
119,Johto,Dark Cave (Blackthorn City entrance),10
119,Johto,Dark Cave (Violet City entrance),10
119,Johto,Mount Mortar (1F),30
119,Johto,Mount Mortar (B1F),20
119,Johto,Mount Mortar (Upper Cave),20
119,Johto,Mount Silver (1F top),100
119,Johto,Mount Silver (1F),100
119,Johto,Mount Silver (2F),100
119,Johto,Mount Silver (4F),100
119,Johto,Mount Silver (top),100
119,Johto,Road 42,20
119,Johto,Safari Zone Rocky Beach,40
119,Johto,Safari Zone Swamp,60
119,Johto,Slowpoke Well (1F),10
119,Johto,Slowpoke Well (B1F),10
119,Johto,Tohjo Falls,20
119,Johto,Union Cave (1F),10
119,Johto,Union Cave (B1F),10
119,Kalos,Parfum Palace,35
119,Kalos,Road 22,35
119,Kalos,Road 3,35
119,Kanto,Berry Forest,40
119,Kanto,Cerulean Cave (1F),60
119,Kanto,Cerulean Cave (B1F),60
119,Kanto,Cerulean City,30
119,Kanto,Fuchsia City,40
119,Kanto,Road 10,20
119,Kanto,Road 23,25
119,Kanto,Road 24,20
119,Kanto,Road 25,20
119,Kanto,Road 4,20
119,Kanto,Road 6,100
119,Kanto,Road 9,20
119,Kanto,"Safari Zone (Area 1, east)",40
119,Kanto,"Safari Zone (Area 2, north)",40
119,Kanto,"Safari Zone (Area 3, west)",40
119,Kanto,Safari Zone (middle),40
119,Sinnoh,Celestic Town,5
119,Sinnoh,Lake Acuity,50
119,Sinnoh,Lake Valor,50
119,Sinnoh,Lake Verity (after Galactic intervention),50
119,Sinnoh,Lake Verity (before Galactic intervention),50
119,Sinnoh,Resort Area,45
119,Sinnoh,Road 203,45
119,Sinnoh,"Road 204 (north, towards Floaroma Town)",45
119,Sinnoh,"Road 204 (south, towards Jubilife City)",45
119,Sinnoh,Road 208,45
119,Sinnoh,Road 209,45
119,Sinnoh,"Road 212 (north, towards Hearthome City)",45
119,Sinnoh,Road 214,45
119,Sinnoh,Road 229,45
119,Sinnoh,Sendoff Spring,45
119,Sinnoh,Twinleaf Town,45
119,Unova,Abundant Shrine,20
119,Unova,Aspertia City,20
119,Unova,Pinwheel Forest (inside),20
119,Unova,Road 11,20
119,Unova,Road 14,20
119,Unova,Road 22,20
119,Unova,Road 3,20
119,Unova,Striaton City,20
120,Alola,Alola Route 7 Area,40
120,Alola,Hano Beach Area,80
120,Hoenn,Lilycove City,15
120,Johto,Cherrygrove City,40
120,Johto,Cianwood City,40
120,Johto,Olivine City,40
120,Johto,Road 34,40
120,Johto,Road 40,40
120,Johto,Road 47,10
120,Johto,Union Cave (B2F),40
120,Kalos,Road 8,35
120,Kanto,Cinnabar Island,60
120,Kanto,Five Island,40
120,Kanto,Icefall Cave (waterfall),40
120,Kanto,One Island,40
120,Kanto,Pallet Town,60
120,Kanto,Road 18,100
120,Kanto,Road 19,100
120,Kanto,Road 20,25
120,Kanto,Road 21,100
120,Kanto,S.S. Anne,40
120,Kanto,S.S. Anne dock,20
120,Kanto,Seafoam Islands (1F),19
120,Kanto,Seafoam Islands (B1F),20
120,Kanto,Seafoam Islands (B2F),10
120,Kanto,Seafoam Islands (B3F),70
120,Kanto,Seafoam Islands (B4F),70
120,Kanto,Vermilion City,40
120,Sinnoh,Canalave City,15
120,Sinnoh,Sunyshore City,15
120,Unova,Humilau City,30
120,Unova,Road 13,90
120,Unova,Undella Town,90
121,Alola,Alola Route 7 Area,30
121,Alola,Hano Beach Area,15
121,Kalos,Road 8,5
121,Kanto,Road 18,100
121,Kanto,Road 19,100
121,Kanto,Road 21,100
121,Unova,Humilau City,5
121,Unova,Road 13,10
121,Unova,Undella Town,5
122,Alola,Hauoli City Shopping District,15
122,Johto,Safari Zone Forest,40
122,Kalos,Reflection Cave (unknown area 305),20
122,Kalos,Reflection Cave (unknown area 306),20
122,Kalos,Reflection Cave (unknown area 307),20
122,Kalos,Reflection Cave (unknown area 308),20
122,Kanto,Road 11,100
122,Kanto,Road 21,20
122,Sinnoh,Road 218,25
122,Sinnoh,Road 222,15
123,Alola,Poni Plains Center,30
123,Kalos,Road 21,25
123,Kanto,Road 14,100
123,Kanto,Road 15,100
123,Kanto,"Safari Zone (Area 1, east)",1
123,Kanto,"Safari Zone (Area 2, north)",4
123,Kanto,Safari Zone (middle),4
123,Sinnoh,"Road 210 (south, towards Solaceon Town)",15
123,Sinnoh,"Road 210 (west, towards Celestic Town)",15
123,Sinnoh,Road 215,15
123,Sinnoh,Road 229,5
124,Alola,Seaward Cave Area,15
124,Johto,Ice Path (1F),20
124,Johto,Ice Path (B1F),20
124,Johto,Ice Path (B2F),20
124,Johto,Ice Path (B3F),20
124,Kalos,Frost Cavern (unknown area 314),20
124,Kalos,Frost Cavern (unknown area 315),20
124,Kalos,Frost Cavern (unknown area 316),20
124,Kalos,Frost Cavern (unknown area 317),20
124,Kanto,Seafoam Islands (1F),100
124,Kanto,Seafoam Islands (B1F),100
124,Kanto,Seafoam Islands (B2F),100
124,Kanto,Seafoam Islands (B3F),100
124,Kanto,Seafoam Islands (B4F),100
124,Sinnoh,Snowpoint Temple (B1F),10
124,Sinnoh,Snowpoint Temple (B2F),10
124,Sinnoh,Snowpoint Temple (B3F),10
124,Sinnoh,Snowpoint Temple (B4F),10
124,Sinnoh,Snowpoint Temple (B5F),10
124,Unova,Giant Chasm,10
124,Unova,Giant Chasm (forest cave),10
125,Alola,Alola Route 12 Area,15
125,Alola,Blush Mountain Area,15
125,Alola,Mount Hokulani West,15
125,Kalos,Friend Safari (Electric),33
125,Kanto,Power Plant,100
125,Kanto,Road 10,20
125,Sinnoh,Road 222,40
126,Alola,Wela Volcano Park Area,15
126,Johto,Burned Tower (B1F),25
126,Johto,Mount Silver (1F),30
126,Johto,Safari Zone Peak,20
126,Kalos,Friend Safari (Fire),33
126,Kanto,Mount Ember,5
126,Kanto,Pokemon Mansion (1F),100
126,Kanto,Pokemon Mansion (2F),100
126,Kanto,Pokemon Mansion (3F),100
126,Kanto,Pokemon Mansion (B1F),100
126,Sinnoh,Fuego Ironworks,40
127,Alola,Exeggutor Island Area,55
127,Alola,Lush Jungle North,10
127,Alola,Lush Jungle South,4
127,Alola,Lush Jungle West,4
127,Alola,Poni Grove Area,10
127,Hoenn,Safari Zone (NW/mach bike area),5
127,Kalos,Friend Safari (Bug),33
127,Kalos,Road 12,10
127,Kanto,Road 14,100
127,Kanto,Road 15,100
127,Kanto,"Safari Zone (Area 1, east)",1
127,Kanto,"Safari Zone (Area 2, north)",1
127,Kanto,"Safari Zone (Area 3, west)",4
127,Kanto,Safari Zone (middle),4
127,Sinnoh,Road 229,40
127,Unova,Lostlorn Forest,10
127,Unova,Lostlorn Forest (Hidden Grotto),4
127,Unova,Road 12,30
128,Alola,Paniola Ranch Area,20
128,Alola,Poni Plains Center,25
128,Alola,Poni Plains East,25
128,Alola,Poni Plains North,25
128,Alola,Poni Plains West,25
128,Johto,Road 38,17
128,Johto,Road 39,15
128,Johto,Road 48,21
128,Johto,Safari Zone Savannah,60
128,Kalos,Road 12,45
128,Kanto,Road 14,100
128,Kanto,Road 15,100
128,Kanto,"Safari Zone (Area 1, east)",10
128,Kanto,"Safari Zone (Area 2, north)",1
128,Kanto,"Safari Zone (Area 3, west)",10
128,Sinnoh,Road 209,20
128,Sinnoh,"Road 210 (south, towards Solaceon Town)",20
129,Alola,Akala Outskirts Area,95
129,Alola,Alola Route 13 Area,79
129,Alola,Alola Route 14 Area,100
129,Alola,Alola Route 15 Main,100
129,Alola,Alola Route 7 Area,100
129,Alola,Alola Route 8 Main,100
129,Alola,Alola Route 9 Main,20
129,Alola,Ancient Poni Path Area,89
129,Alola,Brooklet Hill North,100
129,Alola,Brooklet Hill South,100
129,Alola,Brooklet Hill Totems Den,100
129,Alola,Hauoli City Beachfront,40
129,Alola,Kalae Bay Area,100
129,Alola,Malie Garden Area,70
129,Alola,Melemele Sea Area,98
129,Alola,Paniola Town Area,100
129,Alola,Poni Breaker Coast Area,100
129,Alola,Poni Gauntlet Area,100
129,Alola,Poni Meadow Area,100
129,Alola,Poni Wilds Area,100
129,Alola,Seafolk Village Main,100
129,Alola,Seaward Cave Area,100
129,Alola,Secluded Shore Area,79
129,Alola,Tapu Village Area,100
129,Alola,Vast Poni Canyon Northwest,100
129,Hoenn,Abandoned Ship,100
129,Hoenn,Dewford Town,100
129,Hoenn,Ever Grande City,100
129,Hoenn,Lilycove City,100
129,Hoenn,Meteor Falls,100
129,Hoenn,Meteor Falls (B1F),100
129,Hoenn,Meteor Falls (back),100
129,Hoenn,Meteor Falls (back/small room),100
129,Hoenn,Mossdeep City,100
129,Hoenn,Pacifidlog Town,100
129,Hoenn,Petalburg City,100
129,Hoenn,Road 102,100
129,Hoenn,Road 103,100
129,Hoenn,Road 104,100
129,Hoenn,Road 105,100
129,Hoenn,Road 106,100
129,Hoenn,Road 107,100
129,Hoenn,Road 108,100
129,Hoenn,Road 109,100
129,Hoenn,Road 110,100
129,Hoenn,Road 111,100
129,Hoenn,Road 114,100
129,Hoenn,Road 115,100
129,Hoenn,Road 117,100
129,Hoenn,Road 118,100
129,Hoenn,Road 119,100
129,Hoenn,Road 120,100
129,Hoenn,Road 121,100
129,Hoenn,Road 122,100
129,Hoenn,Road 123,100
129,Hoenn,Road 124,100
129,Hoenn,Road 125,100
129,Hoenn,Road 126,100
129,Hoenn,Road 127,100
129,Hoenn,Road 128,100
129,Hoenn,Road 129,100
129,Hoenn,Road 130,100
129,Hoenn,Road 131,100
129,Hoenn,Road 132,100
129,Hoenn,Road 133,100
129,Hoenn,Road 134,100
129,Hoenn,Safari Zone (NW/mach bike area),100
129,Hoenn,Safari Zone (SW),100
129,Hoenn,Safari Zone (expansion south),100
129,Hoenn,Seafloor Cavern,100
129,Hoenn,Shoal Cave,100
129,Hoenn,Slateport City,100
129,Hoenn,Sootopolis City,100
129,Hoenn,Victory Road (B2F),100
129,Johto,Blackthorn City,100
129,Johto,Cherrygrove City,100
129,Johto,Cianwood City,100
129,Johto,Dark Cave (Blackthorn City entrance),100
129,Johto,Dark Cave (Violet City entrance),100
129,Johto,Dragon's Den,100
129,Johto,Ecruteak City,100
129,Johto,Ilex Forest,100
129,Johto,Lake of Rage,100
129,Johto,Mount Mortar (1F),100
129,Johto,Mount Mortar (B1F),100
129,Johto,Mount Mortar (Upper Cave),100
129,Johto,Mount Silver (1F top),100
129,Johto,Mount Silver (1F),100
129,Johto,Mount Silver (2F),100
129,Johto,Mount Silver (4F),100
129,Johto,Mount Silver (outside),100
129,Johto,Mount Silver (top),100
129,Johto,New Bark Town,100
129,Johto,Olivine City,100
129,Johto,Road 30,100
129,Johto,Road 31,100
129,Johto,Road 32,100
129,Johto,Road 34,100
129,Johto,Road 35,100
129,Johto,Road 40,100
129,Johto,Road 41,100
129,Johto,Road 42,100
129,Johto,Road 43,100
129,Johto,Road 44,100
129,Johto,Road 45,100
129,Johto,Road 47,100
129,Johto,Road 47 (cave gate),100
129,Johto,Ruins of Alph (outside),100
129,Johto,Safari Zone Marshland,100
129,Johto,Safari Zone Meadow,100
129,Johto,Safari Zone Rocky Beach,100
129,Johto,Safari Zone Swamp,100
129,Johto,Safari Zone Wetland,60
129,Johto,Slowpoke Well (1F),100
129,Johto,Slowpoke Well (B1F),100
129,Johto,Tohjo Falls,100
129,Johto,Union Cave (1F),100
129,Johto,Union Cave (B1F),100
129,Johto,Union Cave (B2F),100
129,Johto,Unknown Area; all Poliwag,60
129,Johto,Unknown Area; all Rattata,100
129,Johto,Violet City,100
129,Johto,Whirl Islands (1F),100
129,Johto,Whirl Islands (B2F),100
129,Johto,Whirl Islands (B3F),100
129,Kalos,Parfum Palace,100
129,Kalos,Road 22,100
129,Kalos,Road 3,100
129,Kanto,Berry Forest,100
129,Kanto,Bond Bridge,100
129,Kanto,Cape Brink,100
129,Kanto,Celadon City,100
129,Kanto,Cerulean Cave (1F),100
129,Kanto,Cerulean Cave (2F),100
129,Kanto,Cerulean Cave (B1F),100
129,Kanto,Cerulean City,100
129,Kanto,Cinnabar Island,100
129,Kanto,Five Island,100
129,Kanto,Five Isle Meadow,100
129,Kanto,Four Island,100
129,Kanto,Fuchsia City,100
129,Kanto,Green Path,100
129,Kanto,Icefall Cave (entrance),100
129,Kanto,Icefall Cave (waterfall),100
129,Kanto,Kindle Road,100
129,Kanto,Memorial Pillar,100
129,Kanto,Mount Moon Square,100
129,Kanto,One Island,100
129,Kanto,Outcast Island,100
129,Kanto,Pallet Town,100
129,Kanto,Resort Gorgeous,100
129,Kanto,Road 10,100
129,Kanto,Road 11,100
129,Kanto,Road 12,100
129,Kanto,Road 13,100
129,Kanto,Road 17,100
129,Kanto,Road 18,100
129,Kanto,Road 19,100
129,Kanto,Road 20,100
129,Kanto,Road 21,100
129,Kanto,Road 22,100
129,Kanto,Road 23,100
129,Kanto,Road 24,100
129,Kanto,Road 25,100
129,Kanto,Road 26,100
129,Kanto,Road 27,100
129,Kanto,Road 28,100
129,Kanto,Road 4,100
129,Kanto,Road 6,100
129,Kanto,Road 9,100
129,Kanto,Ruin Valley,100
129,Kanto,S.S. Anne,100
129,Kanto,S.S. Anne dock,100
129,Kanto,"Safari Zone (Area 1, east)",100
129,Kanto,"Safari Zone (Area 2, north)",100
129,Kanto,"Safari Zone (Area 3, west)",100
129,Kanto,Safari Zone (middle),100
129,Kanto,Seafoam Islands (B3F),100
129,Kanto,Seafoam Islands (B4F),100
129,Kanto,Tanoby Ruins,100
129,Kanto,Trainer Tower,100
129,Kanto,Treasure Beach,100
129,Kanto,Vermilion City,100
129,Kanto,Viridian City,100
129,Kanto,Water Labyrinth,100
129,Kanto,Water Path,100
129,Sinnoh,Canalave City,100
129,Sinnoh,Celestic Town,100
129,Sinnoh,Eterna City,100
129,Sinnoh,Fuego Ironworks,100
129,Sinnoh,Great Marsh Area 1,100
129,Sinnoh,Great Marsh Area 2,100
129,Sinnoh,Great Marsh Area 3,100
129,Sinnoh,Great Marsh Area 4,100
129,Sinnoh,Great Marsh Area 5,100
129,Sinnoh,Great Marsh Area 6,100
129,Sinnoh,Iron Island area,100
129,Sinnoh,Lake Acuity,100
129,Sinnoh,Lake Valor,100
129,Sinnoh,Lake Verity (after Galactic intervention),100
129,Sinnoh,Lake Verity (before Galactic intervention),100
129,Sinnoh,Mount Coronet (1F Road 207),100
129,Sinnoh,Mount Coronet (4F),100
129,Sinnoh,Mount Coronet (B1F),100
129,Sinnoh,Oreburgh Gate (B1F),100
129,Sinnoh,Pastoria City,100
129,Sinnoh,Ravaged Path,100
129,Sinnoh,Resort Area,100
129,Sinnoh,Road 203,100
129,Sinnoh,"Road 204 (north, towards Floaroma Town)",100
129,Sinnoh,"Road 204 (south, towards Jubilife City)",100
129,Sinnoh,"Road 205 (east, towards Eterna City)",100
129,Sinnoh,"Road 205 (south, towards Floaroma Town)",100
129,Sinnoh,Road 208,100
129,Sinnoh,Road 209,100
129,Sinnoh,"Road 210 (west, towards Celestic Town)",100
129,Sinnoh,"Road 212 (east, towards Pastoria City)",100
129,Sinnoh,"Road 212 (north, towards Hearthome City)",100
129,Sinnoh,Road 213,100
129,Sinnoh,Road 214,100
129,Sinnoh,Road 218,100
129,Sinnoh,Road 219,100
129,Sinnoh,Road 220,100
129,Sinnoh,Road 221,100
129,Sinnoh,Road 222,100
129,Sinnoh,Road 223,100
129,Sinnoh,Road 224,100
129,Sinnoh,Road 225,100
129,Sinnoh,Road 226,100
129,Sinnoh,Road 227,100
129,Sinnoh,Road 228,100
129,Sinnoh,Road 229,100
129,Sinnoh,Road 230,100
129,Sinnoh,Sendoff Spring,100
129,Sinnoh,Sinnoh League,100
129,Sinnoh,Sunyshore City,100
129,Sinnoh,Twinleaf Town,100
129,Sinnoh,Valley Windworks,100
129,Sinnoh,Victory Road (B1F),100
129,Sinnoh,Victory Road (inside B1F),100
129,Unova,Nature Sanctuary,100
130,Alola,Akala Outskirts Area,30
130,Alola,Alola Route 13 Area,15
130,Alola,Alola Route 14 Area,30
130,Alola,Alola Route 15 Main,30
130,Alola,Alola Route 7 Area,30
130,Alola,Alola Route 8 Main,30
130,Alola,Alola Route 9 Main,15
130,Alola,Ancient Poni Path Area,30
130,Alola,Brooklet Hill North,30
130,Alola,Brooklet Hill South,30
130,Alola,Brooklet Hill Totems Den,30
130,Alola,Hauoli City Beachfront,30
130,Alola,Kalae Bay Area,30
130,Alola,Malie Garden Area,70
130,Alola,Melemele Sea Area,30
130,Alola,Paniola Town Area,30
130,Alola,Poni Breaker Coast Area,30
130,Alola,Poni Gauntlet Area,30
130,Alola,Poni Meadow Area,30
130,Alola,Poni Wilds Area,30
130,Alola,Seafolk Village Main,30
130,Alola,Seaward Cave Area,30
130,Alola,Secluded Shore Area,15
130,Alola,Tapu Village Area,30
130,Alola,Vast Poni Canyon Northwest,30
130,Hoenn,Sootopolis City,20
130,Johto,Lake of Rage,100
130,Johto,Mount Silver (1F),90
130,Johto,Safari Zone Marshland,20
130,Kalos,Friend Safari (Water),33
130,Kalos,Parfum Palace,60
130,Kalos,Road 22,60
130,Kalos,Road 3,60
130,Kanto,Berry Forest,15
130,Kanto,Bond Bridge,15
130,Kanto,Cape Brink,15
130,Kanto,Cerulean Cave (1F),30
130,Kanto,Cerulean Cave (2F),30
130,Kanto,Cerulean Cave (B1F),30
130,Kanto,Cerulean City,15
130,Kanto,Cinnabar Island,15
130,Kanto,Five Island,15
130,Kanto,Five Isle Meadow,15
130,Kanto,Four Island,15
130,Kanto,Fuchsia City,40
130,Kanto,Green Path,15
130,Kanto,Icefall Cave (entrance),15
130,Kanto,Icefall Cave (waterfall),15
130,Kanto,Kindle Road,15
130,Kanto,Memorial Pillar,15
130,Kanto,One Island,15
130,Kanto,Outcast Island,15
130,Kanto,Pallet Town,15
130,Kanto,Resort Gorgeous,15
130,Kanto,Road 10,15
130,Kanto,Road 11,15
130,Kanto,Road 12,15
130,Kanto,Road 13,15
130,Kanto,Road 19,15
130,Kanto,Road 20,100
130,Kanto,Road 21,15
130,Kanto,Road 22,15
130,Kanto,Road 23,15
130,Kanto,Road 24,15
130,Kanto,Road 25,15
130,Kanto,Road 4,15
130,Kanto,Road 6,15
130,Kanto,Ruin Valley,15
130,Kanto,S.S. Anne,15
130,Kanto,Seafoam Islands (B3F),16
130,Kanto,Seafoam Islands (B4F),40
130,Kanto,Tanoby Ruins,15
130,Kanto,Trainer Tower,15
130,Kanto,Treasure Beach,15
130,Kanto,Vermilion City,15
130,Kanto,Viridian City,15
130,Kanto,Water Labyrinth,15
130,Kanto,Water Path,15
130,Sinnoh,Canalave City,40
130,Sinnoh,Celestic Town,40
130,Sinnoh,Eterna City,55
130,Sinnoh,Fuego Ironworks,40
130,Sinnoh,Great Marsh Area 1,40
130,Sinnoh,Great Marsh Area 2,40
130,Sinnoh,Great Marsh Area 3,40
130,Sinnoh,Great Marsh Area 4,40
130,Sinnoh,Great Marsh Area 5,40
130,Sinnoh,Great Marsh Area 6,40
130,Sinnoh,Iron Island area,40
130,Sinnoh,Lake Acuity,55
130,Sinnoh,Lake Valor,55
130,Sinnoh,Lake Verity (after Galactic intervention),55
130,Sinnoh,Lake Verity (before Galactic intervention),55
130,Sinnoh,Mount Coronet (1F Road 207),55
130,Sinnoh,Mount Coronet (4F),55
130,Sinnoh,Mount Coronet (B1F),55
130,Sinnoh,Oreburgh Gate (B1F),55
130,Sinnoh,Pastoria City,55
130,Sinnoh,Ravaged Path,55
130,Sinnoh,Resort Area,55
130,Sinnoh,Road 203,55
130,Sinnoh,"Road 204 (north, towards Floaroma Town)",55
130,Sinnoh,"Road 204 (south, towards Jubilife City)",55
130,Sinnoh,"Road 205 (east, towards Eterna City)",55
130,Sinnoh,"Road 205 (south, towards Floaroma Town)",40
130,Sinnoh,Road 208,55
130,Sinnoh,Road 209,55
130,Sinnoh,"Road 210 (west, towards Celestic Town)",55
130,Sinnoh,"Road 212 (east, towards Pastoria City)",55
130,Sinnoh,"Road 212 (north, towards Hearthome City)",55
130,Sinnoh,Road 213,55
130,Sinnoh,Road 214,55
130,Sinnoh,Road 218,55
130,Sinnoh,Road 219,55
130,Sinnoh,Road 220,40
130,Sinnoh,Road 221,55
130,Sinnoh,Road 222,55
130,Sinnoh,Road 223,40
130,Sinnoh,Road 224,40
130,Sinnoh,Road 225,55
130,Sinnoh,Road 226,40
130,Sinnoh,Road 227,55
130,Sinnoh,Road 228,55
130,Sinnoh,Road 229,100
130,Sinnoh,Road 230,40
130,Sinnoh,Sendoff Spring,55
130,Sinnoh,Sinnoh League,40
130,Sinnoh,Sunyshore City,40
130,Sinnoh,Twinleaf Town,55
130,Sinnoh,Valley Windworks,40
130,Sinnoh,Victory Road (B1F),100
130,Sinnoh,Victory Road (inside B1F),100
130,Unova,Nature Sanctuary,20
131,Alola,Ancient Poni Path Area,5
131,Alola,Poni Breaker Coast Area,5
131,Alola,Poni Wilds Area,5
131,Johto,Safari Zone Rocky Beach,20
131,Johto,Union Cave (B2F),100
131,Kalos,Azure Bay,1
131,Kalos,Friend Safari (Ice),33
131,Kalos,Road 12,100
131,Kanto,Icefall Cave (waterfall),1
131,Sinnoh,Victory Road (inside B1F),10
131,Unova,Village Bridge,5
132,Alola,Alola Route 9 Main,30
132,Alola,Alola Route 9 Police Station,100
132,Alola,Konikoni City Area,100
132,Alola,Mount Hokulani East,10
132,Alola,Mount Hokulani Main,10
132,Alola,Mount Hokulani West,10
132,Hoenn,Desert Underpass,50
132,Hoenn,Mirage Cave (North of Route 132),40
132,Hoenn,Mirage Island (Route 132),40
132,Johto,Road 34,15
132,Johto,Road 35,27
132,Johto,Road 47,81
132,Johto,Safari Zone Wetland,20
132,Kalos,Friend Safari (Normal),33
132,Kalos,Pokemon Village,30
132,Kanto,Cerulean Cave (1F),100
132,Kanto,Cerulean Cave (2F),100
132,Kanto,Cerulean Cave (B1F),100
132,Kanto,Pokemon Mansion (1F),100
132,Kanto,Pokemon Mansion (2F),100
132,Kanto,Pokemon Mansion (3F),100
132,Kanto,Pokemon Mansion (B1F),100
132,Kanto,Road 13,5
132,Kanto,Road 14,15
132,Kanto,Road 15,20
132,Kanto,Road 23,35
132,Sinnoh,Road 218,22
132,Unova,Giant Chasm (Hidden Grotto),5
132,Unova,Giant Chasm (forest cave),30
132,Unova,Giant Chasm (forest),30
133,Alola,Alola Route 4 Area,5
133,Alola,Alola Route 6 North,5
133,Alola,Alola Route 6 South,5
133,Kalos,Friend Safari (Normal),33
133,Kalos,Road 10,25
133,Kanto,Road 17,100
133,Unova,Castelia City,100
137,Hoenn,Mirage Island (East of Shoal Cave),40
137,Hoenn,Mirage Mountain (South East of Route 129),10
143,Alola,Alola Route 1 South,15
143,Kalos,Road 7,100
144,Alola,Ultra Space Wilds Cliff,100
144,Alola,Ultra Space Wilds Cliff World,15
144,Kalos,Roaming Kalos,100
144,Kalos,Sea Spirits Den Area,100
144,Kanto,Seafoam Islands (B4F),100
144,Sinnoh,Roaming Sinnoh,50
145,Alola,Ultra Space Wilds Cliff,100
145,Alola,Ultra Space Wilds Cliff World,15
145,Kalos,Roaming Kalos,100
145,Kalos,Sea Spirits Den Area,100
145,Kanto,Power Plant,100
145,Kanto,Road 10,100
145,Sinnoh,Roaming Sinnoh,50
146,Alola,Ultra Space Wilds Cliff,100
146,Alola,Ultra Space Wilds Cliff World,15
146,Johto,Mount Silver (top),100
146,Kalos,Roaming Kalos,100
146,Kalos,Sea Spirits Den Area,100
146,Kanto,Mount Ember Summit,100
146,Kanto,Victory Road 1 (2F),100
146,Kanto,Victory Road 2 (2F),100
146,Sinnoh,Roaming Sinnoh,50
147,Alola,Poni Gauntlet Area,11
147,Alola,Poni Meadow Area,11
147,Alola,Vast Poni Canyon Northwest,11
147,Johto,Dragon's Den,100
147,Johto,Road 45,40
147,Johto,Safari Zone Swamp,20
147,Kalos,Road 21,5
147,Kanto,Road 10,100
147,Kanto,"Safari Zone (Area 1, east)",25
147,Kanto,"Safari Zone (Area 2, north)",25
147,Kanto,"Safari Zone (Area 3, west)",25
147,Kanto,Safari Zone (middle),25
147,Sinnoh,Mount Coronet (4F),40
147,Unova,Dragonspiral Tower (outside),100
148,Alola,Poni Gauntlet Area,30
148,Alola,Poni Meadow Area,30
148,Alola,Vast Poni Canyon Northwest,30
148,Johto,Dragon's Den,10
148,Johto,Road 45,10
148,Kalos,Friend Safari (Dragon),33
148,Kalos,Road 21,5
148,Kanto,Road 10,100
148,Kanto,"Safari Zone (Area 1, east)",1
148,Kanto,"Safari Zone (Area 2, north)",1
148,Kanto,"Safari Zone (Area 3, west)",1
148,Kanto,Safari Zone (middle),10
148,Sinnoh,Mount Coronet (4F),5
148,Unova,Dragonspiral Tower (outside),24
149,Alola,Poni Gauntlet Area,30
149,Unova,Dragonspiral Tower (outside),1
149,Unova,Unova Route 18 (Hidden Grotto),5
150,Alola,Ultra Space Wilds Crag,100
150,Alola,Ultra Space Wilds Rocky World,15
150,Kalos,Unknown Dungeon Area,100
150,Kanto,Cerulean Cave (B1F),100
151,Hoenn,Faraway Island,100
161,Johto,Road 29,80
161,Johto,Road 43,60
161,Johto,Safari Zone Swamp,90
161,Johto,Safari Zone Wetland,60
161,Kalos,Road 6,20
161,Kanto,Canyon Entrance,30
161,Kanto,Five Isle Meadow,30
161,Kanto,Road 1,40
161,Kanto,Water Path,30
161,Sinnoh,Road 202,22
162,Johto,Road 43,30
162,Kanto,Road 1,10
163,Alola,Lush Jungle North,20
163,Alola,Lush Jungle South,20
163,Alola,Lush Jungle West,20
163,Hoenn,Safari Zone (expansion north),5
163,Hoenn,Safari Zone (expansion south),5
163,Johto,Ilex Forest,100
163,Johto,Lake of Rage,100
163,Johto,National Park,100
163,Johto,Road 29,100
163,Johto,Road 30,100
163,Johto,Road 31,100
163,Johto,Road 32,100
163,Johto,Road 34,100
163,Johto,Road 35,100
163,Johto,Road 36,100
163,Johto,Road 37,100
163,Johto,Road 38,100
163,Johto,Road 39,100
163,Johto,Road 43,100
163,Kalos,Friend Safari (Flying),33
163,Kanto,Road 1,45
163,Kanto,"Road 2 (north, towards Pewter City)",60
163,Kanto,"Road 2 (south, towards Viridian City)",80
163,Kanto,Road 25,30
163,Kanto,Road 26,100
163,Kanto,Road 27,100
163,Kanto,Road 5,30
163,Kanto,Viridian Forest,80
163,Sinnoh,Eterna Forest,10
163,Sinnoh,Great Marsh Area 1,10
163,Sinnoh,Great Marsh Area 2,10
163,Sinnoh,Great Marsh Area 3,20
163,Sinnoh,Great Marsh Area 4,20
163,Sinnoh,Great Marsh Area 5,20
163,Sinnoh,Great Marsh Area 6,20
163,Sinnoh,"Road 205 (east, towards Eterna City)",10
163,Sinnoh,"Road 210 (south, towards Solaceon Town)",10
163,Sinnoh,"Road 210 (west, towards Celestic Town)",10
163,Sinnoh,"Road 211 (west, towards Eterna City)",10
164,Alola,Lush Jungle North,15
164,Alola,Lush Jungle South,15
164,Alola,Lush Jungle West,15
164,Johto,Ilex Forest,20
164,Johto,Road 37,10
164,Johto,Road 38,10
164,Johto,Road 39,10
164,Johto,Road 43,20
164,Johto,Road 47,20
164,Kalos,Pokemon Village,40
164,Kalos,Road 20,40
164,Kanto,Road 11,10
164,Kanto,Road 13,20
164,Kanto,Road 14,20
164,Kanto,Road 15,20
164,Kanto,"Road 2 (north, towards Pewter City)",14
164,Kanto,"Road 2 (south, towards Viridian City)",15
164,Kanto,Road 25,15
164,Kanto,Road 26,50
164,Kanto,Road 27,40
164,Kanto,Road 5,20
164,Kanto,Road 8,40
164,Kanto,Viridian Forest,15
164,Sinnoh,Acuity Lakefront,10
164,Sinnoh,Great Marsh Area 1,20
164,Sinnoh,Great Marsh Area 2,20
164,Sinnoh,Great Marsh Area 3,10
164,Sinnoh,Great Marsh Area 4,10
164,Sinnoh,Lake Acuity,20
164,Sinnoh,Lake Valor,20
164,Sinnoh,Mount Coronet (exterior blizzard),10
164,Sinnoh,Mount Coronet (exterior snowfall),10
164,Sinnoh,"Road 210 (south, towards Solaceon Town)",10
164,Sinnoh,"Road 210 (west, towards Celestic Town)",10
164,Sinnoh,"Road 211 (east, towards Celestic Town)",10
164,Sinnoh,Road 216,10
164,Sinnoh,Road 217,10
164,Sinnoh,Sendoff Spring,20
164,Unova,Abundant Shrine,30
164,Unova,Nature Sanctuary,20
165,Alola,Alola Route 1 East,20
165,Alola,Alola Route 1 South,10
165,Alola,Alola Route 1 West,15
165,Hoenn,Safari Zone (expansion north),10
165,Johto,National Park,20
165,Johto,Road 29,30
165,Johto,Road 30,60
165,Johto,Road 31,60
165,Johto,Road 34,30
165,Johto,Road 35,30
165,Johto,Road 36,60
165,Johto,Road 37,40
165,Johto,Road 38,30
165,Johto,Road 39,30
165,Kalos,Friend Safari (Bug),33
165,Kalos,Road 4,40
165,Kanto,Pattern Bush,30
165,Kanto,"Road 2 (north, towards Pewter City)",34
165,Kanto,"Road 2 (south, towards Viridian City)",34
166,Alola,Alola Route 10 Area,20
166,Alola,Alola Route 11 Area,20
166,Alola,Alola Route 17 West,20
166,Alola,Malie Garden Area,20
166,Alola,Ulaula Meadow Area,20
166,Kanto,"Road 2 (north, towards Pewter City)",9
166,Kanto,"Road 2 (south, towards Viridian City)",9
166,Sinnoh,Road 229,20
166,Unova,Dreamyard,10
166,Unova,Dreamyard (B1F),5
167,Alola,Alola Route 1 East,20
167,Alola,Alola Route 1 South,10
167,Alola,Alola Route 1 West,15
167,Hoenn,Safari Zone (expansion south),10
167,Johto,National Park,20
167,Johto,Road 29,30
167,Johto,Road 30,60
167,Johto,Road 31,60
167,Johto,Road 34,30
167,Johto,Road 35,30
167,Johto,Road 36,60
167,Johto,Road 37,60
167,Johto,Road 38,30
167,Johto,Road 39,30
167,Kanto,Pattern Bush,30
167,Kanto,"Road 2 (north, towards Pewter City)",35
167,Kanto,"Road 2 (south, towards Viridian City)",35
168,Alola,Alola Route 10 Area,20
168,Alola,Alola Route 11 Area,20
168,Alola,Alola Route 17 West,35
168,Alola,Malie Garden Area,20
168,Alola,Ulaula Meadow Area,20
168,Hoenn,Sky Pillar (1F),35
168,Hoenn,Sky Pillar (3F),35
168,Hoenn,Sky Pillar (5F),35
168,Johto,Road 37,5
168,Kalos,Friend Safari (Poison),33
168,Kanto,"Road 2 (north, towards Pewter City)",5
168,Kanto,"Road 2 (south, towards Viridian City)",5
168,Sinnoh,Road 229,20
168,Unova,Dreamyard,10
168,Unova,Dreamyard (B1F),5
169,Alola,Lush Jungle East Cave,15
169,Alola,Resolution Cave Area,15
169,Unova,Dreamyard,5
169,Unova,Giant Chasm (outside),5
169,Unova,Road 13,5
170,Alola,Akala Outskirts Area,40
170,Alola,Alola Route 8 Main,40
170,Hoenn,Road 124 (underwater),30
170,Hoenn,Road 126 (underwater),30
170,Johto,New Bark Town,60
170,Johto,Road 41,60
170,Johto,Road 47,60
170,Kalos,Azure Bay,35
170,Kalos,Shalour City,35
170,Kanto,Cinnabar Island,60
170,Kanto,Pallet Town,60
170,Kanto,Road 20,60
170,Kanto,Road 21,60
170,Kanto,Road 26,60
170,Kanto,Road 27,60
170,Kanto,S.S. Anne dock,60
170,Kanto,Vermilion City,60
170,Sinnoh,Road 220,40
170,Unova,Driftveil City,80
170,Unova,Road 18,1
170,Unova,Undella Bay,100
171,Alola,Akala Outskirts Area,30
171,Alola,Alola Route 8 Main,30
171,Johto,New Bark Town,10
171,Johto,Road 41,10
171,Johto,Road 47,10
171,Kalos,Azure Bay,5
171,Kalos,Shalour City,5
171,Kanto,Cinnabar Island,10
171,Kanto,Pallet Town,10
171,Kanto,Road 20,10
171,Kanto,Road 21,10
171,Kanto,Road 26,10
171,Kanto,Road 27,10
171,Kanto,S.S. Anne dock,10
171,Kanto,Vermilion City,10
171,Sinnoh,Road 220,5
171,Unova,Driftveil City,5
171,Unova,Undella Bay,15
172,Alola,Alola Route 1 East,5
172,Alola,Alola Route 1 West,5
172,Alola,Hauoli City Shopping District,5
172,Sinnoh,Trophy Garden,30
173,Alola,Mount Hokulani East,20
173,Alola,Mount Hokulani Main,10
173,Alola,Mount Hokulani West,20
173,Sinnoh,Mount Coronet (1F Road 207),25
173,Sinnoh,Mount Coronet (1F Road 211),29
174,Alola,Alola Route 4 Area,20
174,Alola,Alola Route 6 North,20
174,Alola,Alola Route 6 South,20
175,Kalos,Friend Safari (Fairy),33
175,Sinnoh,Road 230,22
177,Alola,Akala Outskirts Area,20
177,Hoenn,Safari Zone (NE/acro bike area),15
177,Hoenn,Safari Zone (SE),10
177,Hoenn,Safari Zone (SW),10
177,Johto,Ruins of Alph (outside),100
177,Kanto,Ruin Valley,25
177,Sinnoh,Road 224,40
178,Alola,Akala Outskirts Area,15
178,Hoenn,Mirage Island (Route 124),30
178,Hoenn,Mirage Island (South of Pacofidlog),10
178,Hoenn,Mirage Island (South of Route 134),30
178,Hoenn,Mirage Island (West Of Dewford Town),30
178,Hoenn,Mirage Island (West Of Route 104),30
178,Hoenn,Mirage Mountain (South East of Route 129),60
178,Hoenn,Safari Zone (NE/acro bike area),5
178,Kalos,Friend Safari (Psychic),33
179,Alola,Paniola Ranch Area,30
179,Hoenn,Safari Zone (expansion south),30
179,Johto,Road 32,50
179,Johto,Road 42,100
179,Johto,Road 43,25
179,Kalos,Road 12,35
179,Kanto,Altering Cave (B),100
179,Sinnoh,Valley Windworks,22
179,Unova,Floccesy Ranch (inner),10
180,Johto,Road 42,30
180,Johto,Road 43,100
180,Sinnoh,Road 222,22
183,Hoenn,Petalburg City,100
183,Hoenn,Road 102,99
183,Hoenn,Road 104,20
183,Hoenn,Road 111,99
183,Hoenn,Road 112,25
183,Hoenn,Road 114,99
183,Hoenn,Road 117,100
183,Hoenn,Road 120,100
183,Hoenn,Safari Zone (expansion south),39
183,Johto,Mount Mortar (1F),71
183,Johto,Mount Mortar (B1F),40
183,Johto,Mount Mortar (Lower Cave),5
183,Johto,Mount Mortar (Upper Cave),35
183,Johto,Road 42,5
183,Johto,Safari Zone Meadow,50
183,Kalos,Road 3,34
183,Kanto,Four Island,70
183,Kanto,Icefall Cave (entrance),5
183,Kanto,Ruin Valley,100
183,Sinnoh,Great Marsh Area 1,55
183,Sinnoh,Great Marsh Area 2,55
183,Sinnoh,Great Marsh Area 3,55
183,Sinnoh,Great Marsh Area 4,55
183,Sinnoh,Great Marsh Area 5,25
183,Sinnoh,Great Marsh Area 6,55
183,Sinnoh,"Road 212 (north, towards Hearthome City)",45
183,Sinnoh,Road 215,45
183,Unova,Abundant Shrine,100
183,Unova,Floccesy Ranch (Hidden Grotto),75
183,Unova,Floccesy Ranch (inner),30
183,Unova,Floccesy Ranch (outer),30
183,Unova,Pinwheel Forest (inside),90
183,Unova,Relic Tunnel (Relic Castle entrance),90
183,Unova,Road 11,20
183,Unova,Road 20,30
183,Unova,Road 22,100
183,Unova,Road 6,100
183,Unova,Victory Road 2 (unknown area 71),90
183,Unova,Victory Road 2 (unknown area 75),90
183,Unova,Victory Road 2 (unknown area 78),90
183,Unova,Village Bridge,100
184,Kalos,Friend Safari (Water),33
184,Kalos,Road 22,25
184,Sinnoh,Victory Road (B1F),30
184,Sinnoh,Victory Road (inside B1F),30
184,Unova,Abundant Shrine,10
184,Unova,Floccesy Ranch (inner),5
184,Unova,Floccesy Ranch (outer),5
184,Unova,Pinwheel Forest (inside),5
184,Unova,Relic Tunnel (Relic Castle entrance),5
184,Unova,Road 11,5
184,Unova,Road 20,5
184,Unova,Road 22,10
184,Unova,Road 6,10
184,Unova,Victory Road 2 (unknown area 71),5
184,Unova,Victory Road 2 (unknown area 75),5
184,Unova,Victory Road 2 (unknown area 78),5
184,Unova,Village Bridge,10
185,Alola,Alola Route 1 South,15
185,Alola,Lush Jungle North,15
185,Alola,Lush Jungle South,15
185,Alola,Lush Jungle West,15
185,Kalos,Road 20,5
185,Sinnoh,Road 214,27
185,Sinnoh,Road 221,25
186,Alola,Malie Garden Area,1
186,Kalos,Road 19,5
186,Unova,Floccesy Ranch (inner),5
186,Unova,Floccesy Ranch (outer),5
186,Unova,Lostlorn Forest,5
186,Unova,Road 19,5
186,Unova,Road 20,5
186,Unova,Road 6,5
186,Unova,Victory Road 2 (unknown area 73),5
186,Unova,Victory Road 2 (unknown area 79),5
187,Johto,Road 29,10
187,Johto,Road 30,10
187,Johto,Road 31,10
187,Johto,Road 32,30
187,Johto,Road 33,70
187,Johto,Road 48,11
187,Johto,Safari Zone Meadow,70
187,Kalos,Road 7,60
187,Kanto,Five Island,30
187,Kanto,Five Isle Meadow,45
187,Kanto,Memorial Pillar,100
187,Kanto,Resort Gorgeous,30
187,Kanto,Road 11,70
187,Kanto,Road 13,38
187,Kanto,Road 14,20
187,Kanto,Road 15,38
187,Kanto,Water Labyrinth,30
187,Sinnoh,Fuego Ironworks,20
187,Sinnoh,"Road 205 (east, towards Eterna City)",20
187,Sinnoh,"Road 205 (south, towards Floaroma Town)",22
188,Johto,Safari Zone Meadow,20
188,Kanto,Road 14,18
188,Sinnoh,Fuego Ironworks,2
188,Sinnoh,"Road 205 (east, towards Eterna City)",2
190,Alola,Poni Plains West,20
190,Hoenn,Safari Zone (expansion north),30
190,Hoenn,Safari Zone (expansion south),10
190,Johto,Azalea Town,60
190,Johto,Road 29,60
190,Johto,Road 30,60
190,Johto,Road 31,60
190,Johto,Road 32,60
190,Johto,Road 33,60
190,Johto,Road 42,60
190,Johto,Road 43,60
190,Johto,Road 44,60
190,Johto,Road 45,60
190,Johto,Road 46,60
190,Kalos,Friend Safari (Normal),33
190,Kanto,Altering Cave (F),100
190,Sinnoh,Eterna Forest,25
190,Sinnoh,Floaroma Meadow,25
190,Sinnoh,Fuego Ironworks,25
190,Sinnoh,"Road 205 (east, towards Eterna City)",25
190,Sinnoh,"Road 205 (south, towards Floaroma Town)",25
190,Sinnoh,Road 206,25
190,Sinnoh,Road 207,25
190,Sinnoh,Road 208,25
190,Sinnoh,Road 209,25
190,Sinnoh,"Road 210 (south, towards Solaceon Town)",25
190,Sinnoh,"Road 210 (west, towards Celestic Town)",25
190,Sinnoh,"Road 211 (east, towards Celestic Town)",25
190,Sinnoh,"Road 212 (east, towards Pastoria City)",25
190,Sinnoh,"Road 212 (north, towards Hearthome City)",25
190,Sinnoh,Road 213,25
190,Sinnoh,Road 214,25
190,Sinnoh,Road 215,25
190,Sinnoh,Road 218,25
190,Sinnoh,Road 221,25
190,Sinnoh,Road 222,25
190,Sinnoh,Valley Windworks,25
191,Hoenn,Mirage Forest (East of Mossdeep),30
191,Hoenn,Mirage Forest (North of Lilycove),30
191,Hoenn,Mirage Forest (North of Route 124),30
191,Hoenn,Mirage Forest (South of Route 109),10
191,Hoenn,Mirage Forest (South of Route 132),60
191,Hoenn,Mirage Forest (West of Route 114),30
191,Hoenn,Safari Zone (expansion north),10
191,Hoenn,Safari Zone (expansion south),30
191,Johto,National Park,25
191,Johto,Safari Zone Meadow,30
191,Kalos,Friend Safari (Grass),33
191,Kanto,Road 24,30
191,Sinnoh,"Road 204 (north, towards Floaroma Town)",22
191,Unova,Road 12,40
191,Unova,Road 20,76
192,Unova,Road 12,5
193,Johto,Road 35,93
193,Kalos,Road 10,35
193,Kanto,Ruin Valley,10
193,Sinnoh,Great Marsh Area 1,31
193,Sinnoh,Great Marsh Area 2,31
193,Sinnoh,Great Marsh Area 3,31
193,Sinnoh,Great Marsh Area 4,31
193,Sinnoh,Great Marsh Area 5,61
193,Sinnoh,Great Marsh Area 6,61
193,Unova,Pinwheel Forest (outside),20
193,Unova,Road 3,20
194,Hoenn,Safari Zone (expansion south),60
194,Johto,Road 32,39
194,Johto,Road 47 (cave gate),90
194,Johto,Road 47 (inside cave),10
194,Johto,Ruins of Alph (outside),70
194,Johto,Safari Zone Marshland,60
194,Johto,Safari Zone Meadow,60
194,Johto,Safari Zone Wetland,70
194,Johto,Union Cave (1F),80
194,Johto,Union Cave (B1F),80
194,Kalos,Friend Safari (Ground),33
194,Kanto,Four Island,70
194,Kanto,Icefall Cave (entrance),5
194,Kanto,Ruin Valley,100
194,Sinnoh,Great Marsh Area 1,100
194,Sinnoh,Great Marsh Area 2,100
194,Sinnoh,Great Marsh Area 3,100
194,Sinnoh,Great Marsh Area 4,100
194,Sinnoh,Great Marsh Area 5,100
194,Sinnoh,Great Marsh Area 6,100
194,Sinnoh,"Road 212 (east, towards Pastoria City)",100
195,Alola,Ultra Space Wilds Waterfall,15
195,Hoenn,Safari Zone (expansion south),1
195,Johto,Mount Silver (1F top),40
195,Johto,Mount Silver (2F),100
195,Johto,Mount Silver (3F),65
195,Johto,Mount Silver (4F),30
195,Johto,Mount Silver (top),20
195,Johto,Road 32,30
195,Johto,Road 47 (cave gate),10
195,Johto,Road 47 (inside cave),10
195,Johto,Ruins of Alph (outside),50
195,Johto,Safari Zone Wetland,40
195,Johto,Union Cave (1F),40
195,Johto,Union Cave (B1F),40
195,Johto,Union Cave (B2F),50
195,Kalos,Friend Safari (Water),33
195,Kalos,Road 14,90
195,Kalos,Road 19,100
195,Kanto,Road 10,45
195,Kanto,Road 12,30
195,Kanto,Road 13,69
195,Kanto,Road 14,39
195,Kanto,Road 15,39
195,Kanto,Road 26,11
195,Kanto,Road 27,65
195,Sinnoh,Great Marsh Area 1,30
195,Sinnoh,Great Marsh Area 2,30
195,Sinnoh,Great Marsh Area 3,30
195,Sinnoh,Great Marsh Area 4,30
195,Sinnoh,Great Marsh Area 5,30
195,Sinnoh,Great Marsh Area 6,30
195,Sinnoh,"Road 212 (east, towards Pastoria City)",30
196,Alola,Alola Route 4 Area,15
196,Alola,Alola Route 6 North,15
196,Alola,Alola Route 6 South,15
197,Alola,Alola Route 4 Area,15
197,Alola,Alola Route 6 North,15
197,Alola,Alola Route 6 South,15
198,Alola,Hauoli Cemetery Area,40
198,Alola,Vast Poni Canyon Outside,10
198,Johto,Safari Zone Swamp,50
198,Kalos,Road 15,60
198,Kalos,Road 16,60
198,Kanto,Lost Cave (item rooms),20
198,Kanto,Lost Cave (room 1),5
198,Kanto,Lost Cave (room 10),5
198,Kanto,Lost Cave (room 2),5
198,Kanto,Lost Cave (room 3),5
198,Kanto,Lost Cave (room 4),5
198,Kanto,Lost Cave (room 5),5
198,Kanto,Lost Cave (room 6),5
198,Kanto,Lost Cave (room 7),5
198,Kanto,Lost Cave (room 8),5
198,Kanto,Lost Cave (room 9),5
198,Kanto,Road 16,15
198,Kanto,Road 18,10
198,Kanto,Road 7,35
198,Sinnoh,Eterna Forest,20
198,Sinnoh,Lost Tower (1F),20
198,Sinnoh,Lost Tower (2F),20
198,Sinnoh,Lost Tower (3F),20
198,Sinnoh,Lost Tower (4F),20
198,Sinnoh,Lost Tower (5F),20
198,Unova,Abundant Shrine,10
198,Unova,Pinwheel Forest (Hidden Grotto – Inner area),5
199,Alola,Kalae Bay Area,15
199,Unova,Abundant Shrine,5
200,Alola,Hauoli Cemetery Area,30
200,Alola,Poni Meadow Area,10
200,Johto,Mount Silver (1F top),10
200,Johto,Mount Silver (2F),10
200,Johto,Mount Silver (3F),30
200,Johto,Mount Silver (4F),10
200,Johto,Mount Silver (top),15
200,Johto,Road 47 (inside cave),5
200,Johto,Safari Zone Forest,50
200,Kanto,Lost Cave (item rooms),20
200,Kanto,Lost Cave (room 1),5
200,Kanto,Lost Cave (room 10),5
200,Kanto,Lost Cave (room 2),5
200,Kanto,Lost Cave (room 3),5
200,Kanto,Lost Cave (room 4),5
200,Kanto,Lost Cave (room 5),5
200,Kanto,Lost Cave (room 6),5
200,Kanto,Lost Cave (room 7),5
200,Kanto,Lost Cave (room 8),5
200,Kanto,Lost Cave (room 9),5
200,Sinnoh,Eterna Forest,20
200,Sinnoh,Lost Tower (1F),20
200,Sinnoh,Lost Tower (2F),20
200,Sinnoh,Lost Tower (3F),20
200,Sinnoh,Lost Tower (4F),20
200,Sinnoh,Lost Tower (5F),20
200,Unova,Abundant Shrine,10
201,Hoenn,Mirage Cave (South of Route 107),100
201,Johto,Ruins of Alph (interior A),100
201,Johto,Ruins of Alph (interior B),100
201,Johto,Ruins of Alph (interior C),100
201,Johto,Ruins of Alph (interior D),100
201,Kanto,Dilford Chamber,100
201,Kanto,Liptoo Chamber,100
201,Kanto,Monean Chamber,100
201,Kanto,Rixy Chamber,100
201,Kanto,Scufib Chamber,100
201,Kanto,Viapos Chamber,100
201,Kanto,Weepth Chamber,100
201,Sinnoh,Solaceon Ruins (1F),100
201,Sinnoh,Solaceon Ruins (2F),100
201,Sinnoh,Solaceon Ruins (B1F A),100
201,Sinnoh,Solaceon Ruins (B1F B),100
201,Sinnoh,Solaceon Ruins (B1F C),100
201,Sinnoh,Solaceon Ruins (B2F A),100
201,Sinnoh,Solaceon Ruins (B2F B),100
201,Sinnoh,Solaceon Ruins (B2F C),100
201,Sinnoh,Solaceon Ruins (B3F A),100
201,Sinnoh,Solaceon Ruins (B3F B),100
201,Sinnoh,Solaceon Ruins (B3F C),100
201,Sinnoh,Solaceon Ruins (B3F D),100
201,Sinnoh,Solaceon Ruins (B3F E),100
201,Sinnoh,Solaceon Ruins (B4F A),100
201,Sinnoh,Solaceon Ruins (B4F B),100
201,Sinnoh,Solaceon Ruins (B4F C),100
201,Sinnoh,Solaceon Ruins (B4F D),100
201,Sinnoh,Solaceon Ruins (B5F),100
202,Hoenn,Safari Zone (SE),10
202,Hoenn,Safari Zone (SW),10
202,Johto,Dark Cave (Blackthorn City entrance),15
202,Johto,Safari Zone Peak,20
202,Kalos,Friend Safari (Psychic),33
202,Kalos,Reflection Cave (unknown area 305),10
202,Kalos,Reflection Cave (unknown area 306),10
202,Kalos,Reflection Cave (unknown area 307),10
202,Kalos,Reflection Cave (unknown area 308),10
202,Kanto,Cerulean Cave (1F),5
202,Kanto,Cerulean Cave (2F),5
202,Kanto,Cerulean Cave (B1F),5
202,Kanto,Ruin Valley,5
202,Sinnoh,Lake Acuity,22
202,Sinnoh,Lake Valor,22
202,Sinnoh,Lake Verity (after Galactic intervention),22
202,Sinnoh,Lake Verity (before Galactic intervention),22
203,Hoenn,Mirage Mountain (South of Route 131),10
203,Hoenn,Safari Zone (SE),20
203,Hoenn,Safari Zone (SW),20
203,Johto,Road 43,90
203,Johto,Road 48,5
203,Johto,Safari Zone Plains,80
203,Kalos,Friend Safari (Psychic),33
203,Sinnoh,Road 214,10
203,Sinnoh,Road 221,25
203,Sinnoh,Valor Lakefront,30
203,Unova,Nature Sanctuary,30
204,Alola,Alola Route 10 Area,30
204,Hoenn,Safari Zone (expansion north),5
204,Johto,Azalea Town,30
204,Johto,Ilex Forest,60
204,Johto,Lake of Rage,30
204,Johto,Road 29,30
204,Johto,Road 30,30
204,Johto,Road 31,30
204,Johto,Road 32,30
204,Johto,Road 34,30
204,Johto,Road 35,30
204,Johto,Road 36,30
204,Johto,Road 37,30
204,Johto,Road 38,30
204,Johto,Road 39,30
204,Johto,Road 43,30
204,Kanto,Altering Cave (C),100
204,Kanto,Road 26,30
204,Kanto,Road 27,30
204,Sinnoh,Eterna Forest,8
204,Sinnoh,Road 203,8
204,Sinnoh,"Road 204 (north, towards Floaroma Town)",8
204,Sinnoh,"Road 204 (south, towards Jubilife City)",8
204,Sinnoh,"Road 210 (south, towards Solaceon Town)",8
204,Sinnoh,Road 229,8
205,Hoenn,Mirage Forest (West of Route 105),60
205,Hoenn,Mirage Mountain (North East of Route 125),30
205,Hoenn,Mirage Mountain (North of Lilycove),30
205,Hoenn,Mirage Mountain (South of Route 131),30
205,Hoenn,Mirage Mountain (West of Route 104),30
205,Kalos,Friend Safari (Steel),33
206,Alola,Alola Route 2 North,15
206,Alola,Alola Route 2 South,15
206,Johto,Dark Cave (Violet City entrance),100
206,Kalos,Friend Safari (Normal),33
206,Kalos,Road 22,10
206,Kalos,Road 3,5
206,Kanto,Three Isle Port,100
206,Sinnoh,Road 208,40
206,Unova,Dreamyard,10
206,Unova,Floccesy Ranch (Hidden Grotto),5
206,Unova,Floccesy Ranch (inner),10
206,Unova,Nature Sanctuary,10
206,Unova,Road 1,10
206,Unova,Road 12,10
206,Unova,Road 18,10
206,Unova,Road 2,10
206,Unova,Road 20,10
206,Unova,Road 6,10
206,Unova,Unova Route 6 (Hidden Grotto – Near Pokemon Breeder),5
206,Unova,Victory Road 2 (unknown area 72),10
206,Unova,Victory Road 2 (unknown area 73),10
206,Unova,Victory Road 2 (unknown area 79),10
206,Unova,Village Bridge,10
207,Hoenn,Safari Zone (expansion south),5
207,Johto,Road 45,60
207,Kalos,Road 19,35
207,Sinnoh,Road 206,30
207,Sinnoh,Road 207,8
207,Sinnoh,Road 214,8
207,Sinnoh,Road 215,8
207,Sinnoh,Road 227,8
207,Sinnoh,Stark Mountain exterior,8
207,Unova,Road 11,30
207,Unova,Road 15,50
207,Unova,Road 23,20
207,Unova,Unova Route 23 (Hidden Grotto),5
208,Johto,Mount Silver (2F),20
208,Johto,Road 47 (inside cave),2
208,Sinnoh,Iron Island (B2F left),10
208,Sinnoh,Iron Island (B2F right),10
208,Sinnoh,Iron Island (B3F),30
208,Sinnoh,Snowpoint Temple (1F),5
208,Sinnoh,Snowpoint Temple (B1F),15
208,Sinnoh,Snowpoint Temple (B2F),15
208,Sinnoh,Snowpoint Temple (B3F),15
208,Sinnoh,Snowpoint Temple (B4F),20
208,Sinnoh,Snowpoint Temple (B5F),20
208,Sinnoh,Victory Road (1F),10
208,Sinnoh,Victory Road (2F),40
208,Sinnoh,Victory Road (B1F),10
208,Sinnoh,Victory Road (inside B1F),10
208,Sinnoh,Victory Road (inside exit),10
208,Sinnoh,Victory Road (inside),10
208,Unova,Clay Tunnel,5
208,Unova,Glacier Room,5
208,Unova,Iron Room,5
208,Unova,Rocky Mountain Room,5
208,Unova,Twist Mountain,5
208,Unova,Underground Ruins,5
209,Hoenn,Safari Zone (expansion south),5
209,Johto,Road 34,60
209,Johto,Road 35,60
209,Johto,Road 38,41
209,Kalos,Friend Safari (Fairy),33
209,Kalos,Road 10,40
209,Kanto,Road 5,60
209,Kanto,Road 6,60
209,Kanto,Road 7,40
209,Kanto,Road 8,60
209,Sinnoh,Road 209,40
210,Alola,Ancient Poni Path Area,20
210,Alola,Poni Gauntlet Area,20
210,Alola,Poni Grove Area,20
210,Alola,Poni Wilds Area,20
210,Kanto,Road 6,10
210,Unova, Route 2 (Hidden Grotto),5
211,Johto,Road 32,100
211,Kalos,Road 8,60
211,Kanto,Five Isle Meadow,40
211,Kanto,Green Path,40
211,Kanto,Memorial Pillar,40
211,Kanto,Outcast Island,40
211,Kanto,Resort Gorgeous,40
211,Kanto,Road 12,10
211,Kanto,Road 13,10
211,Kanto,Tanoby Ruins,40
211,Kanto,Trainer Tower,40
211,Kanto,Water Labyrinth,40
211,Kanto,Water Path,40
211,Sinnoh,Iron Island area,15
211,Unova,P2 Laboratory,40
211,Unova,Road 17,40
211,Unova,Road 18,40
211,Unova,Road 4,45
211,Unova,Virbank City,5
211,Unova,Virbank Complex (outer),5
213,Hoenn,Safari Zone (expansion north),100
213,Johto,Cianwood City,10
213,Johto,Dark Cave (Violet City entrance),10
213,Johto,Road 40,10
213,Kalos,Friend Safari (Rock),33
213,Kalos,Road 18,5
213,Kalos,Terminus Cave (unknown area 343),5
213,Kalos,Terminus Cave (unknown area 344),5
213,Kalos,Terminus Cave (unknown area 345),5
213,Kalos,Victory Road (unknown area 322),5
213,Kalos,Victory Road (unknown area 324),5
213,Kanto,Altering Cave (G),100
213,Kanto,Vermilion City,10
213,Sinnoh,Road 224,8
213,Unova,Road 14,10
213,Unova,Seaside Cave (B1F),5
214,Alola,Poni Grove Area,10
214,Hoenn,Safari Zone (NE/acro bike area),5
214,Johto,Azalea Town,30
214,Johto,Road 29,30
214,Johto,Road 30,30
214,Johto,Road 31,30
214,Johto,Road 32,30
214,Johto,Road 33,30
214,Johto,Road 42,30
214,Johto,Road 43,30
214,Johto,Road 44,30
214,Johto,Road 45,30
214,Johto,Road 46,30
214,Kalos,Friend Safari (Bug),33
214,Kalos,Road 12,10
214,Kanto,Pattern Bush,20
214,Sinnoh,Eterna Forest,5
214,Sinnoh,Floaroma Meadow,5
214,Sinnoh,Fuego Ironworks,5
214,Sinnoh,"Road 205 (east, towards Eterna City)",5
214,Sinnoh,"Road 205 (south, towards Floaroma Town)",5
214,Sinnoh,Road 206,5
214,Sinnoh,Road 207,5
214,Sinnoh,Road 208,5
214,Sinnoh,Road 209,5
214,Sinnoh,"Road 210 (south, towards Solaceon Town)",5
214,Sinnoh,"Road 210 (west, towards Celestic Town)",5
214,Sinnoh,"Road 211 (east, towards Celestic Town)",5
214,Sinnoh,"Road 212 (east, towards Pastoria City)",5
214,Sinnoh,"Road 212 (north, towards Hearthome City)",5
214,Sinnoh,Road 213,5
214,Sinnoh,Road 214,5
214,Sinnoh,Road 215,5
214,Sinnoh,Road 218,5
214,Sinnoh,Road 221,5
214,Sinnoh,Road 222,5
214,Sinnoh,Valley Windworks,5
214,Unova,Lostlorn Forest,10
214,Unova,Lostlorn Forest (Hidden Grotto),4
214,Unova,Road 12,30
215,Alola,Mount Lanakila Cave,20
215,Alola,Mount Lanakila Outside,20
215,Johto,Ice Path (B1F),1
215,Johto,Ice Path (B2F),5
215,Johto,Ice Path (B3F),10
215,Johto,Mount Silver (1F top),20
215,Johto,Mount Silver (4F),20
215,Johto,Mount Silver (outside),10
215,Johto,Mount Silver (top),20
215,Kalos,Friend Safari (Dark),33
215,Kalos,Friend Safari (Ice),33
215,Kalos,Road 17,29
215,Kanto,Icefall Cave (1F),5
215,Kanto,Icefall Cave (B1F),5
215,Kanto,Road 28,10
215,Sinnoh,Acuity Lakefront,51
215,Sinnoh,Lake Acuity,33
215,Sinnoh,Road 216,35
215,Sinnoh,Road 217,51
215,Sinnoh,Snowpoint Temple (1F),35
215,Sinnoh,Snowpoint Temple (B1F),35
215,Sinnoh,Snowpoint Temple (B2F),35
215,Sinnoh,Snowpoint Temple (B3F),35
215,Sinnoh,Snowpoint Temple (B4F),35
215,Sinnoh,Snowpoint Temple (B5F),35
215,Unova,Giant Chasm,20
215,Unova,Giant Chasm (Hidden Grotto),10
215,Unova,Giant Chasm (forest cave),10
216,Hoenn,Safari Zone (expansion north),30
216,Johto,Dark Cave (Blackthorn City entrance),5
216,Johto,Dark Cave (Violet City entrance),5
216,Johto,Mount Silver (1F top),10
216,Johto,Mount Silver (1F),10
216,Johto,Mount Silver (3F),10
216,Johto,Mount Silver (mountainside),10
216,Johto,Road 45,10
216,Kalos,Friend Safari (Normal),33
216,Kanto,Altering Cave (E),100
216,Sinnoh,Acuity Lakefront,8
216,Sinnoh,Lake Acuity,8
216,Sinnoh,"Road 211 (east, towards Celestic Town)",8
216,Sinnoh,"Road 211 (west, towards Eterna City)",8
217,Johto,Dark Cave (Blackthorn City entrance),25
217,Johto,Mount Silver (1F top),20
217,Johto,Mount Silver (1F),90
217,Johto,Mount Silver (2F),60
217,Johto,Mount Silver (3F),20
217,Johto,Mount Silver (4F),20
217,Johto,Mount Silver (mountainside),10
217,Johto,Mount Silver (outside),60
217,Johto,Mount Silver (top),20
217,Kalos,Road 21,50
217,Kanto,Road 28,60
217,Kanto,Victory Road 1 (1F),20
217,Kanto,Victory Road 1 (2F),20
217,Kanto,Victory Road 1 (3F),20
217,Sinnoh,Acuity Lakefront,8
217,Sinnoh,Lake Acuity,8
217,Sinnoh,Road 216,8
217,Sinnoh,Road 217,8
218,Hoenn,Fiery Path,10
218,Hoenn,Road 113,25
218,Kalos,Friend Safari (Fire),33
218,Kalos,Road 13,34
218,Kanto,Mount Ember (B1F),30
218,Kanto,Mount Ember (B2F),60
218,Kanto,Mount Ember (B3F),100
218,Kanto,Road 16,15
218,Kanto,Road 17,45
218,Kanto,Road 18,15
218,Sinnoh,Stark Mountain entrance,21
218,Sinnoh,Stark Mountain main cavern,21
219,Alola,Ultra Space Wilds Cave,15
219,Kalos,Friend Safari (Rock),33
219,Kanto,Mount Ember (B3F),10
219,Sinnoh,Stark Mountain entrance,30
219,Sinnoh,Stark Mountain main cavern,40
220,Johto,Ice Path (1F),100
220,Johto,Ice Path (B1F),100
220,Johto,Ice Path (B2F),100
220,Johto,Ice Path (B3F),100
220,Kanto,Icefall Cave (1F),50
220,Kanto,Icefall Cave (B1F),50
220,Sinnoh,Acuity Lakefront,35
220,Sinnoh,Road 217,40
221,Kalos,Friend Safari (Ice),33
221,Kalos,Frost Cavern (unknown area 314),20
221,Kalos,Frost Cavern (unknown area 315),20
221,Kalos,Frost Cavern (unknown area 316),20
221,Kalos,Frost Cavern (unknown area 317),20
221,Sinnoh,Road 217,22
221,Unova,Giant Chasm,25
221,Unova,Giant Chasm (forest cave),60
221,Unova,Giant Chasm (forest),60
222,Alola,Alola Route 9 Main,15
222,Alola,Hauoli City Beachfront,40
222,Alola,Melemele Sea Area,30
222,Hoenn,Ever Grande City,15
222,Hoenn,Road 128,15
222,Johto,Cherrygrove City,80
222,Johto,Cianwood City,80
222,Johto,Olivine City,80
222,Johto,Road 34,80
222,Johto,Road 40,80
222,Johto,Union Cave (B2F),80
222,Kalos,Friend Safari (Rock),33
222,Kalos,Road 12,60
222,Kanto,Road 19,80
222,Sinnoh,Road 230,40
222,Unova,Humilau City,30
222,Unova,Road 13,30
222,Unova,Road 18,5
222,Unova,Undella Town,30
222,Unova,Unova Route 18 (Hidden Grotto),38
223,Alola,Alola Route 8 Main,20
223,Alola,Hauoli City Beachfront,45
223,Alola,Kalae Bay Area,55
223,Alola,Melemele Sea Area,45
223,Hoenn,Safari Zone (expansion south),79
223,Johto,Road 44,100
223,Kalos,Azure Bay,65
223,Kalos,Road 12,65
223,Kalos,Shalour City,65
223,Kanto,Five Isle Meadow,40
223,Kanto,Green Path,40
223,Kanto,Memorial Pillar,40
223,Kanto,Outcast Island,40
223,Kanto,Resort Gorgeous,40
223,Kanto,Tanoby Ruins,40
223,Kanto,Trainer Tower,40
223,Kanto,Water Labyrinth,40
223,Kanto,Water Path,40
223,Sinnoh,Pastoria City,45
223,Sinnoh,"Road 212 (east, towards Pastoria City)",45
223,Sinnoh,Road 213,45
223,Sinnoh,Road 222,45
223,Sinnoh,Road 223,45
223,Sinnoh,Road 224,45
223,Sinnoh,Road 230,45
223,Sinnoh,Sinnoh League,45
223,Sinnoh,Sunyshore City,45
223,Unova,Road 21,100
223,Unova,Undella Bay,85
223,Unova,Undella Town,55
224,Alola,Alola Route 8 Main,30
224,Alola,Hauoli City Beachfront,30
224,Alola,Kalae Bay Area,30
224,Alola,Melemele Sea Area,30
224,Hoenn,Safari Zone (expansion south),1
224,Kalos,Azure Bay,35
224,Kalos,Friend Safari (Water),33
224,Kalos,Road 12,35
224,Kalos,Shalour City,35
224,Sinnoh,Pastoria City,45
224,Sinnoh,"Road 212 (east, towards Pastoria City)",45
224,Sinnoh,Road 213,45
224,Sinnoh,Road 222,45
224,Sinnoh,Road 223,20
224,Sinnoh,Road 224,45
224,Sinnoh,Road 230,15
224,Sinnoh,Sinnoh League,45
224,Sinnoh,Sunyshore City,45
224,Unova,Road 21,5
224,Unova,Undella Bay,15
224,Unova,Undella Town,15
225,Alola,Alola Route 3 North,10
225,Alola,Seaward Cave Area,30
225,Johto,Ice Path (1F),60
225,Johto,Ice Path (B1F),60
225,Johto,Ice Path (B2F),60
225,Johto,Ice Path (B3F),60
225,Kalos,Friend Safari (Ice),33
225,Kalos,Road 17,40
225,Kanto,Icefall Cave (1F),5
225,Kanto,Icefall Cave (B1F),5
225,Sinnoh,Road 216,40
225,Sinnoh,Road 217,40
225,Unova,Giant Chasm,10
225,Unova,Giant Chasm (forest cave),10
225,Unova,Giant Chasm (forest),10
225,Unova,Giant Chasm (outside),10
225,Unova,Road 22,10
226,Johto,Road 41,10
226,Kanto,Tanoby Ruins,5
226,Kanto,Trainer Tower,5
226,Unova,Road 21,5
226,Unova,Undella Bay,15
226,Unova,Undella Town,10
227,Alola,Alola Route 10 Area,30
227,Alola,Alola Route 17 Northeast,15
227,Alola,Mount Hokulani Main,10
227,Alola,Mount Hokulani West,10
227,Alola,Vast Poni Canyon Outside,10
227,Hoenn,Road 113,5
227,Johto,Road 45,10
227,Kalos,Friend Safari (Steel),33
227,Kanto,Sevault Canyon,5
227,Sinnoh,Road 227,5
227,Sinnoh,Stark Mountain exterior,5
227,Unova,Reversal Mountain (unknown area 48),20
228,Hoenn,Safari Zone (expansion north),5
228,Kalos,Road 10,35
228,Kanto,Altering Cave (D),100
228,Kanto,Road 7,20
228,Sinnoh,Road 214,41
228,Sinnoh,Valor Lakefront,20
229,Alola,Alola Route 12 Area,20
229,Sinnoh,Road 214,22
229,Sinnoh,Road 215,22
230,Unova,P2 Laboratory,5
230,Unova,Road 17,5
230,Unova,Road 18,5
231,Hoenn,Safari Zone (NE/acro bike area),30
231,Johto,Mount Silver (1F top),10
231,Johto,Mount Silver (1F),10
231,Johto,Mount Silver (3F),10
231,Johto,Mount Silver (mountainside),10
231,Johto,Road 45,10
231,Johto,Road 46,5
231,Kalos,Friend Safari (Ground),33
231,Kanto,Canyon Entrance,15
231,Kanto,Sevault Canyon,20
231,Sinnoh,Road 207,40
232,Hoenn,Mirage Mountain (North East of Route 125),30
232,Hoenn,Mirage Mountain (North of Lilycove),30
232,Hoenn,Mirage Mountain (South of Route 131),30
232,Hoenn,Mirage Mountain (West of Route 104),30
232,Johto,Mount Silver (1F top),20
232,Johto,Mount Silver (1F),30
232,Johto,Mount Silver (2F),60
232,Johto,Mount Silver (3F),20
232,Johto,Mount Silver (4F),20
232,Johto,Mount Silver (mountainside),10
232,Johto,Mount Silver (outside),60
232,Johto,Mount Silver (top),20
232,Johto,Road 45,25
232,Kanto,Road 28,60
232,Kanto,Victory Road 1 (1F),20
232,Kanto,Victory Road 1 (2F),20
232,Kanto,Victory Road 1 (3F),20
234,Hoenn,Mirage Mountain (West of Route 104),10
234,Hoenn,Safari Zone (expansion south),5
234,Johto,Road 36,15
234,Johto,Road 37,90
234,Johto,Safari Zone Plains,20
234,Kanto,Altering Cave (H),100
234,Sinnoh,Road 207,22
234,Unova,Abundant Shrine,20
235,Alola,Alola Route 2 North,10
235,Alola,Alola Route 2 South,20
235,Hoenn,Artisan Cave,100
235,Johto,Ruins of Alph (outside),10
235,Johto,Safari Zone Plains,20
235,Kalos,Friend Safari (Normal),33
235,Kalos,Road 7,30
235,Kanto,Altering Cave (I),100
235,Sinnoh,Road 208,22
235,Sinnoh,"Road 212 (north, towards Hearthome City)",22
236,Kalos,Friend Safari (Fighting),33
236,Sinnoh,Road 208,22
236,Sinnoh,"Road 211 (west, towards Eterna City)",22
238,Alola,Seaward Cave Area,30
238,Kalos,Frost Cavern (unknown area 313),5
238,Kalos,Frost Cavern (unknown area 314),5
238,Kalos,Frost Cavern (unknown area 315),5
238,Kalos,Frost Cavern (unknown area 316),5
238,Kalos,Frost Cavern (unknown area 317),5
238,Sinnoh,Lake Acuity,40
238,Sinnoh,Snowpoint Temple (1F),10
239,Alola,Alola Route 12 Area,10
239,Alola,Blush Mountain Area,10
239,Alola,Mount Hokulani West,10
239,Hoenn,Mirage Mountain (South of Route 129),40
239,Sinnoh,"Road 205 (south, towards Floaroma Town)",8
239,Sinnoh,Valley Windworks,8
239,Unova,Virbank Complex (inner),50
239,Unova,Virbank Complex (outer),15
240,Alola,Wela Volcano Park Area,15
240,Hoenn,Mirage Mountain (North of Mossdeep),40
240,Sinnoh,Road 227,8
240,Sinnoh,Stark Mountain entrance,8
240,Sinnoh,Stark Mountain exterior,8
240,Sinnoh,Stark Mountain main cavern,8
240,Unova,Virbank Complex (inner),50
240,Unova,Virbank Complex (outer),15
241,Alola,Paniola Ranch Area,20
241,Alola,Poni Plains Center,25
241,Alola,Poni Plains East,25
241,Alola,Poni Plains North,25
241,Alola,Poni Plains West,25
241,Hoenn,Safari Zone (expansion north),5
241,Johto,Road 38,20
241,Johto,Road 39,15
241,Johto,Road 47,20
241,Kalos,Road 12,45
241,Sinnoh,Road 209,20
241,Sinnoh,"Road 210 (south, towards Solaceon Town)",20
242,Alola,Poni Plains Center,15
243,Alola,Ultra Space Wilds Crag,100
243,Alola,Ultra Space Wilds Rocky World,15
243,Hoenn,Trackless Forest Area,100
243,Johto,Wandert durch Johto,25
243,Kanto,Roaming Kanto,25
244,Alola,Ultra Space Wilds Crag,100
244,Alola,Ultra Space Wilds Rocky World,15
244,Hoenn,Trackless Forest Area,100
244,Johto,Wandert durch Johto,25
244,Kanto,Roaming Kanto,25
245,Alola,Ultra Space Wilds Water World,15
245,Alola,Ultra Space Wilds Waterfall,100
245,Hoenn,Trackless Forest Area,100
245,Johto,Bell Tower (1F),100
245,Johto,Wandert durch Johto,10
245,Kanto,Road 25,100
245,Kanto,Roaming Kanto,25
246,Alola,Digletts Tunnel Area,10
246,Johto,Mount Silver (1F top),5
246,Johto,Mount Silver (1F),10
246,Johto,Mount Silver (2F),15
246,Johto,Mount Silver (3F),5
246,Johto,Mount Silver (4F),5
246,Johto,Mount Silver (mountainside),5
246,Johto,Mount Silver (top),18
246,Johto,Safari Zone Mountain,20
246,Kalos,Terminus Cave (unknown area 343),5
246,Kalos,Terminus Cave (unknown area 344),5
246,Kalos,Terminus Cave (unknown area 345),5
246,Kalos,Terminus Cave (unknown area 347),5
246,Kalos,Terminus Cave (unknown area 348),5
246,Kanto,Sevault Canyon,5
246,Sinnoh,Road 206,40
246,Sinnoh,Road 207,22
247,Johto,Mount Silver (3F),5
247,Johto,Mount Silver (top),2
247,Kalos,Friend Safari (Rock),33
247,Kalos,Road 18,40
247,Kalos,Terminus Cave (unknown area 343),20
247,Kalos,Terminus Cave (unknown area 344),20
247,Kalos,Terminus Cave (unknown area 345),20
247,Kalos,Terminus Cave (unknown area 347),20
247,Kalos,Terminus Cave (unknown area 348),20
247,Unova,Road 15,30
248,Unova,Road 15,5
249,Alola,Ultra Space Wilds Water World,15
249,Alola,Ultra Space Wilds Waterfall,100
249,Hoenn,Sea Mauville (Inside),100
249,Johto,Whirl Islands (B2F),100
249,Johto,Whirl Islands (B3F),100
249,Kanto,Navel Rock,100
250,Alola,Ultra Space Wilds Cliff,100
250,Alola,Ultra Space Wilds Cliff World,15
250,Hoenn,Sea Mauville (Inside),100
250,Johto,Bell Tower (roof),100
250,Kanto,Navel Rock,100
251,Johto,Ilex Forest,100
261,Hoenn,Petalburg Woods,30
261,Hoenn,Road 101,45
261,Hoenn,Road 102,30
261,Hoenn,Road 103,60
261,Hoenn,Road 104,40
261,Hoenn,Road 110,20
261,Hoenn,Road 116,28
261,Hoenn,Road 117,30
261,Hoenn,Road 120,20
261,Hoenn,Road 121,20
261,Hoenn,Road 123,20
261,Kanto,Road 1,40
261,Sinnoh,Road 214,22
262,Hoenn,Road 120,30
262,Hoenn,Road 121,20
262,Hoenn,Road 123,20
262,Kalos,Friend Safari (Dark),33
262,Kalos,Road 15,40
262,Sinnoh,Road 214,22
262,Sinnoh,Road 215,22
263,Hoenn,Hoenn Route 104 North Oras,95
263,Hoenn,Hoenn Route 104 South Oras,95
263,Hoenn,Petalburg Woods,35
263,Hoenn,Road 101,95
263,Hoenn,Road 102,60
263,Hoenn,Road 103,60
263,Hoenn,Road 104,50
263,Hoenn,Road 110,20
263,Hoenn,Road 116,60
263,Hoenn,Road 117,60
263,Hoenn,Road 118,30
263,Hoenn,Road 119,30
263,Hoenn,Road 120,20
263,Hoenn,Road 121,20
263,Hoenn,Road 123,20
263,Johto,Bell Tower (10F),20
263,Johto,Bell Tower (2F),20
263,Johto,Bell Tower (3F),20
263,Johto,Bell Tower (4F),20
263,Johto,Bell Tower (5F),20
263,Johto,Bell Tower (6F),20
263,Johto,Bell Tower (7F),20
263,Johto,Bell Tower (8F),20
263,Johto,Bell Tower (9F),20
263,Johto,Burned Tower (1F),20
263,Johto,Burned Tower (B1F),20
263,Johto,Sprout Tower (2F),20
263,Johto,Sprout Tower (3F),20
263,Johto,Unknown Area; all Rattata,40
263,Kalos,Road 2,15
263,Sinnoh,Road 202,40
264,Hoenn,Road 118,10
264,Hoenn,Road 119,30
264,Hoenn,Road 120,30
264,Hoenn,Road 121,20
264,Hoenn,Road 123,20
264,Johto,Mount Silver (outside),20
264,Johto,Road 30,20
264,Johto,Road 31,20
264,Johto,Road 32,20
264,Johto,Road 34,20
264,Johto,Road 35,20
264,Johto,Road 42,20
264,Johto,Road 43,20
264,Johto,Road 44,20
264,Johto,Road 45,20
264,Johto,Road 47,20
264,Johto,Ruins of Alph (outside),20
264,Kanto,Road 10,20
264,Kanto,Road 13,20
264,Kanto,Road 21,20
264,Kanto,Road 22,20
264,Kanto,Road 24,20
264,Kanto,Road 25,20
264,Kanto,Road 26,20
264,Kanto,Road 27,20
264,Kanto,Road 28,20
264,Kanto,Road 4,20
264,Kanto,Road 6,20
264,Kanto,Road 9,20
265,Hoenn,Petalburg Woods,60
265,Hoenn,Road 101,45
265,Hoenn,Road 102,30
265,Hoenn,Road 104,30
265,Sinnoh,Eterna Forest,85
265,Sinnoh,Floaroma Meadow,45
265,Sinnoh,Fuego Ironworks,45
265,Sinnoh,"Road 204 (north, towards Floaroma Town)",20
265,Sinnoh,"Road 204 (south, towards Jubilife City)",20
265,Sinnoh,"Road 205 (east, towards Eterna City)",45
265,Sinnoh,"Road 205 (south, towards Floaroma Town)",45
265,Sinnoh,Road 206,45
265,Sinnoh,Road 207,45
265,Sinnoh,Road 208,45
265,Sinnoh,Road 209,45
265,Sinnoh,"Road 210 (south, towards Solaceon Town)",45
265,Sinnoh,"Road 210 (west, towards Celestic Town)",45
265,Sinnoh,"Road 211 (east, towards Celestic Town)",45
265,Sinnoh,"Road 212 (east, towards Pastoria City)",45
265,Sinnoh,"Road 212 (north, towards Hearthome City)",45
265,Sinnoh,Road 213,45
265,Sinnoh,Road 214,45
265,Sinnoh,Road 215,45
265,Sinnoh,Road 218,45
265,Sinnoh,Road 221,45
265,Sinnoh,Road 222,45
265,Sinnoh,Valley Windworks,45
266,Hoenn,Petalburg Woods,10
266,Sinnoh,Eterna Forest,40
266,Sinnoh,Floaroma Meadow,20
266,Sinnoh,Fuego Ironworks,20
266,Sinnoh,"Road 205 (east, towards Eterna City)",20
266,Sinnoh,"Road 205 (south, towards Floaroma Town)",20
266,Sinnoh,Road 206,20
266,Sinnoh,Road 207,20
266,Sinnoh,Road 208,20
266,Sinnoh,Road 209,20
266,Sinnoh,"Road 210 (south, towards Solaceon Town)",20
266,Sinnoh,"Road 210 (west, towards Celestic Town)",20
266,Sinnoh,"Road 211 (east, towards Celestic Town)",20
266,Sinnoh,"Road 212 (east, towards Pastoria City)",20
266,Sinnoh,"Road 212 (north, towards Hearthome City)",20
266,Sinnoh,Road 213,20
266,Sinnoh,Road 214,20
266,Sinnoh,Road 215,20
266,Sinnoh,Road 218,20
266,Sinnoh,Road 221,20
266,Sinnoh,Road 222,20
266,Sinnoh,Valley Windworks,20
267,Kalos,Friend Safari (Bug),33
267,Sinnoh,Eterna Forest,2
267,Sinnoh,"Road 205 (east, towards Eterna City)",1
267,Sinnoh,Road 224,21
267,Sinnoh,Road 229,13
267,Sinnoh,Road 230,10
268,Hoenn,Petalburg Woods,10
268,Kalos,Friend Safari (Poison),33
268,Sinnoh,Eterna Forest,40
268,Sinnoh,Floaroma Meadow,20
268,Sinnoh,Fuego Ironworks,20
268,Sinnoh,"Road 205 (east, towards Eterna City)",20
268,Sinnoh,"Road 205 (south, towards Floaroma Town)",20
268,Sinnoh,Road 206,20
268,Sinnoh,Road 207,20
268,Sinnoh,Road 208,20
268,Sinnoh,Road 209,20
268,Sinnoh,"Road 210 (south, towards Solaceon Town)",20
268,Sinnoh,"Road 210 (west, towards Celestic Town)",20
268,Sinnoh,"Road 211 (east, towards Celestic Town)",20
268,Sinnoh,"Road 212 (east, towards Pastoria City)",20
268,Sinnoh,"Road 212 (north, towards Hearthome City)",20
268,Sinnoh,Road 213,20
268,Sinnoh,Road 214,20
268,Sinnoh,Road 215,20
268,Sinnoh,Road 218,20
268,Sinnoh,Road 221,20
268,Sinnoh,Road 222,20
268,Sinnoh,Valley Windworks,20
269,Sinnoh,Eterna Forest,2
269,Sinnoh,"Road 205 (east, towards Eterna City)",1
269,Sinnoh,Road 224,21
269,Sinnoh,Road 229,13
269,Sinnoh,Road 230,10
270,Hoenn,Road 102,35
270,Hoenn,Road 114,35
270,Sinnoh,Road 203,8
270,Sinnoh,"Road 204 (north, towards Floaroma Town)",8
270,Sinnoh,"Road 204 (south, towards Jubilife City)",8
270,Sinnoh,"Road 205 (east, towards Eterna City)",8
270,Sinnoh,"Road 212 (east, towards Pastoria City)",4
271,Alola,Ultra Space Wilds Waterfall,15
271,Hoenn,Road 114,20
271,Kalos,Couriway Town,66
271,Kalos,Pokemon Village,71
271,Kalos,Road 15,66
271,Kalos,Road 16,66
271,Kalos,Road 21,66
271,Kalos,Victory Road (unknown area 327),66
271,Sinnoh,"Road 212 (east, towards Pastoria City)",4
271,Sinnoh,Road 229,8
271,Unova,Unova Route 3 (Hidden Grotto – Pond),5
273,Hoenn,Road 102,35
273,Hoenn,Road 114,35
273,Hoenn,Road 117,1
273,Hoenn,Road 120,1
273,Sinnoh,Eterna Forest,8
273,Sinnoh,Road 203,8
273,Sinnoh,"Road 204 (north, towards Floaroma Town)",8
273,Sinnoh,"Road 204 (south, towards Jubilife City)",8
273,Sinnoh,"Road 210 (south, towards Solaceon Town)",4
274,Alola,Ultra Space Wilds Crag,15
274,Hoenn,Road 114,10
274,Kalos,Friend Safari (Dark),33
274,Sinnoh,"Road 210 (south, towards Solaceon Town)",4
274,Sinnoh,Road 229,8
274,Unova,Nature Sanctuary,60
275,Unova,Nature Sanctuary,5
276,Hoenn,Hoenn Route 104 North Oras,5
276,Hoenn,Petalburg Woods,5
276,Hoenn,Road 104,10
276,Hoenn,Road 115,40
276,Hoenn,Road 116,20
276,Kalos,Road 8,5
277,Alola,Ultra Space Wilds Cliff,15
277,Hoenn,Road 115,10
277,Sinnoh,Road 213,22
277,Unova,Giant Chasm (outside),40
277,Unova,Road 13,40
278,Alola,Akala Outskirts Area,80
278,Alola,Alola Route 1 Hauoli Outskirts,70
278,Alola,Alola Route 7 Area,20
278,Alola,Brooklet Hill North,20
278,Alola,Brooklet Hill South,30
278,Alola,Brooklet Hill Totems Den,20
278,Alola,Hano Beach Area,20
278,Alola,Hauoli City Beachfront,20
278,Alola,Hauoli City Shopping District,20
278,Alola,Kalae Bay Area,60
278,Alola,Melemele Sea Area,20
278,Hoenn,Dewford Town,35
278,Hoenn,Ever Grande City,35
278,Hoenn,Hoenn Route 104 South Oras,5
278,Hoenn,Lilycove City,35
278,Hoenn,Mossdeep City,35
278,Hoenn,Mount Pyre (outside),10
278,Hoenn,Pacifidlog Town,35
278,Hoenn,Road 103,55
278,Hoenn,Road 104,100
278,Hoenn,Road 105,35
278,Hoenn,Road 106,35
278,Hoenn,Road 107,35
278,Hoenn,Road 108,35
278,Hoenn,Road 109,35
278,Hoenn,Road 110,43
278,Hoenn,Road 115,45
278,Hoenn,Road 118,54
278,Hoenn,Road 119,35
278,Hoenn,Road 121,44
278,Hoenn,Road 122,35
278,Hoenn,Road 123,44
278,Hoenn,Road 124,35
278,Hoenn,Road 125,35
278,Hoenn,Road 126,35
278,Hoenn,Road 127,35
278,Hoenn,Road 128,35
278,Hoenn,Road 129,35
278,Hoenn,Road 130,35
278,Hoenn,Road 131,35
278,Hoenn,Road 132,35
278,Hoenn,Road 133,35
278,Hoenn,Road 134,35
278,Hoenn,Slateport City,35
278,Kalos,Azure Bay,60
278,Kalos,Road 12,60
278,Kalos,Road 8,60
278,Kanto,S.S. Anne dock,60
278,Kanto,Vermilion City,60
278,Sinnoh,Canalave City,30
278,Sinnoh,Fuego Ironworks,40
278,Sinnoh,Iron Island area,60
278,Sinnoh,Pastoria City,30
278,Sinnoh,"Road 205 (south, towards Floaroma Town)",30
278,Sinnoh,Road 213,60
278,Sinnoh,Road 218,40
278,Sinnoh,Road 219,30
278,Sinnoh,Road 220,30
278,Sinnoh,Road 221,40
278,Sinnoh,Road 222,40
278,Sinnoh,Road 226,75
278,Sinnoh,Road 229,70
278,Sinnoh,Road 230,5
278,Sinnoh,Sinnoh League,60
278,Sinnoh,Sunyshore City,30
278,Sinnoh,Valley Windworks,30
278,Unova,Road 13,60
278,Unova,Undella Bay,60
278,Unova,Undella Town,60
279,Alola,Alola Route 14 Area,50
279,Alola,Alola Route 15 Main,70
279,Alola,Alola Route 16 East,50
279,Alola,Alola Route 16 Main,50
279,Alola,Alola Route 16 West,30
279,Alola,Ancient Poni Path Area,50
279,Alola,Exeggutor Island Area,30
279,Alola,Poni Breaker Coast Area,20
279,Alola,Poni Gauntlet Area,30
279,Alola,Poni Plains East,20
279,Alola,Poni Wilds Area,50
279,Alola,Secluded Shore Area,20
279,Alola,Tapu Village Area,30
279,Hoenn,Dewford Town,5
279,Hoenn,Ever Grande City,5
279,Hoenn,Lilycove City,5
279,Hoenn,Mossdeep City,5
279,Hoenn,Pacifidlog Town,5
279,Hoenn,Road 103,5
279,Hoenn,Road 104,5
279,Hoenn,Road 105,5
279,Hoenn,Road 106,5
279,Hoenn,Road 107,5
279,Hoenn,Road 108,5
279,Hoenn,Road 109,5
279,Hoenn,Road 110,5
279,Hoenn,Road 115,5
279,Hoenn,Road 118,5
279,Hoenn,Road 119,5
279,Hoenn,Road 121,5
279,Hoenn,Road 122,5
279,Hoenn,Road 123,5
279,Hoenn,Road 124,5
279,Hoenn,Road 125,5
279,Hoenn,Road 126,5
279,Hoenn,Road 127,5
279,Hoenn,Road 128,5
279,Hoenn,Road 129,4
279,Hoenn,Road 130,5
279,Hoenn,Road 131,5
279,Hoenn,Road 132,5
279,Hoenn,Road 133,5
279,Hoenn,Road 134,5
279,Hoenn,Slateport City,5
279,Sinnoh,Canalave City,5
279,Sinnoh,Fuego Ironworks,5
279,Sinnoh,Iron Island area,9
279,Sinnoh,Pastoria City,5
279,Sinnoh,"Road 205 (south, towards Floaroma Town)",5
279,Sinnoh,Road 213,5
279,Sinnoh,Road 218,5
279,Sinnoh,Road 219,5
279,Sinnoh,Road 220,5
279,Sinnoh,Road 221,5
279,Sinnoh,Road 222,6
279,Sinnoh,Road 223,30
279,Sinnoh,Road 224,70
279,Sinnoh,Road 226,60
279,Sinnoh,Road 229,30
279,Sinnoh,Road 230,80
279,Sinnoh,Sinnoh League,65
279,Sinnoh,Sunyshore City,30
279,Sinnoh,Valley Windworks,5
279,Unova,Giant Chasm (outside),40
279,Unova,Road 13,50
279,Unova,Road 22,20
279,Unova,Undella Bay,10
279,Unova,Undella Town,10
279,Unova,Unova Route 22 (Hidden Grotto),20
280,Hoenn,Road 102,5
280,Johto,Road 34,40
280,Kalos,Road 4,10
280,Sinnoh,Road 203,21
280,Sinnoh,"Road 204 (south, towards Jubilife City)",21
280,Sinnoh,Road 208,15
280,Sinnoh,Road 209,46
280,Sinnoh,"Road 212 (north, towards Hearthome City)",10
281,Kalos,Friend Safari (Fairy),33
281,Sinnoh,Road 203,1
281,Sinnoh,"Road 204 (south, towards Jubilife City)",1
281,Sinnoh,Road 209,22
281,Sinnoh,"Road 212 (north, towards Hearthome City)",20
283,Alola,Brooklet Hill North,60
283,Alola,Brooklet Hill South,60
283,Hoenn,Road 102,2
283,Hoenn,Road 111,1
283,Hoenn,Road 114,2
283,Hoenn,Road 117,2
283,Hoenn,Road 120,2
283,Sinnoh,Lake Verity (after Galactic intervention),40
283,Sinnoh,Lake Verity (before Galactic intervention),40
283,Sinnoh,Road 229,95
284,Alola,Malie Garden Area,20
284,Kalos,Friend Safari (Bug),33
284,Kalos,Road 3,66
284,Sinnoh,Road 229,5
285,Hoenn,Petalburg Woods,15
285,Sinnoh,Great Marsh Area 1,10
285,Sinnoh,Great Marsh Area 2,10
285,Sinnoh,Great Marsh Area 3,10
285,Sinnoh,Great Marsh Area 4,10
285,Sinnoh,Great Marsh Area 5,10
285,Sinnoh,Great Marsh Area 6,10
286,Kalos,Friend Safari (Fighting),33
286,Unova,Pinwheel Forest (Hidden Grotto – Inner area),19
287,Hoenn,Petalburg Woods,5
287,Sinnoh,Eterna Forest,40
288,Unova,Pinwheel Forest (inside),30
289,Unova,Pinwheel Forest (inside),5
290,Hoenn,Road 116,35
290,Kalos,Friend Safari (Ground),33
290,Kalos,Road 6,10
290,Sinnoh,Eterna Forest,22
293,Hoenn,Desert Underpass,34
293,Hoenn,Road 116,30
293,Hoenn,Rusturf Tunnel,100
293,Hoenn,Victory Road (1F),5
293,Johto,Mount Silver (outside),20
293,Johto,Road 30,20
293,Johto,Road 31,20
293,Johto,Road 32,20
293,Johto,Road 34,20
293,Johto,Road 35,20
293,Johto,Road 42,20
293,Johto,Road 43,20
293,Johto,Road 44,20
293,Johto,Road 45,20
293,Johto,Road 47,20
293,Johto,Ruins of Alph (outside),20
293,Kalos,Connecting Cave,90
293,Kanto,Road 10,20
293,Kanto,Road 13,20
293,Kanto,Road 21,20
293,Kanto,Road 22,20
293,Kanto,Road 24,20
293,Kanto,Road 25,20
293,Kanto,Road 26,20
293,Kanto,Road 27,20
293,Kanto,Road 28,20
293,Kanto,Road 4,20
293,Kanto,Road 6,20
293,Kanto,Road 9,20
294,Hoenn,Desert Underpass,16
294,Hoenn,Victory Road (1F),10
294,Hoenn,Victory Road (B1F),5
294,Kalos,Friend Safari (Normal),33
294,Sinnoh,Mount Coronet (exterior blizzard),22
294,Sinnoh,Mount Coronet (exterior snowfall),22
296,Alola,Alola Route 2 North,65
296,Alola,Alola Route 2 South,65
296,Hoenn,Granite Cave (1F),50
296,Hoenn,Granite Cave (1F/small room),50
296,Hoenn,Granite Cave (B1F),10
296,Hoenn,Victory Road (1F),10
296,Johto,Dark Cave (Blackthorn City entrance),20
296,Johto,Dark Cave (Violet City entrance),20
296,Johto,Ice Path (1F),20
296,Johto,Ice Path (B1F),20
296,Johto,Ice Path (B2F),20
296,Johto,Ice Path (B3F),20
296,Johto,Mount Mortar (1F),20
296,Johto,Mount Mortar (B1F),20
296,Johto,Mount Mortar (Lower Cave),20
296,Johto,Mount Mortar (Upper Cave),20
296,Johto,Mount Silver (1F top),20
296,Johto,Mount Silver (1F),20
296,Johto,Mount Silver (2F),20
296,Johto,Mount Silver (3F),20
296,Johto,Mount Silver (4F),20
296,Johto,Mount Silver (mountainside),20
296,Johto,Mount Silver (top),20
296,Johto,Road 47 (inside cave),20
296,Johto,Slowpoke Well (1F),20
296,Johto,Slowpoke Well (B1F),20
296,Johto,Tohjo Falls,20
296,Johto,Union Cave (1F),20
296,Johto,Union Cave (B1F),20
296,Johto,Union Cave (B2F),20
296,Johto,Whirl Islands (1F),20
296,Johto,Whirl Islands (B1F),20
296,Johto,Whirl Islands (B2F),20
296,Johto,Whirl Islands (B3F),20
296,Kanto,Cerulean Cave (1F),20
296,Kanto,Cerulean Cave (2F),20
296,Kanto,Cerulean Cave (B1F),20
296,Kanto,Digletts Cave,20
296,Kanto,Mount Moon (1F),20
296,Kanto,Mount Moon (2F),20
296,Kanto,Rock Tunnel (1F),20
296,Kanto,Rock Tunnel (B1F),20
296,Kanto,Seafoam Islands (1F),20
296,Kanto,Seafoam Islands (B1F),20
296,Kanto,Seafoam Islands (B2F),20
296,Kanto,Seafoam Islands (B3F),20
296,Kanto,Seafoam Islands (B4F),20
296,Kanto,Victory Road 1 (1F),20
296,Kanto,Victory Road 1 (2F),20
296,Kanto,Victory Road 1 (3F),20
296,Sinnoh,Road 225,40
297,Alola,Poni Plains Center,30
297,Alola,Poni Plains North,30
297,Hoenn,Victory Road (1F),25
297,Hoenn,Victory Road (B1F),35
297,Kalos,Friend Safari (Fighting),33
297,Kalos,Road 11,20
297,Unova,Pinwheel Forest (Hidden Grotto – Outer area),75
298,Kalos,Road 22,20
298,Kalos,Road 3,10
298,Sinnoh,Great Marsh Area 1,11
298,Sinnoh,Great Marsh Area 2,11
298,Sinnoh,Great Marsh Area 3,11
298,Sinnoh,Great Marsh Area 4,11
298,Sinnoh,Great Marsh Area 5,31
298,Sinnoh,Great Marsh Area 6,11
298,Unova,Floccesy Ranch (inner),50
298,Unova,Floccesy Ranch (outer),30
298,Unova,Road 20,30
299,Alola,Akala Outskirts Area,15
299,Hoenn,Granite Cave (B2F),30
299,Kalos,Friend Safari (Rock),33
299,Kalos,Road 10,60
299,Sinnoh,Mount Coronet (1F Road 207),5
299,Sinnoh,Mount Coronet (1F Road 211),5
299,Sinnoh,Mount Coronet (1F Road 216),5
299,Sinnoh,Mount Coronet (1F from exterior),5
299,Sinnoh,Mount Coronet (2F),5
299,Sinnoh,Mount Coronet (3F),5
299,Sinnoh,Mount Coronet (4F small room),5
299,Sinnoh,Mount Coronet (4F),5
299,Sinnoh,Mount Coronet (5F),5
299,Sinnoh,Mount Coronet (6F),5
299,Sinnoh,Mount Coronet (B1F),5
299,Sinnoh,Mount Coronet (exterior blizzard),5
299,Sinnoh,Mount Coronet (exterior snowfall),5
299,Sinnoh,Road 206,40
299,Unova,Chargestone Cave (1F),10
299,Unova,Chargestone Cave (B1F),10
299,Unova,Chargestone Cave (B2F),10
299,Unova,Clay Tunnel,15
299,Unova,Glacier Room,15
299,Unova,Iron Room,15
299,Unova,Rocky Mountain Room,15
299,Unova,Underground Ruins,15
299,Unova,Unova Route 6 (Hidden Grotto – Mistralton Cave),5
300,Hoenn,Road 116,5
300,Kalos,Road 4,20
300,Sinnoh,Road 222,40
300,Unova,Castelia City,30
301,Unova,Castelia City,5
302,Alola,Ten Carat Hill Inside,15
302,Alola,Vast Poni Canyon Inside,15
302,Alola,Vast Poni Canyon Northwest,15
302,Hoenn,Cave of Origin (1F),30
302,Hoenn,Cave of Origin (B1F),30
302,Hoenn,Cave of Origin (B2F),30
302,Hoenn,Cave of Origin (B3F),30
302,Hoenn,Granite Cave (B1F),10
302,Hoenn,Granite Cave (B2F),20
302,Hoenn,Sky Pillar (1F),30
302,Hoenn,Sky Pillar (3F),30
302,Hoenn,Sky Pillar (5F),30
302,Hoenn,Victory Road (B2F),35
302,Kalos,Friend Safari (Dark),33
302,Kalos,Reflection Cave (unknown area 305),5
302,Kalos,Reflection Cave (unknown area 306),5
302,Kalos,Reflection Cave (unknown area 307),5
302,Kalos,Reflection Cave (unknown area 308),5
302,Kanto,Road 9,40
302,Sinnoh,Iron Island (B1F left),8
302,Sinnoh,Iron Island (B1F right),8
302,Sinnoh,Iron Island (B2F left),8
302,Sinnoh,Iron Island (B2F right),8
302,Sinnoh,Iron Island (B3F),8
302,Unova,Challengers Cave (1F),10
302,Unova,Challengers Cave (B1F),10
302,Unova,Challengers Cave (B2F),10
303,Alola,Ten Carat Hill Inside,30
303,Hoenn,Cave of Origin (1F),30
303,Hoenn,Cave of Origin (B1F),30
303,Hoenn,Cave of Origin (B2F),30
303,Hoenn,Cave of Origin (B3F),30
303,Hoenn,Granite Cave (B1F),10
303,Hoenn,Granite Cave (B2F),20
303,Hoenn,Sky Pillar (1F),30
303,Hoenn,Sky Pillar (3F),30
303,Hoenn,Sky Pillar (5F),30
303,Hoenn,Victory Road (B1F),5
303,Hoenn,Victory Road (B2F),35
303,Kalos,Friend Safari (Fairy),33
303,Kalos,Friend Safari (Steel),33
303,Kalos,Glittering Cave (unknown area 303),5
303,Kanto,Road 9,40
303,Sinnoh,Iron Island (B1F left),8
303,Sinnoh,Iron Island (B1F right),8
303,Sinnoh,Iron Island (B2F left),8
303,Sinnoh,Iron Island (B2F right),8
303,Sinnoh,Iron Island (B3F),8
303,Unova,Challengers Cave (1F),10
303,Unova,Challengers Cave (B1F),10
303,Unova,Challengers Cave (B2F),10
304,Hoenn,Granite Cave (1F/small room),10
304,Hoenn,Granite Cave (B1F),40
304,Hoenn,Granite Cave (B2F),40
304,Hoenn,Victory Road (1F),35
304,Hoenn,Victory Road (B1F),35
304,Kalos,Terminus Cave (unknown area 343),5
304,Kalos,Terminus Cave (unknown area 344),5
304,Kalos,Terminus Cave (unknown area 345),5
304,Kalos,Terminus Cave (unknown area 347),5
304,Kalos,Terminus Cave (unknown area 348),5
304,Sinnoh,Fuego Ironworks,22
304,Unova,Guidance Chamber,20
304,Unova,Mistralton Cave,20
305,Hoenn,Victory Road (1F),10
305,Hoenn,Victory Road (B1F),25
305,Hoenn,Victory Road (B2F),25
305,Kalos,Road 18,40
305,Kalos,Terminus Cave (unknown area 343),20
305,Kalos,Terminus Cave (unknown area 344),20
305,Kalos,Terminus Cave (unknown area 345),20
305,Kalos,Terminus Cave (unknown area 347),20
305,Kalos,Terminus Cave (unknown area 348),20
305,Unova,Clay Tunnel,15
305,Unova,Glacier Room,15
305,Unova,Iron Room,15
305,Unova,Rocky Mountain Room,15
305,Unova,Underground Ruins,15
307,Hoenn,Mount Pyre (outside),35
307,Hoenn,Mount Pyre (summit),35
307,Hoenn,Victory Road (B1F),5
307,Johto,Bell Tower (10F),20
307,Johto,Bell Tower (2F),20
307,Johto,Bell Tower (3F),20
307,Johto,Bell Tower (4F),20
307,Johto,Bell Tower (5F),20
307,Johto,Bell Tower (6F),20
307,Johto,Bell Tower (7F),20
307,Johto,Bell Tower (8F),20
307,Johto,Bell Tower (9F),20
307,Johto,Burned Tower (1F),20
307,Johto,Burned Tower (B1F),20
307,Johto,Sprout Tower (2F),20
307,Johto,Sprout Tower (3F),20
307,Kalos,Connecting Cave,30
307,Kalos,Friend Safari (Fighting),33
307,Sinnoh,Acuity Lakefront,20
307,Sinnoh,Mount Coronet (1F Road 207),30
307,Sinnoh,Mount Coronet (1F Road 211),41
307,Sinnoh,Mount Coronet (1F Road 216),30
307,Sinnoh,Mount Coronet (B1F),30
307,Sinnoh,Road 208,30
307,Sinnoh,"Road 210 (west, towards Celestic Town)",52
307,Sinnoh,"Road 211 (east, towards Celestic Town)",60
307,Sinnoh,"Road 211 (west, towards Eterna City)",61
307,Sinnoh,Road 216,30
307,Sinnoh,Road 217,20
308,Alola,Ultra Space Wilds Cave,15
308,Hoenn,Victory Road (B1F),10
308,Hoenn,Victory Road (B2F),15
308,Sinnoh,Acuity Lakefront,52
308,Sinnoh,Mount Coronet (1F from exterior),30
308,Sinnoh,Mount Coronet (2F),30
308,Sinnoh,Mount Coronet (3F),31
308,Sinnoh,Mount Coronet (4F small room),30
308,Sinnoh,Mount Coronet (4F),30
308,Sinnoh,Mount Coronet (5F),30
308,Sinnoh,Mount Coronet (6F),30
308,Sinnoh,Mount Coronet (exterior blizzard),30
308,Sinnoh,Mount Coronet (exterior snowfall),30
308,Sinnoh,Road 217,52
308,Sinnoh,Victory Road (1F),15
308,Sinnoh,Victory Road (2F),15
308,Sinnoh,Victory Road (B1F),15
308,Sinnoh,Victory Road (inside B1F),15
308,Sinnoh,Victory Road (inside exit),15
308,Sinnoh,Victory Road (inside),15
308,Unova,Pinwheel Forest (Hidden Grotto – Outer area),75
309,Hoenn,Road 110,30
309,Hoenn,Road 118,60
309,Kalos,Road 10,35
309,Sinnoh,Valley Windworks,40
310,Alola,Alola Route 12 Area,20
310,Hoenn,Road 118,10
310,Kalos,Friend Safari (Electric),33
310,Unova,Unova Route 3 (Hidden Grotto – Dark Grass),20
311,Hoenn,Road 110,40
311,Johto,National Park,20
311,Johto,Road 29,20
311,Johto,Road 33,20
311,Johto,Road 36,20
311,Johto,Road 37,20
311,Johto,Road 38,20
311,Johto,Road 39,20
311,Johto,Road 46,20
311,Johto,Road 48,20
311,Kalos,Road 5,15
311,Kanto,Road 1,20
311,Kanto,Road 11,20
311,Kanto,Road 14,20
311,Kanto,Road 15,20
311,Kanto,Road 16,20
311,Kanto,Road 17,20
311,Kanto,Road 18,20
311,Kanto,"Road 2 (north, towards Pewter City)",20
311,Kanto,"Road 2 (south, towards Viridian City)",20
311,Kanto,Road 3,20
311,Kanto,Road 5,20
311,Kanto,Road 7,20
311,Kanto,Road 8,20
312,Hoenn,Road 110,40
312,Johto,National Park,20
312,Johto,Road 29,20
312,Johto,Road 33,20
312,Johto,Road 36,20
312,Johto,Road 37,20
312,Johto,Road 38,20
312,Johto,Road 39,20
312,Johto,Road 46,20
312,Johto,Road 48,20
312,Kalos,Road 5,15
312,Kanto,Road 1,20
312,Kanto,Road 11,20
312,Kanto,Road 14,20
312,Kanto,Road 15,20
312,Kanto,Road 16,20
312,Kanto,Road 17,20
312,Kanto,Road 18,20
312,Kanto,"Road 2 (north, towards Pewter City)",20
312,Kanto,"Road 2 (south, towards Viridian City)",20
312,Kanto,Road 3,20
312,Kanto,Road 5,20
312,Kanto,Road 7,20
312,Kanto,Road 8,20
313,Hoenn,Road 117,18
313,Kalos,Friend Safari (Bug),33
313,Kalos,Road 7,30
313,Sinnoh,Road 229,10
314,Hoenn,Road 117,18
314,Kalos,Friend Safari (Bug),33
314,Kalos,Road 7,30
314,Sinnoh,Road 229,10
315,Hoenn,Road 117,35
315,Kalos,Road 7,35
315,Sinnoh,Great Marsh Area 1,10
315,Sinnoh,Great Marsh Area 2,10
315,Sinnoh,Great Marsh Area 3,10
315,Sinnoh,Great Marsh Area 4,10
315,Sinnoh,Great Marsh Area 5,10
315,Sinnoh,Great Marsh Area 6,10
315,Sinnoh,Road 208,27
315,Sinnoh,Road 209,25
315,Sinnoh,"Road 210 (south, towards Solaceon Town)",15
315,Sinnoh,"Road 212 (east, towards Pastoria City)",35
315,Sinnoh,"Road 212 (north, towards Hearthome City)",35
315,Sinnoh,Road 221,35
315,Sinnoh,Road 224,20
315,Sinnoh,Road 225,15
315,Sinnoh,Road 229,45
315,Sinnoh,Road 230,10
315,Sinnoh,Trophy Garden,30
315,Unova,Lostlorn Forest,30
315,Unova,Road 12,50
315,Unova,Victory Road 2 (unknown area 72),60
316,Hoenn,Road 110,15
316,Kalos,Road 5,80
316,Kanto,Road 3,40
316,Sinnoh,Great Marsh Area 1,10
316,Sinnoh,Great Marsh Area 2,10
316,Sinnoh,Great Marsh Area 3,10
316,Sinnoh,Great Marsh Area 4,10
316,Sinnoh,Great Marsh Area 5,10
316,Sinnoh,Great Marsh Area 6,10
317,Kalos,Friend Safari (Poison),33
318,Alola,Ancient Poni Path Area,30
318,Alola,Poni Breaker Coast Area,30
318,Hoenn,Road 118,80
318,Hoenn,Road 119,100
318,Kalos,Road 22,35
318,Sinnoh,Great Marsh Area 1,45
318,Sinnoh,Great Marsh Area 2,45
318,Sinnoh,Great Marsh Area 3,45
318,Sinnoh,Great Marsh Area 4,45
318,Sinnoh,Great Marsh Area 5,45
318,Sinnoh,Great Marsh Area 6,45
318,Unova,Village Bridge,100
319,Alola,Ancient Poni Path Area,30
319,Alola,Poni Breaker Coast Area,30
319,Hoenn,Mossdeep City,40
319,Hoenn,Pacifidlog Town,40
319,Hoenn,Road 103,40
319,Hoenn,Road 118,40
319,Hoenn,Road 122,40
319,Hoenn,Road 124,40
319,Hoenn,Road 125,40
319,Hoenn,Road 126,40
319,Hoenn,Road 127,40
319,Hoenn,Road 129,40
319,Hoenn,Road 130,40
319,Hoenn,Road 131,40
319,Hoenn,Road 132,40
319,Hoenn,Road 133,40
319,Hoenn,Road 134,40
319,Kalos,Road 22,5
319,Sinnoh,Road 213,15
319,Sinnoh,Road 222,15
319,Unova,Village Bridge,20
320,Alola,Ancient Poni Path Area,70
320,Alola,Poni Breaker Coast Area,100
320,Alola,Poni Wilds Area,100
320,Alola,Seafolk Village Main,65
320,Hoenn,Dewford Town,100
320,Hoenn,Ever Grande City,65
320,Hoenn,Lilycove City,100
320,Hoenn,Mossdeep City,80
320,Hoenn,Pacifidlog Town,80
320,Hoenn,Road 103,80
320,Hoenn,Road 105,100
320,Hoenn,Road 106,100
320,Hoenn,Road 107,100
320,Hoenn,Road 108,100
320,Hoenn,Road 109,100
320,Hoenn,Road 110,100
320,Hoenn,Road 115,100
320,Hoenn,Road 121,100
320,Hoenn,Road 122,80
320,Hoenn,Road 123,100
320,Hoenn,Road 124,80
320,Hoenn,Road 125,80
320,Hoenn,Road 126,80
320,Hoenn,Road 127,80
320,Hoenn,Road 128,65
320,Hoenn,Road 129,80
320,Hoenn,Road 130,80
320,Hoenn,Road 131,80
320,Hoenn,Road 132,65
320,Hoenn,Road 133,65
320,Hoenn,Road 134,65
320,Hoenn,Seafloor Cavern,100
320,Hoenn,Shoal Cave,100
320,Hoenn,Slateport City,100
320,Kalos,Ambrette Town,31
320,Kalos,Cyllage City,31
320,Kalos,Road 8,31
320,Sinnoh,Road 223,40
320,Sinnoh,Road 230,40
320,Unova,Undella Bay,100
320,Unova,Undella Town,60
321,Alola,Ancient Poni Path Area,30
321,Alola,Poni Breaker Coast Area,40
321,Alola,Poni Wilds Area,40
321,Alola,Seafolk Village Main,30
321,Hoenn,Road 129,1
321,Sinnoh,Road 223,5
321,Sinnoh,Road 230,5
321,Unova,Undella Bay,20
322,Hoenn,Fiery Path,60
322,Hoenn,Jagged Pass,55
322,Hoenn,Road 112,75
322,Johto,Ilex Forest,20
322,Kanto,Viridian Forest,20
322,Sinnoh,Road 227,17
322,Sinnoh,Stark Mountain exterior,17
322,Unova,Reversal Mountain (unknown area 48),20
322,Unova,Reversal Mountain (unknown area 49),20
322,Unova,Reversal Mountain (unknown area 50),5
322,Unova,Reversal Mountain (unknown area 51),20
322,Unova,Reversal Mountain (unknown area 52),20
322,Unova,Reversal Mountain (unknown area 53),20
322,Unova,Reversal Mountain (unknown area 54),20
322,Unova,Reversal Mountain (unknown area 55),20
322,Unova,Reversal Mountain (unknown area 56),5
322,Unova,Reversal Mountain (unknown area 57),20
322,Unova,Reversal Mountain (unknown area 58),20
322,Unova,Reversal Mountain (unknown area 59),20
322,Unova,Reversal Mountain (unknown area 60),20
323,Kalos,Friend Safari (Ground),33
323,Sinnoh,Road 227,20
323,Sinnoh,Stark Mountain entrance,5
323,Sinnoh,Stark Mountain exterior,20
323,Sinnoh,Stark Mountain main cavern,5
323,Unova,Reversal Mountain (unknown area 48),40
323,Unova,Reversal Mountain (unknown area 49),5
323,Unova,Reversal Mountain (unknown area 50),20
323,Unova,Reversal Mountain (unknown area 51),5
323,Unova,Reversal Mountain (unknown area 52),5
323,Unova,Reversal Mountain (unknown area 53),5
323,Unova,Reversal Mountain (unknown area 54),5
323,Unova,Reversal Mountain (unknown area 55),5
323,Unova,Reversal Mountain (unknown area 56),20
323,Unova,Reversal Mountain (unknown area 57),5
323,Unova,Reversal Mountain (unknown area 58),5
323,Unova,Reversal Mountain (unknown area 59),5
323,Unova,Reversal Mountain (unknown area 60),5
324,Alola,Alola Route 12 Area,20
324,Alola,Blush Mountain Area,20
324,Hoenn,Fiery Path,18
324,Hoenn,Magma Hideout,30
324,Kalos,Road 18,30
324,Sinnoh,Road 227,22
324,Sinnoh,Stark Mountain exterior,22
325,Hoenn,Jagged Pass,35
325,Johto,Ilex Forest,20
325,Kalos,Road 8,30
325,Kanto,Viridian Forest,20
325,Sinnoh,Road 214,40
325,Unova,Reversal Mountain (unknown area 48),20
325,Unova,Reversal Mountain (unknown area 49),20
325,Unova,Reversal Mountain (unknown area 50),5
325,Unova,Reversal Mountain (unknown area 51),20
325,Unova,Reversal Mountain (unknown area 52),20
325,Unova,Reversal Mountain (unknown area 53),20
325,Unova,Reversal Mountain (unknown area 54),20
325,Unova,Reversal Mountain (unknown area 55),20
325,Unova,Reversal Mountain (unknown area 56),5
325,Unova,Reversal Mountain (unknown area 57),20
325,Unova,Reversal Mountain (unknown area 58),20
325,Unova,Reversal Mountain (unknown area 59),20
325,Unova,Reversal Mountain (unknown area 60),20
326,Alola,Ultra Space Wilds Crag,15
326,Kalos,Friend Safari (Psychic),33
326,Unova,Reversal Mountain (unknown area 48),40
326,Unova,Reversal Mountain (unknown area 49),5
326,Unova,Reversal Mountain (unknown area 50),20
326,Unova,Reversal Mountain (unknown area 51),5
326,Unova,Reversal Mountain (unknown area 52),5
326,Unova,Reversal Mountain (unknown area 53),5
326,Unova,Reversal Mountain (unknown area 54),5
326,Unova,Reversal Mountain (unknown area 55),5
326,Unova,Reversal Mountain (unknown area 56),20
326,Unova,Reversal Mountain (unknown area 57),5
326,Unova,Reversal Mountain (unknown area 58),5
326,Unova,Reversal Mountain (unknown area 59),5
326,Unova,Reversal Mountain (unknown area 60),5
327,Alola,Ten Carat Hill Farthest Hollow,30
327,Hoenn,Road 113,95
327,Johto,Bell Tower (10F),20
327,Johto,Bell Tower (2F),20
327,Johto,Bell Tower (3F),20
327,Johto,Bell Tower (4F),20
327,Johto,Bell Tower (5F),20
327,Johto,Bell Tower (6F),20
327,Johto,Bell Tower (7F),20
327,Johto,Bell Tower (8F),20
327,Johto,Bell Tower (9F),20
327,Johto,Burned Tower (1F),20
327,Johto,Burned Tower (B1F),20
327,Johto,Sprout Tower (2F),20
327,Johto,Sprout Tower (3F),20
327,Kalos,Road 21,100
327,Sinnoh,Road 227,40
328,Alola,Haina Desert Area,10
328,Hoenn,Mirage Tower,50
328,Hoenn,Road 111,35
328,Kalos,Friend Safari (Ground),33
328,Kalos,Road 13,40
328,Sinnoh,Road 228,2
328,Unova,Desert Resort,5
328,Unova,Reversal Mountain (unknown area 48),15
329,Sinnoh,Road 228,20
329,Unova,Reversal Mountain (unknown area 48),5
331,Hoenn,Road 111,20
331,Sinnoh,Road 228,21
332,Kalos,Friend Safari (Dark),33
332,Sinnoh,Road 228,40
333,Hoenn,Road 114,70
333,Hoenn,Road 115,100
333,Hoenn,Sky Pillar (1F),5
333,Hoenn,Sky Pillar (3F),5
333,Hoenn,Sky Pillar (5F),5
333,Johto,Road 45,40
333,Kalos,Road 21,35
333,Sinnoh,"Road 210 (west, towards Celestic Town)",30
333,Sinnoh,"Road 211 (east, towards Celestic Town)",22
333,Unova,Abundant Shrine,20
333,Unova,Abundant Shrine (Hidden Grotto – Shrine),5
333,Unova,Road 14,20
334,Alola,Ultra Space Wilds Cliff,15
334,Hoenn,Sky Pillar (5F),6
334,Kalos,Road 21,40
334,Unova,Abundant Shrine,20
334,Unova,Nature Sanctuary,40
334,Unova,Road 14,20
334,Unova,Victory Road 2 (unknown area 73),40
334,Unova,Victory Road 2 (unknown area 79),40
335,Hoenn,Road 114,19
335,Kalos,Road 8,55
335,Sinnoh,Road 208,8
335,Sinnoh,"Road 210 (west, towards Celestic Town)",8
335,Unova,Road 11,20
335,Unova,Road 7,10
335,Unova,Unova Route 23 (Hidden Grotto),38
335,Unova,Unova Route 7 (Hidden Grotto),38
335,Unova,Village Bridge,30
336,Hoenn,Road 114,19
336,Kalos,Friend Safari (Poison),33
336,Kalos,Road 8,55
336,Sinnoh,Road 208,8
336,Sinnoh,"Road 210 (west, towards Celestic Town)",8
336,Unova,Road 11,20
336,Unova,Road 7,10
336,Unova,Unova Route 23 (Hidden Grotto),38
336,Unova,Unova Route 7 (Hidden Grotto),38
336,Unova,Village Bridge,30
337,Hoenn,Meteor Falls,30
337,Hoenn,Meteor Falls (B1F),45
337,Hoenn,Meteor Falls (back),45
337,Hoenn,Meteor Falls (back/small room),35
337,Kalos,Glittering Cave (unknown area 303),10
337,Sinnoh,Lake Acuity,8
337,Sinnoh,Lake Valor,8
337,Sinnoh,Lake Verity (after Galactic intervention),8
337,Sinnoh,Lake Verity (before Galactic intervention),8
337,Sinnoh,Mount Coronet (1F from exterior),8
337,Sinnoh,Mount Coronet (2F),8
337,Sinnoh,Mount Coronet (3F),8
337,Sinnoh,Mount Coronet (4F small room),8
337,Sinnoh,Mount Coronet (4F),8
337,Sinnoh,Mount Coronet (5F),8
337,Sinnoh,Mount Coronet (6F),8
337,Sinnoh,Mount Coronet (exterior blizzard),8
337,Sinnoh,Mount Coronet (exterior snowfall),8
337,Sinnoh,Sendoff Spring,8
337,Sinnoh,Turnback Cave (after pillar 3),8
337,Sinnoh,Turnback Cave (before pillar 1),8
337,Sinnoh,Turnback Cave (between pillars 1 and 2),8
337,Sinnoh,Turnback Cave (between pillars 2 and 3),8
337,Sinnoh,Turnback Cave (pillar 1),8
337,Sinnoh,Turnback Cave (pillar 2),8
337,Sinnoh,Turnback Cave (pillar 3),8
337,Unova,Giant Chasm,10
337,Unova,Giant Chasm (forest cave),20
337,Unova,Giant Chasm (forest),20
337,Unova,Giant Chasm (outside),20
337,Unova,Road 13,20
337,Unova,Road 22,20
338,Hoenn,Meteor Falls,30
338,Hoenn,Meteor Falls (B1F),45
338,Hoenn,Meteor Falls (back),45
338,Hoenn,Meteor Falls (back/small room),35
338,Kalos,Glittering Cave (unknown area 303),10
338,Sinnoh,Lake Acuity,8
338,Sinnoh,Lake Valor,8
338,Sinnoh,Lake Verity (after Galactic intervention),8
338,Sinnoh,Lake Verity (before Galactic intervention),8
338,Sinnoh,Mount Coronet (1F from exterior),8
338,Sinnoh,Mount Coronet (2F),8
338,Sinnoh,Mount Coronet (3F),8
338,Sinnoh,Mount Coronet (4F small room),8
338,Sinnoh,Mount Coronet (4F),8
338,Sinnoh,Mount Coronet (5F),8
338,Sinnoh,Mount Coronet (6F),8
338,Sinnoh,Mount Coronet (exterior blizzard),8
338,Sinnoh,Mount Coronet (exterior snowfall),8
338,Sinnoh,Sendoff Spring,8
338,Sinnoh,Turnback Cave (after pillar 3),8
338,Sinnoh,Turnback Cave (before pillar 1),8
338,Sinnoh,Turnback Cave (between pillars 1 and 2),8
338,Sinnoh,Turnback Cave (between pillars 2 and 3),8
338,Sinnoh,Turnback Cave (pillar 1),8
338,Sinnoh,Turnback Cave (pillar 2),8
338,Sinnoh,Turnback Cave (pillar 3),8
338,Unova,Giant Chasm,10
338,Unova,Giant Chasm (forest cave),20
338,Unova,Giant Chasm (forest),20
338,Unova,Giant Chasm (outside),20
338,Unova,Road 13,20
338,Unova,Road 22,20
339,Alola,Paniola Town Area,70
339,Alola,Poni Gauntlet Area,80
339,Alola,Poni Meadow Area,80
339,Alola,Seaward Cave Area,70
339,Alola,Vast Poni Canyon Northwest,80
339,Hoenn,Meteor Falls,100
339,Hoenn,Meteor Falls (B1F),100
339,Hoenn,Meteor Falls (back),100
339,Hoenn,Meteor Falls (back/small room),100
339,Hoenn,Road 111,100
339,Hoenn,Road 114,100
339,Hoenn,Road 120,100
339,Hoenn,Victory Road (B2F),100
339,Kalos,Road 14,65
339,Kalos,Road 19,65
339,Sinnoh,Celestic Town,45
339,Sinnoh,Eterna City,45
339,Sinnoh,Great Marsh Area 1,45
339,Sinnoh,Great Marsh Area 2,45
339,Sinnoh,Great Marsh Area 3,45
339,Sinnoh,Great Marsh Area 4,45
339,Sinnoh,Great Marsh Area 5,45
339,Sinnoh,Great Marsh Area 6,45
339,Sinnoh,Mount Coronet (1F Road 207),45
339,Sinnoh,Mount Coronet (4F),45
339,Sinnoh,Mount Coronet (B1F),45
339,Sinnoh,Oreburgh Gate (B1F),45
339,Sinnoh,Ravaged Path,45
339,Sinnoh,"Road 205 (east, towards Eterna City)",45
339,Sinnoh,Road 208,45
339,Sinnoh,"Road 210 (west, towards Celestic Town)",45
339,Sinnoh,"Road 212 (east, towards Pastoria City)",45
339,Sinnoh,Road 225,45
339,Sinnoh,Road 227,45
339,Sinnoh,Road 228,45
339,Unova,Icirrus City,100
339,Unova,Moor of Icirrus,100
339,Unova,Road 8,100
340,Alola,Paniola Town Area,30
340,Alola,Poni Gauntlet Area,30
340,Alola,Poni Meadow Area,30
340,Alola,Seaward Cave Area,30
340,Alola,Vast Poni Canyon Northwest,30
340,Hoenn,Meteor Falls (B1F),20
340,Hoenn,Meteor Falls (back),20
340,Hoenn,Meteor Falls (back/small room),20
340,Hoenn,Victory Road (B2F),20
340,Johto,Violet City,100
340,Kalos,Road 14,35
340,Kalos,Road 19,35
340,Sinnoh,Celestic Town,15
340,Sinnoh,Eterna City,45
340,Sinnoh,Great Marsh Area 1,40
340,Sinnoh,Great Marsh Area 2,40
340,Sinnoh,Great Marsh Area 3,40
340,Sinnoh,Great Marsh Area 4,40
340,Sinnoh,Great Marsh Area 5,15
340,Sinnoh,Great Marsh Area 6,40
340,Sinnoh,Mount Coronet (1F Road 207),45
340,Sinnoh,Mount Coronet (4F),15
340,Sinnoh,Mount Coronet (B1F),45
340,Sinnoh,Oreburgh Gate (B1F),45
340,Sinnoh,Ravaged Path,45
340,Sinnoh,"Road 205 (east, towards Eterna City)",45
340,Sinnoh,Road 208,45
340,Sinnoh,"Road 210 (west, towards Celestic Town)",50
340,Sinnoh,"Road 212 (east, towards Pastoria City)",45
340,Sinnoh,Road 225,45
340,Sinnoh,Road 227,45
340,Sinnoh,Road 228,50
340,Unova,Icirrus City,80
340,Unova,Moor of Icirrus,80
340,Unova,Road 8,80
341,Alola,Vast Poni Canyon Northwest,40
341,Hoenn,Petalburg City,100
341,Hoenn,Road 102,100
341,Hoenn,Road 117,100
341,Kalos,Parfum Palace,35
341,Kalos,Road 3,35
341,Sinnoh,Celestic Town,40
341,Unova,Road 3,90
341,Unova,Striaton City,30
342,Alola,Vast Poni Canyon Northwest,30
342,Kalos,Friend Safari (Dark),33
342,Kalos,Parfum Palace,5
342,Kalos,Road 3,5
342,Sinnoh,Celestic Town,15
342,Unova,Road 3,10
342,Unova,Striaton City,10
343,Alola,Haina Desert Area,75
343,Hoenn,Road 111,24
343,Kanto,Road 3,40
343,Sinnoh,Road 206,22
343,Unova,Relic Castle (D),100
344,Hoenn,Sky Pillar (1F),25
344,Hoenn,Sky Pillar (3F),25
344,Hoenn,Sky Pillar (5F),19
344,Unova,Relic Castle (D),100
349,Alola,Brooklet Hill North,11
349,Alola,Brooklet Hill South,11
349,Hoenn,Road 119,50
349,Sinnoh,Mount Coronet (B1F),50
349,Unova,Road 1,60
350,Unova,Road 1,5
351,Alola,Alola Route 17 Northeast,100
351,Alola,Alola Route 17 West,11
351,Alola,Exeggutor Island Area,12
351,Alola,Haina Desert Area,24
351,Alola,Lush Jungle North,12
351,Alola,Lush Jungle South,12
351,Alola,Lush Jungle West,12
351,Alola,Malie Garden Area,11
351,Alola,Mount Lanakila Base,11
351,Alola,Mount Lanakila Outside,12
351,Alola,Tapu Village Area,12
351,Unova,Road 6,5
352,Alola,Dividing Peak Tunnel Area,100
352,Hoenn,Road 118,5
352,Hoenn,Road 119,100
352,Hoenn,Road 120,100
352,Hoenn,Road 121,5
352,Hoenn,Road 123,5
352,Kalos,Friend Safari (Normal),33
352,Kalos,Road 6,5
352,Sinnoh,Great Marsh Area 1,10
352,Sinnoh,Great Marsh Area 2,10
352,Sinnoh,Great Marsh Area 3,10
352,Sinnoh,Great Marsh Area 4,10
352,Sinnoh,Great Marsh Area 5,10
352,Sinnoh,Great Marsh Area 6,10
352,Sinnoh,"Road 210 (west, towards Celestic Town)",22
352,Unova,Nature Sanctuary,10
353,Alola,Thrifty Megamart Abandoned Site,30
353,Hoenn,Mount Pyre (1F),100
353,Hoenn,Mount Pyre (2F),100
353,Hoenn,Mount Pyre (3F),100
353,Hoenn,Mount Pyre (4F),100
353,Hoenn,Mount Pyre (5F),90
353,Hoenn,Mount Pyre (6F),90
353,Hoenn,Mount Pyre (outside),60
353,Hoenn,Mount Pyre (summit),85
353,Hoenn,Road 121,60
353,Hoenn,Road 123,60
353,Kalos,Friend Safari (Ghost),33
354,Hoenn,Sky Pillar (1F),15
354,Hoenn,Sky Pillar (3F),15
354,Hoenn,Sky Pillar (5F),15
354,Sinnoh,Road 225,20
354,Sinnoh,Road 226,20
354,Sinnoh,Road 227,10
354,Sinnoh,Stark Mountain exterior,10
354,Unova,Strange House (1F),15
354,Unova,Strange House (B1F),15
354,Unova,Victory Road 2 (unknown area 71),70
354,Unova,Victory Road 2 (unknown area 78),70
355,Hoenn,Mount Pyre (1F),100
355,Hoenn,Mount Pyre (2F),100
355,Hoenn,Mount Pyre (3F),100
355,Hoenn,Mount Pyre (4F),90
355,Hoenn,Mount Pyre (5F),90
355,Hoenn,Mount Pyre (6F),90
355,Hoenn,Mount Pyre (outside),40
355,Hoenn,Mount Pyre (summit),85
355,Hoenn,Road 121,30
355,Hoenn,Road 123,30
355,Sinnoh,Lost Tower (1F),20
355,Sinnoh,Lost Tower (2F),20
355,Sinnoh,Lost Tower (3F),20
355,Sinnoh,Lost Tower (4F),20
355,Sinnoh,Lost Tower (5F),20
355,Sinnoh,Road 209,10
355,Sinnoh,Road 224,2
355,Sinnoh,Turnback Cave (before pillar 1),5
355,Sinnoh,Turnback Cave (between pillars 1 and 2),4
355,Sinnoh,Turnback Cave (pillar 1),5
356,Hoenn,Sky Pillar (1F),15
356,Hoenn,Sky Pillar (3F),15
356,Hoenn,Sky Pillar (5F),15
356,Kalos,Friend Safari (Ghost),33
356,Sinnoh,Road 224,20
356,Sinnoh,Sendoff Spring,27
356,Sinnoh,Turnback Cave (after pillar 3),27
356,Sinnoh,Turnback Cave (before pillar 1),23
356,Sinnoh,Turnback Cave (between pillars 1 and 2),23
356,Sinnoh,Turnback Cave (between pillars 2 and 3),27
356,Sinnoh,Turnback Cave (pillar 1),23
356,Sinnoh,Turnback Cave (pillar 2),27
356,Sinnoh,Turnback Cave (pillar 3),27
357,Alola,Exeggutor Island Area,20
357,Hoenn,Road 119,9
357,Kalos,Friend Safari (Flying),33
357,Sinnoh,Great Marsh Area 1,50
357,Sinnoh,Great Marsh Area 2,50
357,Sinnoh,Great Marsh Area 3,10
357,Sinnoh,Great Marsh Area 4,10
357,Sinnoh,Great Marsh Area 5,10
357,Sinnoh,Great Marsh Area 6,10
357,Unova,Road 14,30
357,Unova,Road 18,20
358,Hoenn,Mount Pyre (summit),2
358,Sinnoh,Mount Coronet (4F small room),5
358,Sinnoh,Mount Coronet (5F),17
358,Sinnoh,Mount Coronet (6F),22
358,Sinnoh,Sendoff Spring,10
358,Sinnoh,Turnback Cave (after pillar 3),22
358,Sinnoh,Turnback Cave (between pillars 1 and 2),1
358,Sinnoh,Turnback Cave (between pillars 2 and 3),22
358,Sinnoh,Turnback Cave (pillar 2),22
358,Sinnoh,Turnback Cave (pillar 3),22
358,Unova,Abundant Shrine,60
359,Alola,Alola Route 14 Area,10
359,Alola,Mount Lanakila Base,20
359,Alola,Mount Lanakila Cave,20
359,Alola,Mount Lanakila Outside,20
359,Alola,Tapu Village Area,10
359,Hoenn,Road 120,8
359,Johto,Dark Cave (Blackthorn City entrance),20
359,Johto,Dark Cave (Violet City entrance),20
359,Johto,Ice Path (1F),20
359,Johto,Ice Path (B1F),20
359,Johto,Ice Path (B2F),20
359,Johto,Ice Path (B3F),20
359,Johto,Mount Mortar (1F),20
359,Johto,Mount Mortar (B1F),20
359,Johto,Mount Mortar (Lower Cave),20
359,Johto,Mount Mortar (Upper Cave),20
359,Johto,Mount Silver (1F top),20
359,Johto,Mount Silver (1F),20
359,Johto,Mount Silver (2F),20
359,Johto,Mount Silver (3F),20
359,Johto,Mount Silver (4F),20
359,Johto,Mount Silver (mountainside),20
359,Johto,Mount Silver (top),20
359,Johto,Road 47 (inside cave),20
359,Johto,Slowpoke Well (1F),20
359,Johto,Slowpoke Well (B1F),20
359,Johto,Tohjo Falls,20
359,Johto,Union Cave (1F),20
359,Johto,Union Cave (B1F),20
359,Johto,Union Cave (B2F),20
359,Johto,Whirl Islands (1F),20
359,Johto,Whirl Islands (B1F),20
359,Johto,Whirl Islands (B2F),20
359,Johto,Whirl Islands (B3F),20
359,Kalos,Friend Safari (Dark),33
359,Kalos,Road 8,30
359,Kanto,Cerulean Cave (1F),20
359,Kanto,Cerulean Cave (2F),20
359,Kanto,Cerulean Cave (B1F),20
359,Kanto,Digletts Cave,20
359,Kanto,Mount Moon (1F),20
359,Kanto,Mount Moon (2F),20
359,Kanto,Rock Tunnel (1F),20
359,Kanto,Rock Tunnel (B1F),20
359,Kanto,Seafoam Islands (1F),20
359,Kanto,Seafoam Islands (B1F),20
359,Kanto,Seafoam Islands (B2F),20
359,Kanto,Seafoam Islands (B3F),20
359,Kanto,Seafoam Islands (B4F),20
359,Kanto,Victory Road 1 (1F),20
359,Kanto,Victory Road 1 (2F),20
359,Kanto,Victory Road 1 (3F),20
359,Sinnoh,Mount Coronet (exterior blizzard),17
359,Sinnoh,Mount Coronet (exterior snowfall),17
359,Sinnoh,Road 213,40
359,Unova,Giant Chasm (outside),20
359,Unova,Road 13,30
359,Unova,Road 14,30
359,Unova,Unova Route 23 (Hidden Grotto),10
360,Hoenn,Mirage Island,100
360,Hoenn,Road 130,100
361,Alola,Alola Route 14 Area,20
361,Alola,Mount Lanakila Base,30
361,Alola,Mount Lanakila Cave,30
361,Alola,Mount Lanakila Outside,30
361,Alola,Tapu Village Area,20
361,Hoenn,Shoal Cave B3F,10
361,Kalos,Friend Safari (Ice),33
361,Sinnoh,Acuity Lakefront,22
361,Sinnoh,Lake Acuity,20
361,Sinnoh,Road 216,22
361,Sinnoh,Road 217,22
362,Alola,Mount Lanakila Cave,30
362,Alola,Mount Lanakila Outside,30
363,Hoenn,Shoal Cave,60
363,Hoenn,Shoal Cave (B1F),50
363,Hoenn,Shoal Cave B2F,50
363,Hoenn,Shoal Cave B3F,45
363,Hoenn,Shoal Cave Low Tide,50
363,Kalos,Friend Safari (Ice),33
363,Sinnoh,Road 226,30
363,Sinnoh,Road 230,30
363,Unova,Undella Bay,30
363,Unova,Unova Route 13 (Hidden Grotto – Stairs),5
364,Johto,Safari Zone Mountain,10
364,Sinnoh,Road 226,5
364,Sinnoh,Road 230,60
364,Unova,Undella Bay,30
365,Unova,Undella Bay,5
366,Alola,Alola Route 15 Main,40
366,Alola,Hauoli City Beachfront,10
366,Alola,Melemele Sea Area,60
366,Hoenn,Road 124 (underwater),65
366,Hoenn,Road 126 (underwater),65
366,Kalos,Road 12,35
366,Kanto,Road 19,60
366,Sinnoh,Road 219,15
366,Sinnoh,Road 221,15
366,Unova,Road 4,40
367,Alola,Alola Route 15 Main,30
367,Alola,Hauoli City Beachfront,30
367,Alola,Melemele Sea Area,30
367,Kalos,Road 12,5
367,Unova,Road 4,5
368,Alola,Alola Route 15 Main,30
368,Alola,Hauoli City Beachfront,30
368,Alola,Melemele Sea Area,30
368,Kalos,Road 12,5
368,Unova,Road 4,5
369,Alola,Ancient Poni Path Area,11
369,Alola,Poni Breaker Coast Area,11
369,Alola,Poni Wilds Area,11
369,Hoenn,Road 124 (underwater),5
369,Hoenn,Road 126 (underwater),5
369,Kalos,Ambrette Town,60
369,Kalos,Cyllage City,60
369,Kanto,Road 12,100
369,Sinnoh,Road 226,15
369,Unova,Road 4,40
370,Alola,Alola Route 9 Main,70
370,Alola,Hauoli City Beachfront,40
370,Alola,Melemele Sea Area,41
370,Hoenn,Ever Grande City,60
370,Hoenn,Road 128,60
370,Kalos,Ambrette Town,100
370,Kalos,Azure Bay,100
370,Kalos,Cyllage City,100
370,Kalos,Road 12,100
370,Kalos,Road 8,100
370,Kalos,Shalour City,100
370,Kanto,Road 27,60
370,Sinnoh,Road 224,15
370,Sinnoh,Sinnoh League,15
370,Unova,Driftveil City,45
370,Unova,Humilau City,100
370,Unova,Road 13,100
370,Unova,Road 21,100
370,Unova,Road 4,45
370,Unova,Seaside Cave (1F),100
370,Unova,Undella Bay,45
370,Unova,Undella Town,100
371,Alola,Alola Route 3 South,1
371,Alola,Kalae Bay Area,10
371,Hoenn,Meteor Falls (back/small room),25
371,Kalos,Road 8,10
371,Sinnoh,"Road 210 (west, towards Celestic Town)",22
371,Unova,Pinwheel Forest (Hidden Grotto – Outer area),15
372,Alola,Kalae Bay Area,15
372,Kalos,Friend Safari (Dragon),33
373,Alola,Alola Route 3 South,15
374,Alola,Mount Hokulani East,20
374,Alola,Mount Hokulani Main,10
374,Alola,Mount Hokulani West,10
374,Sinnoh,Road 228,40
375,Kalos,Friend Safari (Steel),33
375,Unova,Giant Chasm (Hidden Grotto),10
375,Unova,Giant Chasm (forest cave),20
375,Unova,Giant Chasm (forest),20
376,Unova,Giant Chasm (forest cave),5
376,Unova,Giant Chasm (forest),5
377,Alola,Ultra Space Wilds Cave,100
377,Alola,Ultra Space Wilds Cave World,15
377,Hoenn,Desert Ruins,100
377,Unova,Underground Ruins,100
378,Alola,Ultra Space Wilds Cave,100
378,Alola,Ultra Space Wilds Cave World,15
378,Hoenn,Island Cave,100
378,Unova,Underground Ruins,100
379,Alola,Ultra Space Wilds Cave,100
379,Alola,Ultra Space Wilds Cave World,15
379,Hoenn,Ancient Tomb,100
379,Unova,Underground Ruins,100
380,Alola,Ultra Space Wilds Water World,15
380,Alola,Ultra Space Wilds Waterfall,100
380,Hoenn,Roaming Hoenn,50
380,Hoenn,Southern Island,100
380,Johto,Wandert durch Johto,25
380,Unova,Dreamyard,100
381,Alola,Ultra Space Wilds Water World,15
381,Alola,Ultra Space Wilds Waterfall,100
381,Hoenn,Roaming Hoenn,50
381,Hoenn,Southern Island,100
381,Johto,Wandert durch Johto,25
381,Unova,Dreamyard,100
382,Alola,Ultra Space Wilds Water World,15
382,Alola,Ultra Space Wilds Waterfall,100
382,Hoenn,Cave of Origin (B4F),100
382,Hoenn,Marine Cave,100
382,Johto,Embedded Tower (Kyogre’s room),100
383,Alola,Ultra Space Wilds Cave,100
383,Alola,Ultra Space Wilds Cave World,15
383,Hoenn,Cave of Origin (B4F),100
383,Hoenn,Terra Cave,100
383,Johto,Embedded Tower (Groudon’s room),100
384,Alola,Ultra Space Wilds Cliff,100
384,Alola,Ultra Space Wilds Cliff World,15
384,Hoenn,Sky Pillar Apex,100
384,Johto,Embedded Tower (Rayquaza’s room),100
386,Hoenn,Sky Pillar Apex,100
386,Kanto,Birth Island,100
396,Kalos,Road 11,5
396,Sinnoh,Great Marsh Area 1,20
396,Sinnoh,Great Marsh Area 2,20
396,Sinnoh,Great Marsh Area 3,20
396,Sinnoh,Great Marsh Area 4,20
396,Sinnoh,Great Marsh Area 5,20
396,Sinnoh,Great Marsh Area 6,20
396,Sinnoh,Lake Verity (after Galactic intervention),62
396,Sinnoh,Lake Verity (before Galactic intervention),72
396,Sinnoh,Road 201,92
396,Sinnoh,Road 202,66
396,Sinnoh,Road 203,63
396,Sinnoh,"Road 204 (north, towards Floaroma Town)",43
396,Sinnoh,"Road 204 (south, towards Jubilife City)",35
396,Sinnoh,Road 209,20
396,Sinnoh,"Road 212 (north, towards Hearthome City)",20
397,Kalos,Road 11,20
397,Sinnoh,Great Marsh Area 1,10
397,Sinnoh,Great Marsh Area 2,10
397,Sinnoh,Great Marsh Area 3,10
397,Sinnoh,Great Marsh Area 4,10
397,Sinnoh,Great Marsh Area 5,10
397,Sinnoh,Great Marsh Area 6,10
397,Sinnoh,Lake Valor,57
397,Sinnoh,Lake Verity (after Galactic intervention),12
397,Sinnoh,Lake Verity (before Galactic intervention),12
397,Sinnoh,Road 209,30
397,Sinnoh,"Road 210 (south, towards Solaceon Town)",20
397,Sinnoh,"Road 212 (north, towards Hearthome City)",35
397,Sinnoh,Road 215,50
397,Sinnoh,Sendoff Spring,57
397,Sinnoh,Trophy Garden,40
397,Sinnoh,Valor Lakefront,45
399,Johto,Mount Silver (outside),20
399,Johto,Road 30,20
399,Johto,Road 31,20
399,Johto,Road 32,20
399,Johto,Road 34,20
399,Johto,Road 35,20
399,Johto,Road 42,20
399,Johto,Road 43,20
399,Johto,Road 44,20
399,Johto,Road 45,20
399,Johto,Road 47,20
399,Johto,Ruins of Alph (outside),20
399,Johto,Unknown Area; all Rattata,40
399,Kalos,Road 22,10
399,Kalos,Road 3,20
399,Kanto,Road 10,20
399,Kanto,Road 13,20
399,Kanto,Road 21,20
399,Kanto,Road 22,20
399,Kanto,Road 24,20
399,Kanto,Road 25,20
399,Kanto,Road 26,20
399,Kanto,Road 27,20
399,Kanto,Road 28,20
399,Kanto,Road 4,20
399,Kanto,Road 6,20
399,Kanto,Road 9,20
399,Sinnoh,Eterna Forest,10
399,Sinnoh,Great Marsh Area 1,11
399,Sinnoh,Great Marsh Area 2,11
399,Sinnoh,Great Marsh Area 3,11
399,Sinnoh,Great Marsh Area 4,11
399,Sinnoh,Great Marsh Area 5,31
399,Sinnoh,Great Marsh Area 6,11
399,Sinnoh,Lake Verity (after Galactic intervention),62
399,Sinnoh,Lake Verity (before Galactic intervention),72
399,Sinnoh,Road 201,76
399,Sinnoh,Road 202,76
399,Sinnoh,Road 203,33
399,Sinnoh,"Road 204 (north, towards Floaroma Town)",33
399,Sinnoh,"Road 204 (south, towards Jubilife City)",25
399,Sinnoh,"Road 205 (east, towards Eterna City)",61
399,Sinnoh,"Road 205 (south, towards Floaroma Town)",10
399,Sinnoh,Road 208,20
399,Sinnoh,"Road 211 (west, towards Eterna City)",61
399,Sinnoh,Valley Windworks,10
400,Kalos,Friend Safari (Water),33
400,Kalos,Road 22,20
400,Sinnoh,Great Marsh Area 1,30
400,Sinnoh,Great Marsh Area 2,30
400,Sinnoh,Great Marsh Area 3,40
400,Sinnoh,Great Marsh Area 4,40
400,Sinnoh,Great Marsh Area 5,40
400,Sinnoh,Great Marsh Area 6,40
400,Sinnoh,Lake Acuity,53
400,Sinnoh,Lake Valor,57
400,Sinnoh,Lake Verity (after Galactic intervention),12
400,Sinnoh,Lake Verity (before Galactic intervention),12
400,Sinnoh,Road 208,32
400,Sinnoh,Road 209,45
400,Sinnoh,"Road 210 (west, towards Celestic Town)",20
400,Sinnoh,"Road 212 (east, towards Pastoria City)",57
400,Sinnoh,Sendoff Spring,57
400,Sinnoh,Valor Lakefront,30
400,Unova,Unova Route 3 (Hidden Grotto – Pond),75
400,Unova,Village Bridge,50
401,Kanto,Viridian Forest,40
401,Sinnoh,Eterna Forest,20
401,Sinnoh,Road 201,20
401,Sinnoh,Road 202,30
401,Sinnoh,Road 203,20
401,Sinnoh,"Road 204 (north, towards Floaroma Town)",20
401,Sinnoh,"Road 204 (south, towards Jubilife City)",20
401,Sinnoh,"Road 205 (east, towards Eterna City)",20
401,Sinnoh,Road 206,10
401,Sinnoh,Road 207,20
402,Hoenn,Mirage Forest (South of Route 111),60
402,Hoenn,Mirage Mountain (North East of Route 125),30
402,Hoenn,Mirage Mountain (North of Lilycove),30
402,Hoenn,Mirage Mountain (South of Route 131),30
402,Hoenn,Mirage Mountain (West of Route 104),30
402,Sinnoh,Road 206,20
402,Sinnoh,"Road 210 (south, towards Solaceon Town)",30
402,Sinnoh,"Road 212 (east, towards Pastoria City)",30
402,Sinnoh,"Road 212 (north, towards Hearthome City)",40
402,Sinnoh,Road 214,25
402,Sinnoh,Road 215,30
402,Sinnoh,Trophy Garden,30
402,Sinnoh,Valor Lakefront,25
402,Unova,Dreamyard,10
402,Unova,Dreamyard (B1F),35
403,Johto,National Park,40
403,Johto,Road 29,40
403,Johto,Road 33,40
403,Johto,Road 36,40
403,Johto,Road 37,40
403,Johto,Road 38,40
403,Johto,Road 39,40
403,Johto,Road 46,40
403,Johto,Road 48,40
403,Kanto,Road 1,40
403,Kanto,Road 11,40
403,Kanto,Road 14,40
403,Kanto,Road 15,40
403,Kanto,Road 16,40
403,Kanto,Road 17,40
403,Kanto,Road 18,40
403,Kanto,"Road 2 (north, towards Pewter City)",40
403,Kanto,"Road 2 (south, towards Viridian City)",40
403,Kanto,Road 3,40
403,Kanto,Road 5,40
403,Kanto,Road 7,40
403,Kanto,Road 8,40
403,Sinnoh,Fuego Ironworks,10
403,Sinnoh,Road 202,30
403,Sinnoh,Road 203,25
403,Sinnoh,"Road 204 (north, towards Floaroma Town)",15
403,Sinnoh,"Road 204 (south, towards Jubilife City)",15
403,Sinnoh,Valley Windworks,20
404,Kalos,Friend Safari (Electric),33
404,Sinnoh,Fuego Ironworks,10
404,Sinnoh,Road 222,10
406,Johto,Ilex Forest,20
406,Kalos,Road 4,20
406,Kanto,Viridian Forest,20
406,Sinnoh,Eterna Forest,43
406,Sinnoh,Great Marsh Area 1,20
406,Sinnoh,Great Marsh Area 2,20
406,Sinnoh,Great Marsh Area 3,20
406,Sinnoh,Great Marsh Area 4,20
406,Sinnoh,Great Marsh Area 5,20
406,Sinnoh,Great Marsh Area 6,20
406,Sinnoh,"Road 204 (north, towards Floaroma Town)",35
406,Sinnoh,"Road 204 (south, towards Jubilife City)",35
406,Sinnoh,"Road 205 (east, towards Eterna City)",70
406,Sinnoh,Road 208,40
406,Sinnoh,"Road 212 (north, towards Hearthome City)",30
407,Unova,Lostlorn Forest,5
407,Unova,Road 12,5
407,Unova,Victory Road 2 (unknown area 72),5
412,Kalos,Road 3,10
412,Sinnoh,Eterna Forest,60
412,Sinnoh,Floaroma Meadow,60
412,Sinnoh,Fuego Ironworks,60
412,Sinnoh,"Road 205 (east, towards Eterna City)",60
412,Sinnoh,"Road 205 (south, towards Floaroma Town)",60
412,Sinnoh,Road 206,60
412,Sinnoh,Road 207,60
412,Sinnoh,Road 208,60
412,Sinnoh,Road 209,60
412,Sinnoh,"Road 210 (south, towards Solaceon Town)",60
412,Sinnoh,"Road 210 (west, towards Celestic Town)",60
412,Sinnoh,"Road 211 (east, towards Celestic Town)",60
412,Sinnoh,"Road 212 (east, towards Pastoria City)",60
412,Sinnoh,"Road 212 (north, towards Hearthome City)",60
412,Sinnoh,Road 213,60
412,Sinnoh,Road 214,60
412,Sinnoh,Road 215,60
412,Sinnoh,Road 218,60
412,Sinnoh,Road 221,60
412,Sinnoh,Road 222,60
412,Sinnoh,Valley Windworks,60
415,Kalos,Friend Safari (Bug),33
415,Kalos,Road 4,40
415,Sinnoh,Eterna Forest,60
415,Sinnoh,Floaroma Meadow,60
415,Sinnoh,Fuego Ironworks,60
415,Sinnoh,"Road 205 (east, towards Eterna City)",60
415,Sinnoh,"Road 205 (south, towards Floaroma Town)",60
415,Sinnoh,Road 206,60
415,Sinnoh,Road 207,60
415,Sinnoh,Road 208,60
415,Sinnoh,Road 209,60
415,Sinnoh,"Road 210 (south, towards Solaceon Town)",60
415,Sinnoh,"Road 210 (west, towards Celestic Town)",60
415,Sinnoh,"Road 211 (east, towards Celestic Town)",60
415,Sinnoh,"Road 212 (east, towards Pastoria City)",60
415,Sinnoh,"Road 212 (north, towards Hearthome City)",60
415,Sinnoh,Road 213,60
415,Sinnoh,Road 214,60
415,Sinnoh,Road 215,60
415,Sinnoh,Road 218,60
415,Sinnoh,Road 221,60
415,Sinnoh,Road 222,60
415,Sinnoh,Valley Windworks,60
415,Unova,Lostlorn Forest,20
415,Unova,Lostlorn Forest (Hidden Grotto),75
415,Unova,Road 12,40
416,Unova,Lostlorn Forest,5
416,Unova,Road 12,5
417,Kalos,Friend Safari (Electric),33
417,Kalos,Road 12,10
417,Sinnoh,Fuego Ironworks,10
417,Sinnoh,"Road 205 (east, towards Eterna City)",10
417,Sinnoh,"Road 205 (south, towards Floaroma Town)",10
417,Sinnoh,Valley Windworks,25
417,Unova,Unova Route 3 (Hidden Grotto – Dark Grass),75
418,Johto,Mount Silver (outside),20
418,Johto,Road 30,20
418,Johto,Road 31,20
418,Johto,Road 32,20
418,Johto,Road 34,20
418,Johto,Road 35,20
418,Johto,Road 42,20
418,Johto,Road 43,20
418,Johto,Road 44,20
418,Johto,Road 45,20
418,Johto,Road 47,20
418,Johto,Ruins of Alph (outside),20
418,Kanto,Road 10,20
418,Kanto,Road 13,20
418,Kanto,Road 21,20
418,Kanto,Road 22,20
418,Kanto,Road 24,20
418,Kanto,Road 25,20
418,Kanto,Road 26,20
418,Kanto,Road 27,20
418,Kanto,Road 28,20
418,Kanto,Road 4,20
418,Kanto,Road 6,20
418,Kanto,Road 9,20
418,Sinnoh,"Road 205 (east, towards Eterna City)",51
418,Sinnoh,"Road 205 (south, towards Floaroma Town)",51
418,Sinnoh,"Road 212 (east, towards Pastoria City)",27
418,Sinnoh,Road 213,35
418,Sinnoh,Road 224,20
418,Sinnoh,Valley Windworks,51
418,Unova,Lostlorn Forest,90
418,Unova,Nature Sanctuary,90
418,Unova,Road 11,90
418,Unova,Road 14,90
418,Unova,Road 23,90
418,Unova,Victory Road 2 (unknown area 73),90
418,Unova,Victory Road 2 (unknown area 79),90
419,Alola,Ultra Space Wilds Waterfall,15
419,Kalos,Couriway Town,34
419,Kalos,Friend Safari (Water),33
419,Kalos,Frost Cavern (unknown area 313),34
419,Kalos,Frost Cavern (unknown area 315),34
419,Kalos,Road 15,34
419,Kalos,Road 16,54
419,Kalos,Road 21,84
419,Kalos,Victory Road (unknown area 322),69
419,Kalos,Victory Road (unknown area 327),34
419,Kalos,Victory Road (unknown area 328),69
419,Sinnoh,Fuego Ironworks,25
419,Sinnoh,Road 213,10
419,Sinnoh,Road 218,40
419,Sinnoh,Road 221,35
419,Sinnoh,Road 222,40
419,Sinnoh,Road 224,30
419,Sinnoh,Road 230,25
419,Sinnoh,Victory Road (B1F),100
419,Sinnoh,Victory Road (inside B1F),90
419,Sinnoh,Victory Road (inside exit),35
419,Sinnoh,Victory Road (inside),35
419,Unova,Lostlorn Forest,10
419,Unova,Nature Sanctuary,5
419,Unova,Road 11,10
419,Unova,Road 14,10
419,Unova,Road 23,10
419,Unova,Victory Road 2 (unknown area 73),10
419,Unova,Victory Road 2 (unknown area 79),10
420,Sinnoh,Eterna Forest,30
420,Sinnoh,Floaroma Meadow,30
420,Sinnoh,Fuego Ironworks,30
420,Sinnoh,"Road 205 (east, towards Eterna City)",30
420,Sinnoh,"Road 205 (south, towards Floaroma Town)",30
420,Sinnoh,Road 206,30
420,Sinnoh,Road 207,30
420,Sinnoh,Road 208,30
420,Sinnoh,Road 209,30
420,Sinnoh,"Road 210 (south, towards Solaceon Town)",30
420,Sinnoh,"Road 210 (west, towards Celestic Town)",30
420,Sinnoh,"Road 211 (east, towards Celestic Town)",30
420,Sinnoh,"Road 212 (east, towards Pastoria City)",30
420,Sinnoh,"Road 212 (north, towards Hearthome City)",30
420,Sinnoh,Road 213,30
420,Sinnoh,Road 214,30
420,Sinnoh,Road 215,30
420,Sinnoh,Road 218,30
420,Sinnoh,Road 221,30
420,Sinnoh,Road 222,30
420,Sinnoh,Valley Windworks,30
421,Hoenn,Mirage Forest (North of Lilycove),10
421,Unova,Road 12,20
422,Sinnoh,Canalave City,30
422,Sinnoh,Fuego Ironworks,30
422,Sinnoh,Pastoria City,30
422,Sinnoh,"Road 205 (east, towards Eterna City)",10
422,Sinnoh,"Road 205 (south, towards Floaroma Town)",100
422,Sinnoh,"Road 212 (east, towards Pastoria City)",100
422,Sinnoh,Road 213,50
422,Sinnoh,Road 218,30
422,Sinnoh,Road 221,10
422,Sinnoh,Road 224,1
422,Sinnoh,Valley Windworks,100
423,Alola,Ancient Poni Path Area,30
423,Alola,Exeggutor Island Area,10
423,Alola,Poni Breaker Coast Area,20
423,Alola,Poni Wilds Area,30
423,Kalos,Friend Safari (Ground),33
423,Sinnoh,Canalave City,1
423,Sinnoh,Fuego Ironworks,26
423,Sinnoh,Pastoria City,1
423,Sinnoh,"Road 205 (south, towards Floaroma Town)",9
423,Sinnoh,"Road 212 (east, towards Pastoria City)",9
423,Sinnoh,Road 213,1
423,Sinnoh,Road 218,36
423,Sinnoh,Road 221,30
423,Sinnoh,Road 222,40
423,Sinnoh,Road 224,30
423,Sinnoh,Road 230,5
423,Sinnoh,Valley Windworks,9
424,Alola,Poni Plains West,15
425,Alola,Alola Route 1 Trainers School,100
425,Alola,Hauoli Cemetery Area,40
425,Kalos,Road 8,40
425,Sinnoh,Trainers' School,15
425,Sinnoh,Valley Windworks,100
425,Unova,Unova Route 13 (Hidden Grotto – Stairs),20
426,Kalos,Friend Safari (Ghost),33
426,Unova,Giant Chasm (outside),20
426,Unova,Reversal Mountain (unknown area 48),40
426,Unova,Road 13,30
426,Unova,Road 14,30
427,Alola,Alola Route 1 East,10
427,Alola,Alola Route 1 West,30
427,Alola,Poni Grove Area,50
427,Kanto,Road 25,40
427,Sinnoh,Eterna Forest,28
427,Unova,Castelia City,30
428,Alola,Poni Grove Area,15
428,Unova,Castelia City,5
429,Unova,Abundant Shrine,5
430,Unova,Abundant Shrine,5
431,Hoenn,Mirage Forest (East of Mossdeep),30
431,Sinnoh,Road 218,15
431,Sinnoh,Road 222,20
432,Hoenn,Mirage Forest (North of Lilycove),30
432,Hoenn,Mirage Forest (North of Route 124),30
432,Hoenn,Mirage Forest (West of Route 114),30
432,Hoenn,Mirage Island (East of Shoal Cave),60
432,Sinnoh,Road 222,15
432,Sinnoh,Road 229,10
433,Johto,Dark Cave (Blackthorn City entrance),20
433,Johto,Dark Cave (Violet City entrance),20
433,Johto,Ice Path (1F),20
433,Johto,Ice Path (B1F),20
433,Johto,Ice Path (B2F),20
433,Johto,Ice Path (B3F),20
433,Johto,Mount Mortar (1F),20
433,Johto,Mount Mortar (B1F),20
433,Johto,Mount Mortar (Lower Cave),20
433,Johto,Mount Mortar (Upper Cave),20
433,Johto,Mount Silver (1F top),20
433,Johto,Mount Silver (1F),20
433,Johto,Mount Silver (2F),20
433,Johto,Mount Silver (3F),20
433,Johto,Mount Silver (4F),20
433,Johto,Mount Silver (mountainside),20
433,Johto,Mount Silver (top),20
433,Johto,Road 47 (inside cave),20
433,Johto,Slowpoke Well (1F),20
433,Johto,Slowpoke Well (B1F),20
433,Johto,Tohjo Falls,20
433,Johto,Union Cave (1F),20
433,Johto,Union Cave (B1F),20
433,Johto,Union Cave (B2F),20
433,Johto,Whirl Islands (1F),20
433,Johto,Whirl Islands (B1F),20
433,Johto,Whirl Islands (B2F),20
433,Johto,Whirl Islands (B3F),20
433,Kalos,Reflection Cave (unknown area 305),15
433,Kalos,Reflection Cave (unknown area 306),15
433,Kalos,Reflection Cave (unknown area 307),15
433,Kalos,Reflection Cave (unknown area 308),15
433,Kalos,Road 11,10
433,Kanto,Cerulean Cave (1F),20
433,Kanto,Cerulean Cave (2F),20
433,Kanto,Cerulean Cave (B1F),20
433,Kanto,Digletts Cave,20
433,Kanto,Mount Moon (1F),20
433,Kanto,Mount Moon (2F),20
433,Kanto,Rock Tunnel (1F),20
433,Kanto,Rock Tunnel (B1F),20
433,Kanto,Seafoam Islands (1F),20
433,Kanto,Seafoam Islands (B1F),20
433,Kanto,Seafoam Islands (B2F),20
433,Kanto,Seafoam Islands (B3F),20
433,Kanto,Seafoam Islands (B4F),20
433,Kanto,Victory Road 1 (1F),20
433,Kanto,Victory Road 1 (2F),20
433,Kanto,Victory Road 1 (3F),20
433,Sinnoh,Lake Acuity,10
433,Sinnoh,Lake Valor,10
433,Sinnoh,Mount Coronet (1F Road 207),10
433,Sinnoh,Mount Coronet (1F Road 211),10
433,Sinnoh,Mount Coronet (1F Road 216),10
433,Sinnoh,Mount Coronet (1F from exterior),22
433,Sinnoh,Mount Coronet (2F),22
433,Sinnoh,Mount Coronet (3F),22
433,Sinnoh,Mount Coronet (4F small room),21
433,Sinnoh,Mount Coronet (4F),22
433,Sinnoh,Mount Coronet (5F),5
433,Sinnoh,Mount Coronet (B1F),10
433,Sinnoh,Mount Coronet (exterior blizzard),22
433,Sinnoh,Mount Coronet (exterior snowfall),22
433,Sinnoh,"Road 211 (east, towards Celestic Town)",15
433,Sinnoh,"Road 211 (west, towards Eterna City)",15
433,Sinnoh,Sendoff Spring,22
433,Sinnoh,Turnback Cave (before pillar 1),22
433,Sinnoh,Turnback Cave (between pillars 1 and 2),22
433,Sinnoh,Turnback Cave (pillar 1),22
434,Kalos,Road 11,45
434,Sinnoh,Road 206,41
434,Sinnoh,Road 214,27
434,Sinnoh,Road 221,20
435,Sinnoh,Road 221,15
435,Sinnoh,Road 225,10
436,Johto,Dark Cave (Blackthorn City entrance),20
436,Johto,Dark Cave (Violet City entrance),20
436,Johto,Ice Path (1F),20
436,Johto,Ice Path (B1F),20
436,Johto,Ice Path (B2F),20
436,Johto,Ice Path (B3F),20
436,Johto,Mount Mortar (1F),20
436,Johto,Mount Mortar (B1F),20
436,Johto,Mount Mortar (Lower Cave),20
436,Johto,Mount Mortar (Upper Cave),20
436,Johto,Mount Silver (1F top),20
436,Johto,Mount Silver (1F),20
436,Johto,Mount Silver (2F),20
436,Johto,Mount Silver (3F),20
436,Johto,Mount Silver (4F),20
436,Johto,Mount Silver (mountainside),20
436,Johto,Mount Silver (top),20
436,Johto,Road 47 (inside cave),20
436,Johto,Slowpoke Well (1F),20
436,Johto,Slowpoke Well (B1F),20
436,Johto,Tohjo Falls,20
436,Johto,Union Cave (1F),20
436,Johto,Union Cave (B1F),20
436,Johto,Union Cave (B2F),20
436,Johto,Whirl Islands (1F),20
436,Johto,Whirl Islands (B1F),20
436,Johto,Whirl Islands (B2F),20
436,Johto,Whirl Islands (B3F),20
436,Kanto,Cerulean Cave (1F),20
436,Kanto,Cerulean Cave (2F),20
436,Kanto,Cerulean Cave (B1F),20
436,Kanto,Digletts Cave,20
436,Kanto,Mount Moon (1F),20
436,Kanto,Mount Moon (2F),20
436,Kanto,Rock Tunnel (1F),20
436,Kanto,Rock Tunnel (B1F),20
436,Kanto,Seafoam Islands (1F),20
436,Kanto,Seafoam Islands (B1F),20
436,Kanto,Seafoam Islands (B2F),20
436,Kanto,Seafoam Islands (B3F),20
436,Kanto,Seafoam Islands (B4F),20
436,Kanto,Victory Road 1 (1F),20
436,Kanto,Victory Road 1 (2F),20
436,Kanto,Victory Road 1 (3F),20
436,Sinnoh,Mount Coronet (1F Road 207),20
436,Sinnoh,Mount Coronet (1F Road 211),20
436,Sinnoh,Mount Coronet (1F Road 216),20
436,Sinnoh,Mount Coronet (2F),17
436,Sinnoh,Mount Coronet (3F),17
436,Sinnoh,Mount Coronet (B1F),20
436,Sinnoh,Road 206,10
436,Sinnoh,"Road 211 (east, towards Celestic Town)",10
436,Sinnoh,"Road 211 (west, towards Eterna City)",26
436,Sinnoh,Turnback Cave (after pillar 3),17
436,Sinnoh,Turnback Cave (before pillar 1),20
436,Sinnoh,Turnback Cave (between pillars 1 and 2),20
436,Sinnoh,Turnback Cave (between pillars 2 and 3),17
436,Sinnoh,Turnback Cave (pillar 1),20
436,Sinnoh,Turnback Cave (pillar 2),17
436,Sinnoh,Turnback Cave (pillar 3),17
436,Sinnoh,Wayward Cave (1F),40
436,Sinnoh,Wayward Cave (B1F),40
436,Unova,Abundant Shrine,15
436,Unova,Abundant Shrine (Hidden Grotto – Near Youngster),20
437,Kalos,Friend Safari (Steel),33
437,Sinnoh,Mount Coronet (1F from exterior),17
437,Sinnoh,Mount Coronet (2F),20
437,Sinnoh,Mount Coronet (3F),20
437,Sinnoh,Mount Coronet (4F small room),37
437,Sinnoh,Mount Coronet (4F),37
437,Sinnoh,Mount Coronet (5F),37
437,Sinnoh,Mount Coronet (6F),37
437,Sinnoh,Mount Coronet (exterior blizzard),17
437,Sinnoh,Mount Coronet (exterior snowfall),17
437,Sinnoh,Turnback Cave (after pillar 3),47
437,Sinnoh,Turnback Cave (before pillar 1),47
437,Sinnoh,Turnback Cave (between pillars 1 and 2),47
437,Sinnoh,Turnback Cave (between pillars 2 and 3),47
437,Sinnoh,Turnback Cave (pillar 1),47
437,Sinnoh,Turnback Cave (pillar 2),47
437,Sinnoh,Turnback Cave (pillar 3),47
437,Unova,Abundant Shrine,20
438,Alola,Alola Route 1 South,30
438,Alola,Lush Jungle North,10
438,Alola,Lush Jungle South,10
438,Alola,Lush Jungle West,10
438,Sinnoh,Road 209,41
438,Sinnoh,"Road 210 (south, towards Solaceon Town)",37
439,Alola,Hauoli City Shopping District,20
439,Kalos,Reflection Cave (unknown area 305),60
439,Kalos,Reflection Cave (unknown area 306),60
439,Kalos,Reflection Cave (unknown area 307),60
439,Kalos,Reflection Cave (unknown area 308),60
439,Sinnoh,Road 209,41
439,Sinnoh,"Road 210 (south, towards Solaceon Town)",37
440,Alola,Alola Route 1 East,15
440,Alola,Alola Route 1 South,30
440,Alola,Alola Route 1 West,15
440,Alola,Alola Route 4 Area,15
440,Alola,Alola Route 6 North,15
440,Alola,Alola Route 6 South,15
440,Alola,Blush Mountain Area,15
440,Alola,Hauoli City Shopping District,15
440,Alola,Lush Jungle North,15
440,Alola,Lush Jungle South,15
440,Alola,Lush Jungle West,15
440,Alola,Mount Hokulani East,15
440,Alola,Mount Hokulani West,30
440,Alola,Poni Grove Area,15
440,Alola,Seaward Cave Area,15
440,Alola,Wela Volcano Park Area,15
440,Hoenn,Mirage Forest (West of Route 105),40
440,Hoenn,Mirage Mountain (East of Mossdeep),30
441,Johto,Bell Tower (10F),20
441,Johto,Bell Tower (2F),20
441,Johto,Bell Tower (3F),20
441,Johto,Bell Tower (4F),20
441,Johto,Bell Tower (5F),20
441,Johto,Bell Tower (6F),20
441,Johto,Bell Tower (7F),20
441,Johto,Bell Tower (8F),20
441,Johto,Bell Tower (9F),20
441,Johto,Burned Tower (1F),20
441,Johto,Burned Tower (B1F),20
441,Johto,Sprout Tower (2F),20
441,Johto,Sprout Tower (3F),20
441,Kalos,Azure Bay,35
441,Kalos,Road 12,40
441,Sinnoh,Road 213,40
441,Sinnoh,Road 218,40
441,Sinnoh,Road 222,40
441,Sinnoh,Road 224,40
441,Unova,Unova Route 18 (Hidden Grotto),20
442,Hoenn,Sea Mauville (Inside),100
442,Kalos,Friend Safari (Ghost),33
442,Sinnoh,Road 209,100
443,Kalos,Road 13,20
443,Sinnoh,Wayward Cave (B1F),36
444,Alola,Haina Desert Area,20
444,Kalos,Friend Safari (Dragon),33
444,Sinnoh,Victory Road (1F),5
444,Sinnoh,Victory Road (2F),5
444,Sinnoh,Victory Road (B1F),5
444,Sinnoh,Victory Road (inside B1F),5
444,Sinnoh,Victory Road (inside exit),5
444,Sinnoh,Victory Road (inside),5
446,Alola,Alola Route 1 South,10
446,Sinnoh,Eterna Forest,100
446,Sinnoh,Floaroma Meadow,100
446,Sinnoh,Fuego Ironworks,100
446,Sinnoh,"Road 205 (east, towards Eterna City)",100
446,Sinnoh,"Road 205 (south, towards Floaroma Town)",100
446,Sinnoh,Road 206,100
446,Sinnoh,Road 207,100
446,Sinnoh,Road 208,100
446,Sinnoh,Road 209,100
446,Sinnoh,"Road 210 (south, towards Solaceon Town)",100
446,Sinnoh,"Road 210 (west, towards Celestic Town)",100
446,Sinnoh,"Road 211 (east, towards Celestic Town)",100
446,Sinnoh,"Road 212 (east, towards Pastoria City)",100
446,Sinnoh,"Road 212 (north, towards Hearthome City)",100
446,Sinnoh,Road 213,100
446,Sinnoh,Road 214,100
446,Sinnoh,Road 215,100
446,Sinnoh,Road 218,100
446,Sinnoh,Road 221,100
446,Sinnoh,Road 222,100
446,Sinnoh,Valley Windworks,100
447,Alola,Poni Grove Area,10
447,Kalos,Friend Safari (Fighting),33
447,Kalos,Road 22,10
447,Unova,Challengers Cave (B1F),5
447,Unova,Challengers Cave (B2F),10
447,Unova,Floccesy Ranch (inner),5
448,Alola,Poni Grove Area,15
449,Kalos,Road 9,40
449,Sinnoh,Maniac Tunnel (26+ different Unown caught),20
449,Sinnoh,Ruin Maniac Cave (0–9 different Unown caught),5
449,Sinnoh,Ruin Maniac Cave (10–25 different Unown caught),10
450,Alola,Ultra Space Wilds Cave,15
450,Sinnoh,Road 228,30
451,Kalos,Road 14,55
451,Kalos,Road 15,30
451,Kalos,Road 16,20
451,Sinnoh,Great Marsh Area 1,10
451,Sinnoh,Great Marsh Area 2,10
451,Sinnoh,Great Marsh Area 3,10
451,Sinnoh,Great Marsh Area 4,10
451,Sinnoh,Great Marsh Area 5,10
451,Sinnoh,Great Marsh Area 6,10
451,Unova,Reversal Mountain (unknown area 48),60
451,Unova,Reversal Mountain (unknown area 49),15
451,Unova,Reversal Mountain (unknown area 50),15
451,Unova,Reversal Mountain (unknown area 51),15
451,Unova,Reversal Mountain (unknown area 52),15
451,Unova,Reversal Mountain (unknown area 53),15
451,Unova,Reversal Mountain (unknown area 54),15
451,Unova,Reversal Mountain (unknown area 55),15
451,Unova,Reversal Mountain (unknown area 56),15
451,Unova,Reversal Mountain (unknown area 57),15
451,Unova,Reversal Mountain (unknown area 58),15
451,Unova,Reversal Mountain (unknown area 59),15
451,Unova,Reversal Mountain (unknown area 60),15
451,Unova,Unova Route 13 (Hidden Grotto – Giant Chasm),5
452,Alola,Ultra Space Wilds Crag,15
452,Kalos,Friend Safari (Poison),33
452,Kalos,Road 19,40
452,Sinnoh,Great Marsh Area 1,10
452,Sinnoh,Great Marsh Area 2,10
452,Sinnoh,Great Marsh Area 3,10
452,Sinnoh,Great Marsh Area 4,10
452,Sinnoh,Great Marsh Area 5,10
452,Sinnoh,Great Marsh Area 6,10
453,Kalos,Road 7,45
453,Sinnoh,Great Marsh Area 1,10
453,Sinnoh,Great Marsh Area 2,10
453,Sinnoh,Great Marsh Area 3,10
453,Sinnoh,Great Marsh Area 4,10
453,Sinnoh,Great Marsh Area 5,10
453,Sinnoh,Great Marsh Area 6,10
453,Sinnoh,"Road 212 (east, towards Pastoria City)",10
453,Unova,Icirrus City,45
453,Unova,Moor of Icirrus,45
453,Unova,Road 8,45
454,Kalos,Friend Safari (Poison),33
454,Sinnoh,Great Marsh Area 1,10
454,Sinnoh,Great Marsh Area 2,10
454,Sinnoh,Great Marsh Area 3,10
454,Sinnoh,Great Marsh Area 4,10
454,Sinnoh,Great Marsh Area 5,10
454,Sinnoh,Great Marsh Area 6,10
454,Unova,Pinwheel Forest (outside),20
455,Johto,Ilex Forest,20
455,Kalos,Road 14,20
455,Kalos,Road 19,15
455,Kanto,Viridian Forest,20
455,Sinnoh,Great Marsh Area 1,10
455,Sinnoh,Great Marsh Area 2,10
455,Sinnoh,Great Marsh Area 3,10
455,Sinnoh,Great Marsh Area 4,10
455,Sinnoh,Great Marsh Area 5,10
455,Sinnoh,Great Marsh Area 6,10
455,Unova,Road 18,20
456,Alola,Alola Route 1 Hauoli Outskirts,40
456,Alola,Alola Route 14 Area,40
456,Alola,Alola Route 15 Main,40
456,Alola,Alola Route 7 Area,30
456,Alola,Brooklet Hill Totems Den,40
456,Alola,Hano Beach Area,45
456,Alola,Hauoli City Beachfront,20
456,Alola,Kalae Bay Area,40
456,Alola,Melemele Sea Area,40
456,Alola,Secluded Shore Area,40
456,Sinnoh,Canalave City,45
456,Sinnoh,Fuego Ironworks,45
456,Sinnoh,Iron Island area,45
456,Sinnoh,"Road 205 (south, towards Floaroma Town)",45
456,Sinnoh,Road 218,45
456,Sinnoh,Road 219,45
456,Sinnoh,Road 220,45
456,Sinnoh,Road 221,45
456,Sinnoh,Valley Windworks,45
456,Unova,P2 Laboratory,45
456,Unova,Road 17,60
456,Unova,Road 18,55
456,Unova,Road 4,55
456,Unova,Virbank City,55
456,Unova,Virbank Complex (outer),55
457,Alola,Alola Route 15 Main,15
457,Alola,Ancient Poni Path Area,25
457,Alola,Poni Breaker Coast Area,25
457,Alola,Poni Wilds Area,40
457,Sinnoh,Canalave City,45
457,Sinnoh,Fuego Ironworks,45
457,Sinnoh,Iron Island area,45
457,Sinnoh,"Road 205 (south, towards Floaroma Town)",45
457,Sinnoh,Road 218,45
457,Sinnoh,Road 219,50
457,Sinnoh,Road 220,50
457,Sinnoh,Road 221,50
457,Sinnoh,Valley Windworks,45
457,Unova,P2 Laboratory,15
457,Unova,Road 17,40
457,Unova,Road 18,40
457,Unova,Road 4,40
457,Unova,Virbank City,40
457,Unova,Virbank Complex (outer),40
458,Alola,Hauoli City Beachfront,20
458,Alola,Kalae Bay Area,20
458,Alola,Melemele Sea Area,20
458,Kalos,Azure Bay,15
458,Kalos,Road 12,15
458,Kalos,Shalour City,16
458,Sinnoh,Road 223,10
458,Sinnoh,Sunyshore City,10
458,Unova,Road 21,30
458,Unova,Undella Bay,90
458,Unova,Undella Town,30
459,Kalos,Friend Safari (Ice),33
459,Kalos,Road 17,30
459,Sinnoh,Acuity Lakefront,66
459,Sinnoh,Lake Acuity,73
459,Sinnoh,Mount Coronet (exterior blizzard),20
459,Sinnoh,Mount Coronet (exterior snowfall),20
459,Sinnoh,Road 216,66
459,Sinnoh,Road 217,66
460,Alola,Ultra Space Wilds Cave,15
460,Kalos,Road 17,1
460,Sinnoh,Mount Coronet (exterior blizzard),40
460,Sinnoh,Mount Coronet (exterior snowfall),40
462,Unova,P2 Laboratory,5
463,Unova,Road 2,5
465,Unova,Giant Chasm (outside),5
465,Unova,Road 13,5
469,Alola,Ultra Space Wilds Cliff,15
469,Unova,Pinwheel Forest (outside),5
469,Unova,Road 3,5
472,Unova,Road 11,5
472,Unova,Road 15,5
472,Unova,Road 23,5
473,Unova,Giant Chasm (forest cave),5
473,Unova,Giant Chasm (forest),5
479,Sinnoh,Old Chateau (2F left room),100
480,Alola,Ultra Space Wilds Water World,15
480,Alola,Ultra Space Wilds Waterfall,100
480,Hoenn,Nameless Cavern,100
480,Sinnoh,Lake Acuity Cavern,100
480,Unova,Nacrene City (west gate),100
481,Alola,Ultra Space Wilds Water World,15
481,Alola,Ultra Space Wilds Waterfall,100
481,Hoenn,Nameless Cavern,100
481,Sinnoh,Roaming Sinnoh,50
481,Unova,Celestial Tower (5F),100
482,Alola,Ultra Space Wilds Water World,15
482,Alola,Ultra Space Wilds Waterfall,100
482,Hoenn,Nameless Cavern,100
482,Johto,Sinjoy Ruins,100
482,Sinnoh,Lake Valor Cavern,100
482,Unova,Road 23,100
483,Alola,Ultra Space Wilds Crag,100
483,Alola,Ultra Space Wilds Rocky World,15
483,Hoenn,Soaring in the Sky,100
483,Johto,Sinjoy Ruins,100
483,Sinnoh,Spear Pillar,100
484,Alola,Ultra Space Wilds Cave,100
484,Alola,Ultra Space Wilds Cave World,15
484,Hoenn,Soaring in the Sky,100
484,Sinnoh,Spear Pillar,100
485,Alola,Ultra Space Wilds Cave,100
485,Alola,Ultra Space Wilds Cave World,15
485,Hoenn,Scorched Slab (B3F),100
485,Sinnoh,Stark Mountain (Heatran Chamber),100
485,Unova,Reversal Mountain B1F,100
486,Alola,Ultra Space Wilds Cave,100
486,Alola,Ultra Space Wilds Cave World,15
486,Hoenn,Island Cave,100
486,Sinnoh,Snowpoint Temple (B5F),100
486,Unova,Twist Mountain B4F,100
487,Alola,Ultra Space Wilds Cave,100
487,Alola,Ultra Space Wilds Cave World,15
487,Hoenn,Soaring in the Sky,100
487,Johto,Sinjoy Ruins,100
488,Alola,Ultra Space Wilds Cliff,100
488,Alola,Ultra Space Wilds Cliff World,15
488,Hoenn,Crescent Isle,100
488,Sinnoh,Roaming Sinnoh,50
488,Unova,Marvelous Bridge,100
491,Sinnoh,Newmoon Island,100
492,Sinnoh,Flower Paradise,100
493,Sinnoh,Hall of Origin,100
494,Unova,Lighthouse Basement,100
504,Unova,Dreamyard,40
504,Unova,Floccesy Ranch (inner),10
504,Unova,Road 1,50
504,Unova,Road 19,100
504,Unova,Road 2,40
504,Unova,Road 20,40
504,Unova,Road 3,40
504,Unova,Virbank Complex (inner),30
504,Unova,Virbank Complex (outer),35
505,Kalos,Road 15,40
505,Unova, Route 2 (Hidden Grotto),75
505,Unova,Dreamyard,50
505,Unova,Dreamyard (B1F),10
505,Unova,P2 Laboratory,36
505,Unova,Road 1,80
505,Unova,Road 15,5
505,Unova,Road 18,40
505,Unova,Road 2,30
505,Unova,Road 3,40
505,Unova,Road 7,50
505,Unova,Unova Route 7 (Hidden Grotto),20
506,Alola,Alola Route 4 Area,50
506,Alola,Alola Route 5 Area,30
506,Alola,Alola Route 6 North,50
506,Alola,Alola Route 6 South,50
506,Alola,Brooklet Hill North,20
506,Alola,Paniola Ranch Area,40
506,Kalos,Friend Safari (Normal),33
506,Unova,Floccesy Ranch (inner),40
506,Unova,Road 1,50
506,Unova,Road 2,40
506,Unova,Road 3,20
507,Unova,Cold Storage,70
507,Unova,Floccesy Ranch (Hidden Grotto),20
507,Unova,P2 Laboratory,36
507,Unova,Road 1,89
507,Unova,Road 10,60
507,Unova,Road 10 (Victory Road gate),60
507,Unova,Road 2,30
507,Unova,Road 3,20
508,Unova,Cold Storage,5
508,Unova,P2 Laboratory,5
508,Unova,Road 1,5
508,Unova,Road 10,5
508,Unova,Road 10 (Victory Road gate),5
508,Unova,Road 2,5
508,Unova,Road 3,5
509,Unova,Dreamyard,40
509,Unova,Road 19,50
509,Unova,Road 2,20
509,Unova,Road 20,34
509,Unova,Road 3,20
510,Kalos,Friend Safari (Dark),33
510,Kalos,Road 15,40
510,Unova,Dreamyard,50
510,Unova,Dreamyard (B1F),10
510,Unova,Road 16,40
510,Unova,Road 2,20
510,Unova,Road 5,40
510,Unova,Road 9,20
510,Unova,Unova Route 5 (Hidden Grotto),20
510,Unova,Unova Route 9 (Hidden Grotto),75
511,Kalos,Friend Safari (Grass),33
511,Kalos,Santalune Forest,10
511,Unova,Lostlorn Forest,10
511,Unova,Pinwheel Forest (inside),10
513,Kalos,Friend Safari (Fire),33
513,Kalos,Santalune Forest,10
513,Unova,Lostlorn Forest,10
513,Unova,Pinwheel Forest (inside),10
515,Kalos,Friend Safari (Water),33
515,Kalos,Santalune Forest,10
515,Unova,Lostlorn Forest,10
515,Unova,Pinwheel Forest (inside),10
517,Hoenn,Mirage Island (Route 132),60
517,Hoenn,Mirage Mountain (South East of Route 129),30
517,Kalos,Friend Safari (Psychic),33
517,Unova,Dreamyard,40
517,Unova,Dreamyard (B1F),20
518,Unova,Dreamyard,100
518,Unova,Dreamyard (B1F),100
519,Unova,Castelia City,30
519,Unova,Floccesy Ranch (inner),5
519,Unova,Pinwheel Forest (inside),15
519,Unova,Pinwheel Forest (outside),60
519,Unova,Road 20,100
519,Unova,Road 3,80
519,Unova,Virbank Complex (outer),35
520,Kalos,Friend Safari (Flying),33
520,Unova,Dragonspiral Tower (entrance),100
520,Unova,Dragonspiral Tower (outside),100
520,Unova,Lostlorn Forest,30
520,Unova,Pinwheel Forest (inside),15
520,Unova,Road 12,50
520,Unova,Road 3,60
520,Unova,Road 6,90
520,Unova,Road 7,100
520,Unova,Victory Road 2 (unknown area 73),100
520,Unova,Victory Road 2 (unknown area 79),100
521,Unova,Dragonspiral Tower (entrance),15
521,Unova,Dragonspiral Tower (outside),15
521,Unova,Lostlorn Forest,5
521,Unova,Road 12,5
521,Unova,Road 3,5
521,Unova,Road 6,15
521,Unova,Road 7,15
521,Unova,Victory Road 2 (unknown area 73),5
521,Unova,Victory Road 2 (unknown area 79),5
522,Unova,Road 3,40
523,Hoenn,Mirage Island (Route 124),30
523,Hoenn,Mirage Island (South of Route 134),30
523,Hoenn,Mirage Island (West Of Dewford Town),30
523,Hoenn,Mirage Island (West Of Route 104),30
523,Hoenn,Mirage Mountain (South of Route 129),60
523,Kalos,Friend Safari (Electric),33
523,Unova,Road 3,40
523,Unova,Road 7,40
523,Unova,Unova Route 3 (Hidden Grotto – Dark Grass),5
524,Alola,Ten Carat Hill Farthest Hollow,20
524,Alola,Ten Carat Hill Inside,30
524,Kalos,Reflection Cave (unknown area 305),60
524,Kalos,Reflection Cave (unknown area 306),60
524,Kalos,Reflection Cave (unknown area 307),60
524,Kalos,Reflection Cave (unknown area 308),60
524,Unova,Relic Tunnel (Castelia Sewers entrance),34
524,Unova,Wellspring Cave,50
525,Alola,Vast Poni Canyon Inside,30
525,Alola,Vast Poni Canyon Northwest,30
525,Alola,Vast Poni Canyon Outside,10
525,Hoenn,Mirage Cave (North of Route 124),15
525,Hoenn,Mirage Cave (South East of Route 129),15
525,Hoenn,Mirage Cave (West of Rustboro),15
525,Kalos,Friend Safari (Rock),33
525,Unova,Challengers Cave (1F),20
525,Unova,Challengers Cave (B1F),20
525,Unova,Challengers Cave (B2F),20
525,Unova,Chargestone Cave (1F),10
525,Unova,Chargestone Cave (B1F),10
525,Unova,Chargestone Cave (B2F),10
525,Unova,Clay Tunnel,35
525,Unova,Giant Chasm,5
525,Unova,Giant Chasm (forest cave),5
525,Unova,Glacier Room,35
525,Unova,Guidance Chamber,50
525,Unova,Iron Room,35
525,Unova,Mistralton Cave,50
525,Unova,Relic Tunnel (PWT entrance),39
525,Unova,Relic Tunnel (Relic Castle entrance),34
525,Unova,Reversal Mountain (unknown area 49),25
525,Unova,Reversal Mountain (unknown area 50),25
525,Unova,Reversal Mountain (unknown area 51),25
525,Unova,Reversal Mountain (unknown area 52),25
525,Unova,Reversal Mountain (unknown area 53),25
525,Unova,Reversal Mountain (unknown area 54),25
525,Unova,Reversal Mountain (unknown area 55),25
525,Unova,Reversal Mountain (unknown area 56),25
525,Unova,Reversal Mountain (unknown area 57),25
525,Unova,Reversal Mountain (unknown area 58),25
525,Unova,Reversal Mountain (unknown area 59),25
525,Unova,Reversal Mountain (unknown area 60),25
525,Unova,Rocky Mountain Room,35
525,Unova,Seaside Cave (1F),15
525,Unova,Seaside Cave (B1F),35
525,Unova,Trial Chamber,30
525,Unova,Twist Mountain,100
525,Unova,Underground Ruins,35
525,Unova,Victory Road (4f Middle Room),30
525,Unova,Victory Road (7F),100
525,Unova,Victory Road (unknown area 53),20
525,Unova,Victory Road (unknown area 54),30
525,Unova,Victory Road (unknown area 55),30
525,Unova,Victory Road (unknown area 57),30
525,Unova,Victory Road (unknown area 58),20
525,Unova,Victory Road (unknown area 59),30
525,Unova,Victory Road (unknown area 60),30
525,Unova,Victory Road (unknown area 61),30
525,Unova,Victory Road (unknown area 62),30
525,Unova,Victory Road (unknown area 63),30
525,Unova,Victory Road (unknown area 64),30
525,Unova,Victory Road (unknown area 65),30
525,Unova,Victory Road (unknown area 66),30
525,Unova,Victory Road 2 (unknown area 74),80
525,Unova,Victory Road 2 (unknown area 75),80
525,Unova,Wellspring Cave,50
527,Kalos,Friend Safari (Flying),33
527,Unova,Challengers Cave (1F),20
527,Unova,Challengers Cave (B1F),20
527,Unova,Challengers Cave (B2F),20
527,Unova,Clay Tunnel,10
527,Unova,Glacier Room,10
527,Unova,Guidance Chamber,30
527,Unova,Iron Room,10
527,Unova,Mistralton Cave,30
527,Unova,Relic Tunnel (Castelia Sewers entrance),31
527,Unova,Relic Tunnel (PWT entrance),36
527,Unova,Relic Tunnel (Relic Castle entrance),31
527,Unova,Reversal Mountain (unknown area 49),35
527,Unova,Reversal Mountain (unknown area 50),35
527,Unova,Reversal Mountain (unknown area 51),35
527,Unova,Reversal Mountain (unknown area 52),35
527,Unova,Reversal Mountain (unknown area 53),35
527,Unova,Reversal Mountain (unknown area 54),35
527,Unova,Reversal Mountain (unknown area 55),35
527,Unova,Reversal Mountain (unknown area 56),35
527,Unova,Reversal Mountain (unknown area 57),35
527,Unova,Reversal Mountain (unknown area 58),35
527,Unova,Reversal Mountain (unknown area 59),35
527,Unova,Reversal Mountain (unknown area 60),35
527,Unova,Rocky Mountain Room,10
527,Unova,Seaside Cave (1F),35
527,Unova,Seaside Cave (B1F),35
527,Unova,Trial Chamber,20
527,Unova,Twist Mountain,50
527,Unova,Underground Ruins,10
527,Unova,Unova Route 6 (Hidden Grotto – Mistralton Cave),20
527,Unova,Unova Route 6 (Hidden Grotto – Near Pokemon Breeder),20
527,Unova,Victory Road (4f Middle Room),20
527,Unova,Victory Road (unknown area 53),10
527,Unova,Victory Road (unknown area 54),20
527,Unova,Victory Road (unknown area 55),20
527,Unova,Victory Road (unknown area 57),20
527,Unova,Victory Road (unknown area 58),10
527,Unova,Victory Road (unknown area 59),20
527,Unova,Victory Road (unknown area 60),20
527,Unova,Victory Road (unknown area 61),20
527,Unova,Victory Road (unknown area 62),20
527,Unova,Victory Road (unknown area 63),20
527,Unova,Victory Road (unknown area 64),20
527,Unova,Victory Road (unknown area 65),20
527,Unova,Victory Road (unknown area 66),20
527,Unova,Wellspring Cave,50
529,Unova,Chargestone Cave (1F),100
529,Unova,Chargestone Cave (B1F),100
529,Unova,Chargestone Cave (B2F),100
529,Unova,Guidance Chamber,100
529,Unova,Mistralton Cave,100
529,Unova,Relic Tunnel (Castelia Sewers entrance),80
529,Unova,Relic Tunnel (PWT entrance),80
529,Unova,Relic Tunnel (Relic Castle entrance),80
529,Unova,Twist Mountain,100
529,Unova,Wellspring Cave,100
530,Hoenn,Mirage Cave (North of Fortree),30
530,Hoenn,Mirage Cave (North of Route 132),30
530,Kalos,Friend Safari (Steel),33
530,Unova,Challengers Cave (1F),100
530,Unova,Challengers Cave (B1F),100
530,Unova,Challengers Cave (B2F),100
530,Unova,Clay Tunnel,75
530,Unova,Giant Chasm,100
530,Unova,Giant Chasm (forest cave),100
530,Unova,Glacier Room,75
530,Unova,Iron Room,75
530,Unova,Reversal Mountain (unknown area 49),100
530,Unova,Reversal Mountain (unknown area 50),100
530,Unova,Reversal Mountain (unknown area 51),100
530,Unova,Reversal Mountain (unknown area 52),100
530,Unova,Reversal Mountain (unknown area 53),100
530,Unova,Reversal Mountain (unknown area 54),100
530,Unova,Reversal Mountain (unknown area 55),100
530,Unova,Reversal Mountain (unknown area 56),100
530,Unova,Reversal Mountain (unknown area 57),100
530,Unova,Reversal Mountain (unknown area 58),100
530,Unova,Reversal Mountain (unknown area 59),100
530,Unova,Reversal Mountain (unknown area 60),100
530,Unova,Rocky Mountain Room,75
530,Unova,Seaside Cave (1F),100
530,Unova,Seaside Cave (B1F),100
530,Unova,Trial Chamber,100
530,Unova,Twist Mountain,75
530,Unova,Underground Ruins,75
530,Unova,Victory Road (4f Middle Room),100
530,Unova,Victory Road (7F),100
530,Unova,Victory Road (unknown area 53),100
530,Unova,Victory Road (unknown area 54),100
530,Unova,Victory Road (unknown area 55),100
530,Unova,Victory Road (unknown area 57),100
530,Unova,Victory Road (unknown area 58),100
530,Unova,Victory Road (unknown area 59),100
530,Unova,Victory Road (unknown area 60),100
530,Unova,Victory Road (unknown area 61),100
530,Unova,Victory Road (unknown area 62),100
530,Unova,Victory Road (unknown area 63),100
530,Unova,Victory Road (unknown area 64),100
530,Unova,Victory Road (unknown area 65),100
530,Unova,Victory Road (unknown area 66),100
530,Unova,Victory Road 2 (unknown area 74),80
530,Unova,Victory Road 2 (unknown area 75),80
530,Unova,Victory Road 2 (unknown area 77),80
530,Unova,Victory Road 2 (unknown area 80),80
530,Unova,Wellspring Cave,100
531,Alola,Ultra Space Wilds Crag,15
531,Hoenn,Mirage Forest (South of Route 109),90
531,Hoenn,Mirage Forest (South of Route 132),10
531,Hoenn,Mirage Island (South of Pacofidlog),90
531,Hoenn,Mirage Mountain (East of Mossdeep),60
531,Kalos,Friend Safari (Normal),33
531,Unova,Abundant Shrine,80
531,Unova,Castelia City,90
531,Unova,Cold Storage,90
531,Unova,Dragonspiral Tower (entrance),90
531,Unova,Dragonspiral Tower (outside),90
531,Unova,Dreamyard,95
531,Unova,Floccesy Ranch (inner),90
531,Unova,Giant Chasm (forest cave),85
531,Unova,Giant Chasm (forest),85
531,Unova,Giant Chasm (outside),85
531,Unova,Lostlorn Forest,45
531,Unova,Nature Sanctuary,85
531,Unova,P2 Laboratory,95
531,Unova,Pinwheel Forest (inside),65
531,Unova,Pinwheel Forest (outside),95
531,Unova,Reversal Mountain (unknown area 48),100
531,Unova,Road 1,100
531,Unova,Road 10,80
531,Unova,Road 10 (Victory Road gate),80
531,Unova,Road 11,85
531,Unova,Road 12,70
531,Unova,Road 13,85
531,Unova,Road 14,90
531,Unova,Road 15,75
531,Unova,Road 16,85
531,Unova,Road 18,95
531,Unova,Road 2,100
531,Unova,Road 20,90
531,Unova,Road 22,85
531,Unova,Road 23,80
531,Unova,Road 3,100
531,Unova,Road 5,85
531,Unova,Road 6,75
531,Unova,Road 7,90
531,Unova,Road 9,80
531,Unova,Victory Road 2 (unknown area 72),80
531,Unova,Victory Road 2 (unknown area 73),85
531,Unova,Victory Road 2 (unknown area 76),95
531,Unova,Victory Road 2 (unknown area 79),85
531,Unova,Village Bridge,90
531,Unova,Virbank Complex (inner),100
531,Unova,Virbank Complex (outer),100
532,Unova,Cold Storage,30
532,Unova,Pinwheel Forest (outside),40
532,Unova,Relic Tunnel (Castelia Sewers entrance),20
533,Kalos,Road 18,40
533,Kalos,Victory Road (unknown area 322),30
533,Kalos,Victory Road (unknown area 324),30
533,Kalos,Victory Road (unknown area 326),30
533,Kalos,Victory Road (unknown area 328),30
533,Unova,Pinwheel Forest (outside),80
533,Unova,Relic Tunnel (PWT entrance),20
533,Unova,Relic Tunnel (Relic Castle entrance),20
533,Unova,Twist Mountain,100
533,Unova,Victory Road 2 (unknown area 76),100
535,Unova,Pinwheel Forest (outside),80
536,Kalos,Friend Safari (Ground),33
536,Unova,Icirrus City,100
536,Unova,Moor of Icirrus,100
536,Unova,Pinwheel Forest (outside),50
536,Unova,Road 8,100
537,Unova,Icirrus City,20
537,Unova,Moor of Icirrus,20
537,Unova,Pinwheel Forest (outside),5
537,Unova,Road 8,20
538,Kalos,Friend Safari (Fighting),33
538,Kalos,Road 11,20
538,Unova,Pinwheel Forest (outside),30
538,Unova,Road 10,20
538,Unova,Road 10 (Victory Road gate),20
538,Unova,Road 15,40
538,Unova,Road 18,40
538,Unova,Road 23,50
538,Unova,Victory Road 2 (unknown area 76),60
539,Kalos,Friend Safari (Fighting),33
539,Kalos,Road 11,20
539,Unova,Pinwheel Forest (outside),30
539,Unova,Road 10,20
539,Unova,Road 10 (Victory Road gate),20
539,Unova,Road 15,40
539,Unova,Road 18,40
539,Unova,Road 23,50
539,Unova,Victory Road 2 (unknown area 76),5
540,Unova,Pinwheel Forest (inside),35
540,Unova,Road 12,30
540,Unova,Road 20,50
541,Kalos,Friend Safari (Grass),33
541,Unova,Lostlorn Forest,70
541,Unova,Pinwheel Forest (inside),50
541,Unova,Road 6,20
542,Unova,Lostlorn Forest,5
542,Unova,Lostlorn Forest (Hidden Grotto),20
542,Unova,Road 12,5
542,Unova,Road 6,5
543,Unova,Lostlorn Forest,30
543,Unova,Pinwheel Forest (inside),15
543,Unova,Road 20,20
544,Kalos,Friend Safari (Poison),33
544,Unova,Lostlorn Forest,20
544,Unova,Pinwheel Forest (inside),30
545,Unova,Pinwheel Forest (inside),5
546,Alola,Malie Garden Area,10
546,Alola,Melemele Meadow Area,30
546,Alola,Poni Meadow Area,50
546,Alola,Poni Plains Center,90
546,Alola,Poni Plains East,20
546,Alola,Poni Plains North,20
546,Alola,Poni Plains West,20
546,Alola,Ulaula Meadow Area,30
546,Unova,Abundant Shrine,65
546,Unova,Castelia City,70
546,Unova,Lostlorn Forest,70
546,Unova,Pinwheel Forest (inside),90
546,Unova,Victory Road 2 (unknown area 72),100
547,Unova,Abundant Shrine,5
547,Unova,Castelia City,5
547,Unova,Lostlorn Forest,5
547,Unova,Pinwheel Forest (inside),5
547,Unova,Victory Road 2 (unknown area 72),5
548,Alola,Malie Garden Area,10
548,Alola,Melemele Meadow Area,30
548,Alola,Poni Meadow Area,50
548,Alola,Poni Plains Center,90
548,Alola,Poni Plains East,20
548,Alola,Poni Plains North,20
548,Alola,Poni Plains West,20
548,Alola,Ulaula Meadow Area,30
548,Hoenn,Mirage Forest (South of Route 132),30
548,Hoenn,Mirage Forest (West of Route 114),10
548,Kalos,Friend Safari (Grass),33
548,Unova,Abundant Shrine,65
548,Unova,Castelia City,70
548,Unova,Lostlorn Forest,70
548,Unova,Pinwheel Forest (inside),90
548,Unova,Victory Road 2 (unknown area 72),100
549,Unova,Abundant Shrine,5
549,Unova,Castelia City,5
549,Unova,Lostlorn Forest,5
549,Unova,Pinwheel Forest (inside),5
549,Unova,Victory Road 2 (unknown area 72),5
550,Alola,Brooklet Hill North,50
550,Alola,Brooklet Hill South,50
550,Alola,Malie Garden Area,40
550,Alola,Vast Poni Canyon Northwest,45
550,Kalos,Couriway Town,65
550,Kalos,Frost Cavern (unknown area 313),65
550,Kalos,Frost Cavern (unknown area 315),65
550,Kalos,Laverre City,65
550,Kalos,Pokemon Village,65
550,Kalos,Road 15,65
550,Kalos,Road 16,65
550,Kalos,Road 21,95
550,Kalos,Victory Road (unknown area 322),65
550,Kalos,Victory Road (unknown area 327),65
550,Kalos,Victory Road (unknown area 328),65
550,Unova,Abundant Shrine,100
550,Unova,Aspertia City,100
550,Unova,Challengers Cave (B2F),100
550,Unova,Clay Tunnel,100
550,Unova,Dragonspiral Tower (outside),100
550,Unova,Floccesy Ranch (inner),100
550,Unova,Floccesy Ranch (outer),100
550,Unova,Giant Chasm,100
550,Unova,Giant Chasm (forest cave),100
550,Unova,Humilau City,5
550,Unova,Lostlorn Forest,100
550,Unova,Nature Sanctuary,100
550,Unova,Pinwheel Forest (inside),100
550,Unova,Relic Tunnel (Relic Castle entrance),100
550,Unova,Road 1,100
550,Unova,Road 11,100
550,Unova,Road 13,5
550,Unova,Road 14,100
550,Unova,Road 19,100
550,Unova,Road 20,100
550,Unova,Road 22,100
550,Unova,Road 23,100
550,Unova,Road 3,100
550,Unova,Road 6,100
550,Unova,Striaton City,100
550,Unova,Undella Town,5
550,Unova,Victory Road (unknown area 53),100
550,Unova,Victory Road (unknown area 58),100
550,Unova,Victory Road 2 (unknown area 71),100
550,Unova,Victory Road 2 (unknown area 73),100
550,Unova,Victory Road 2 (unknown area 75),100
550,Unova,Victory Road 2 (unknown area 78),100
550,Unova,Victory Road 2 (unknown area 79),100
550,Unova,Village Bridge,100
550,Unova,Wellspring Cave,100
551,Alola,Haina Desert Area,100
551,Kalos,Friend Safari (Dark),33
551,Kalos,Road 9,40
551,Unova,Desert Resort,40
551,Unova,Desert Resort (entrance),40
551,Unova,Relic Castle (A),50
551,Unova,Relic Castle (C),30
551,Unova,Road 4,40
552,Alola,Haina Desert Area,100
552,Unova,Relic Castle (B),50
552,Unova,Relic Castle (C),35
554,Unova,Desert Resort,30
554,Unova,Desert Resort (entrance),30
554,Unova,Road 4,40
555,Hoenn,Mirage Island (Route 114),60
555,Hoenn,Mirage Island (West Of Route 104),10
555,Hoenn,Mirage Mountain (North of Mossdeep),60
556,Hoenn,Mirage Island (South of Route 134),10
556,Kalos,Friend Safari (Grass),33
556,Unova,Desert Resort,10
556,Unova,Desert Resort (entrance),10
557,Kalos,Ambrette Town,66
557,Kalos,Azure Bay,66
557,Kalos,Cyllage City,66
557,Kalos,Friend Safari (Rock),33
557,Kalos,Glittering Cave (unknown area 304),65
557,Kalos,Road 12,66
557,Kalos,Road 8,66
557,Unova,Desert Resort,10
557,Unova,Desert Resort (entrance),10
557,Unova,Road 18,30
558,Alola,Ultra Space Wilds Cave,15
558,Hoenn,Mirage Mountain (South East of Route 129),15
558,Unova,Road 18,40
558,Unova,Seaside Cave (1F),100
559,Alola,Alola Route 16 West,30
559,Alola,Alola Route 17 Northeast,20
559,Alola,Alola Route 17 West,40
559,Kalos,Road 5,35
559,Unova,Desert Resort (entrance),10
559,Unova,P2 Laboratory,14
559,Unova,Road 1,25
559,Unova,Road 18,80
559,Unova,Road 4,20
560,Unova,P2 Laboratory,15
560,Unova,Road 1,11
560,Unova,Road 15,20
560,Unova,Road 18,60
561,Alola,Ultra Space Wilds Cliff,15
561,Kalos,Friend Safari (Psychic),33
561,Kalos,Road 10,30
561,Unova,Desert Resort,10
562,Unova,Relic Castle (A),50
562,Unova,Relic Castle (C),40
563,Hoenn,Mirage Cave (North of Route 124),40
563,Hoenn,Mirage Cave (South of Pacifidlog),30
563,Unova,Relic Castle (B),50
563,Unova,Relic Castle (C),20
568,Alola,Malie City Outer Cape,30
568,Unova,Road 16,40
568,Unova,Road 4,25
568,Unova,Road 5,40
569,Alola,Malie City Outer Cape,15
569,Kalos,Friend Safari (Poison),33
569,Unova,Road 9,40
569,Unova,Unova Route 9 (Hidden Grotto),10
570,Alola,Alola Route 1 Trainers School,30
571,Alola,Poni Grove Area,20
571,Kalos,Pokemon Village,20
571,Kalos,Road 20,10
571,Unova,Lostlorn Forest,100
572,Alola,Malie City Outer Cape,20
572,Hoenn,Mirage Forest (East of Mossdeep),10
572,Kalos,Friend Safari (Normal),33
572,Unova,Cold Storage,40
572,Unova,Road 16,60
572,Unova,Road 4,25
572,Unova,Road 5,60
572,Unova,Road 9,60
572,Unova,Unova Route 5 (Hidden Grotto),5
573,Unova,Cold Storage,5
573,Unova,Road 16,5
573,Unova,Road 5,5
573,Unova,Road 9,5
574,Unova,Road 16,60
574,Unova,Road 5,60
574,Unova,Strange House (1F),20
574,Unova,Strange House (B1F),20
575,Kalos,Friend Safari (Psychic),33
575,Kalos,Pokemon Village,40
575,Kalos,Road 20,40
575,Unova,Road 9,60
575,Unova,Strange House (1F),5
575,Unova,Strange House (B1F),15
576,Unova,Road 9,5
577,Kalos,Reflection Cave (unknown area 305),20
577,Kalos,Reflection Cave (unknown area 306),20
577,Kalos,Reflection Cave (unknown area 307),20
577,Kalos,Reflection Cave (unknown area 308),20
577,Unova,Road 16,60
577,Unova,Road 5,60
577,Unova,Strange House (1F),20
577,Unova,Strange House (B1F),20
578,Kalos,Friend Safari (Psychic),33
578,Unova,Road 9,60
578,Unova,Strange House (1F),5
578,Unova,Strange House (B1F),15
579,Unova,Road 9,5
580,Kalos,Road 7,30
580,Unova,Driftveil Drawbridge,100
581,Alola,Ultra Space Wilds Cliff,15
581,Kalos,Friend Safari (Flying),33
581,Unova,Marvelous Bridge,100
582,Alola,Mount Lanakila Base,11
582,Alola,Tapu Village Area,10
582,Kalos,Frost Cavern (unknown area 313),60
582,Kalos,Frost Cavern (unknown area 314),60
582,Kalos,Frost Cavern (unknown area 315),60
582,Kalos,Frost Cavern (unknown area 316),60
582,Kalos,Frost Cavern (unknown area 317),60
582,Unova,Cold Storage,60
582,Unova,Dragonspiral Tower (entrance),30
582,Unova,Dragonspiral Tower (outside),30
582,Unova,Road 6,30
583,Alola,Mount Lanakila Outside,10
583,Unova,Dragonspiral Tower (entrance),50
583,Unova,Dragonspiral Tower (outside),50
583,Unova,Giant Chasm,15
583,Unova,Giant Chasm (outside),20
584,Alola,Mount Lanakila Outside,1
584,Unova,Dragonspiral Tower (entrance),5
584,Unova,Dragonspiral Tower (outside),5
584,Unova,Giant Chasm (outside),5
585,Unova,Dragonspiral Tower (entrance),90
585,Unova,Dragonspiral Tower (outside),30
585,Unova,Road 6,70
585,Unova,Road 7,40
586,Kalos,Friend Safari (Grass),33
586,Unova,Dragonspiral Tower (entrance),75
586,Unova,Dragonspiral Tower (outside),90
587,Alola,Poni Plains West,20
587,Kalos,Friend Safari (Electric),33
587,Kalos,Road 10,10
587,Unova,Abundant Shrine,10
587,Unova,Dragonspiral Tower (entrance),10
587,Unova,Dragonspiral Tower (outside),10
587,Unova,Giant Chasm (outside),10
587,Unova,Lostlorn Forest,10
587,Unova,Road 10,10
587,Unova,Road 10 (Victory Road gate),10
587,Unova,Road 11,10
587,Unova,Road 12,10
587,Unova,Road 13,10
587,Unova,Road 14,10
587,Unova,Road 15,10
587,Unova,Road 16,10
587,Unova,Road 22,10
587,Unova,Road 23,10
587,Unova,Road 5,10
587,Unova,Road 6,20
587,Unova,Road 7,10
587,Unova,Road 9,10
587,Unova,Village Bridge,10
588,Kalos,Road 14,20
588,Kalos,Road 19,30
588,Unova,Icirrus City,60
588,Unova,Moor of Icirrus,60
588,Unova,Road 11,50
588,Unova,Road 6,50
588,Unova,Road 8,60
590,Kalos,Pokemon Village,60
590,Kalos,Road 15,75
590,Kalos,Road 16,75
590,Kalos,Road 20,60
590,Unova,Road 10,100
590,Unova,Road 10 (Victory Road gate),10
590,Unova,Road 6,100
590,Unova,Road 7,100
590,Unova,Unova Route 13 (Hidden Grotto – Giant Chasm),75
590,Unova,Unova Route 13 (Hidden Grotto – Stairs),75
590,Unova,Unova Route 5 (Hidden Grotto),75
590,Unova,Unova Route 6 (Hidden Grotto – Mistralton Cave),75
590,Unova,Unova Route 6 (Hidden Grotto – Near Pokemon Breeder),75
591,Kalos,Pokemon Village,40
591,Kalos,Road 20,50
591,Unova,Abundant Shrine (Hidden Grotto – Near Youngster),75
591,Unova,Abundant Shrine (Hidden Grotto – Shrine),75
591,Unova,Pinwheel Forest (Hidden Grotto – Inner area),56
591,Unova,Road 10,100
591,Unova,Road 10 (Victory Road gate),10
591,Unova,Road 11,100
591,Unova,Road 22,100
591,Unova,Road 23,100
591,Unova,Unova Route 22 (Hidden Grotto),75
592,Alola,Alola Route 14 Area,100
592,Unova,Driftveil City,100
592,Unova,Humilau City,65
592,Unova,P2 Laboratory,100
592,Unova,Road 13,65
592,Unova,Road 17,100
592,Unova,Road 18,100
592,Unova,Road 21,65
592,Unova,Road 4,100
592,Unova,Seaside Cave (1F),70
592,Unova,Undella Bay,65
592,Unova,Undella Town,65
592,Unova,Virbank City,100
592,Unova,Virbank Complex (outer),100
593,Unova,Driftveil City,5
593,Unova,Humilau City,60
593,Unova,P2 Laboratory,5
593,Unova,Road 13,30
593,Unova,Road 17,5
593,Unova,Road 18,5
593,Unova,Road 21,60
593,Unova,Road 4,5
593,Unova,Seaside Cave (1F),30
593,Unova,Undella Bay,100
593,Unova,Undella Town,30
593,Unova,Virbank City,5
593,Unova,Virbank Complex (outer),5
594,Alola,Brooklet Hill Totems Den,40
594,Kalos,Azure Bay,60
594,Kalos,Shalour City,60
594,Unova,Driftveil City,95
594,Unova,P2 Laboratory,95
594,Unova,Road 17,95
594,Unova,Road 18,95
594,Unova,Road 21,35
594,Unova,Road 4,95
594,Unova,Virbank City,95
594,Unova,Virbank Complex (outer),95
595,Unova,Chargestone Cave (1F),39
595,Unova,Chargestone Cave (B1F),39
595,Unova,Chargestone Cave (B2F),36
596,Kalos,Friend Safari (Electric),33
597,Kalos,Friend Safari (Steel),33
597,Unova,Chargestone Cave (1F),20
597,Unova,Chargestone Cave (B1F),20
597,Unova,Chargestone Cave (B2F),20
599,Hoenn,Mirage Cave (North of Fortree),30
599,Hoenn,Mirage Cave (North of Route 124),60
599,Hoenn,Mirage Cave (West of Rustboro),60
599,Unova,Chargestone Cave (1F),29
599,Unova,Chargestone Cave (B1F),29
599,Unova,Chargestone Cave (B2F),26
599,Unova,P2 Laboratory,14
600,Kalos,Friend Safari (Steel),33
600,Unova,P2 Laboratory,15
601,Unova,P2 Laboratory,5
602,Hoenn,Mirage Cave (North of Fallarbor),60
602,Hoenn,Mirage Cave (North of Fortree),30
602,Hoenn,Mirage Cave (North of Route 132),30
602,Hoenn,Mirage Cave (South East of Route 129),60
602,Hoenn,Mirage Cave (South of Pacifidlog),60
602,Hoenn,Mirage Cave (West of Rustboro),40
602,Unova,Chargestone Cave (1F),2
602,Unova,Chargestone Cave (B1F),2
602,Unova,Chargestone Cave (B2F),8
602,Unova,Seaside Cave (1F),5
603,Unova,Seaside Cave (B1F),5
605,Alola,Mount Hokulani East,50
605,Alola,Mount Hokulani West,20
605,Unova,Celestial Tower (3F),15
605,Unova,Celestial Tower (4F),30
605,Unova,Celestial Tower (5F),50
606,Unova,Road 14,20
607,Kalos,Lost Hotel,20
607,Unova,Celestial Tower (2F),100
607,Unova,Celestial Tower (3F),85
607,Unova,Celestial Tower (4F),70
607,Unova,Celestial Tower (5F),50
607,Unova,Strange House (1F),30
607,Unova,Strange House (B1F),20
608,Kalos,Friend Safari (Ghost),33
610,Kalos,Connecting Cave,15
610,Unova,Guidance Chamber,20
610,Unova,Mistralton Cave,20
611,Kalos,Friend Safari (Dragon),33
611,Unova,Nature Sanctuary,20
611,Unova,Victory Road (outside),5
612,Unova,Nature Sanctuary,100
613,Kalos,Frost Cavern (unknown area 313),35
613,Kalos,Frost Cavern (unknown area 314),35
613,Kalos,Frost Cavern (unknown area 315),35
613,Kalos,Frost Cavern (unknown area 316),35
613,Kalos,Frost Cavern (unknown area 317),35
613,Unova,Dragonspiral Tower (entrance),10
613,Unova,Dragonspiral Tower (outside),10
613,Unova,Road 7,60
613,Unova,Twist Mountain,69
613,Unova,Unova Route 7 (Hidden Grotto),5
614,Kalos,Friend Safari (Ice),33
614,Kalos,Frost Cavern (unknown area 314),20
614,Kalos,Frost Cavern (unknown area 315),20
614,Kalos,Frost Cavern (unknown area 316),20
614,Kalos,Frost Cavern (unknown area 317),20
614,Unova,Dragonspiral Tower (entrance),30
614,Unova,Dragonspiral Tower (outside),30
614,Unova,Twist Mountain,45
615,Kalos,Frost Cavern (unknown area 314),4
615,Kalos,Frost Cavern (unknown area 315),4
615,Kalos,Frost Cavern (unknown area 316),4
615,Kalos,Frost Cavern (unknown area 317),4
615,Unova,Twist Mountain,15
616,Kalos,Road 14,20
616,Kalos,Road 19,30
616,Unova,Icirrus City,100
616,Unova,Moor of Icirrus,100
616,Unova,Road 11,50
616,Unova,Road 6,50
616,Unova,Road 8,100
618,Alola,Ultra Space Wilds Waterfall,15
618,Kalos,Friend Safari (Electric),33
618,Kalos,Road 14,55
618,Kalos,Road 19,54
618,Unova,Icirrus City,100
618,Unova,Moor of Icirrus,100
618,Unova,Road 8,100
619,Alola,Vast Poni Canyon Outside,20
619,Kalos,Friend Safari (Fighting),33
619,Kalos,Road 8,40
619,Unova,Dragonspiral Tower (1F),20
619,Unova,Dragonspiral Tower (entrance),60
619,Unova,Dragonspiral Tower (outside),60
619,Unova,Road 14,50
619,Unova,Road 22,50
619,Unova,Road 23,15
619,Unova,Trial Chamber,10
619,Unova,Unova Route 22 (Hidden Grotto),5
619,Unova,Victory Road (4f Middle Room),10
619,Unova,Victory Road (outside),15
619,Unova,Victory Road (unknown area 53),10
619,Unova,Victory Road (unknown area 54),10
619,Unova,Victory Road (unknown area 55),10
619,Unova,Victory Road (unknown area 57),10
619,Unova,Victory Road (unknown area 58),10
619,Unova,Victory Road (unknown area 59),10
619,Unova,Victory Road (unknown area 60),10
619,Unova,Victory Road (unknown area 61),10
619,Unova,Victory Road (unknown area 62),10
619,Unova,Victory Road (unknown area 63),10
619,Unova,Victory Road (unknown area 64),10
619,Unova,Victory Road (unknown area 65),10
619,Unova,Victory Road (unknown area 66),10
620,Unova,Dragonspiral Tower (1F),20
620,Unova,Dragonspiral Tower (entrance),59
620,Unova,Dragonspiral Tower (outside),50
620,Unova,Road 14,10
620,Unova,Road 23,15
621,Alola,Resolution Cave Area,15
621,Kalos,Friend Safari (Dragon),33
621,Kalos,Victory Road (unknown area 322),20
621,Kalos,Victory Road (unknown area 324),20
621,Kalos,Victory Road (unknown area 326),20
621,Kalos,Victory Road (unknown area 328),20
621,Unova,Dragonspiral Tower (1F),30
621,Unova,Dragonspiral Tower (entrance),30
621,Unova,Dragonspiral Tower (outside),60
621,Unova,Victory Road 2 (unknown area 77),80
621,Unova,Victory Road 2 (unknown area 80),80
622,Alola,Haina Desert Area,75
622,Kalos,Road 10,40
622,Unova,Dragonspiral Tower (1F),50
622,Unova,Dragonspiral Tower (2F),100
623,Kalos,Friend Safari (Ghost),33
623,Unova,Dragonspiral Tower (1F),50
623,Unova,Dragonspiral Tower (2F),100
623,Unova,Victory Road 2 (unknown area 71),30
623,Unova,Victory Road 2 (unknown area 78),30
624,Alola,Alola Route 17 Northeast,15
624,Kalos,Friend Safari (Dark),33
624,Kalos,Lost Hotel,20
624,Kalos,Road 15,30
624,Unova,Road 11,5
624,Unova,Road 9,40
625,Alola,Alola Route 17 Northeast,5
625,Unova,Road 11,5
626,Unova,Road 10,40
626,Unova,Road 10 (Victory Road gate),40
626,Unova,Road 23,50
626,Unova,Unova Route 9 (Hidden Grotto),5
627,Alola,Alola Route 3 North,30
627,Hoenn,Mirage Mountain (North of Lilycove),10
627,Kalos,Friend Safari (Flying),33
627,Unova,Road 10,60
627,Unova,Road 10 (Victory Road gate),60
627,Unova,Road 11,25
627,Unova,Road 23,10
627,Unova,Victory Road (outside),35
627,Unova,Village Bridge,20
628,Alola,Poni Plains North,30
628,Unova,Road 11,25
628,Unova,Road 4,100
628,Unova,Village Bridge,20
629,Alola,Alola Route 3 North,30
629,Hoenn,Mirage Mountain (North East of Route 125),10
629,Kalos,Friend Safari (Dark),33
629,Unova,Road 10,60
629,Unova,Road 10 (Victory Road gate),60
629,Unova,Road 11,25
629,Unova,Road 23,10
629,Unova,Victory Road (outside),35
629,Unova,Village Bridge,20
630,Alola,Poni Plains North,30
630,Unova,Road 11,25
630,Unova,Road 4,100
630,Unova,Village Bridge,20
631,Kalos,Road 18,15
631,Unova,Twist Mountain,35
631,Unova,Victory Road (outside),45
632,Kalos,Road 18,60
632,Kalos,Terminus Cave (unknown area 343),100
632,Kalos,Terminus Cave (unknown area 344),100
632,Kalos,Terminus Cave (unknown area 345),100
632,Kalos,Terminus Cave (unknown area 347),100
632,Kalos,Terminus Cave (unknown area 348),100
632,Unova,Clay Tunnel,20
632,Unova,Glacier Room,20
632,Unova,Iron Room,20
632,Unova,Rocky Mountain Room,20
632,Unova,Trial Chamber,40
632,Unova,Twist Mountain,15
632,Unova,Underground Ruins,20
632,Unova,Victory Road (4f Middle Room),40
632,Unova,Victory Road (unknown area 53),40
632,Unova,Victory Road (unknown area 54),40
632,Unova,Victory Road (unknown area 55),40
632,Unova,Victory Road (unknown area 57),40
632,Unova,Victory Road (unknown area 58),40
632,Unova,Victory Road (unknown area 59),40
632,Unova,Victory Road (unknown area 60),40
632,Unova,Victory Road (unknown area 61),40
632,Unova,Victory Road (unknown area 62),40
632,Unova,Victory Road (unknown area 63),40
632,Unova,Victory Road (unknown area 64),40
632,Unova,Victory Road (unknown area 65),40
632,Unova,Victory Road (unknown area 66),40
633,Unova,Victory Road (unknown area 53),20
633,Unova,Victory Road (unknown area 58),20
634,Kalos,Victory Road (unknown area 322),5
634,Kalos,Victory Road (unknown area 324),5
634,Kalos,Victory Road (unknown area 326),5
634,Kalos,Victory Road (unknown area 328),5
634,Unova,Victory Road 2 (unknown area 77),20
634,Unova,Victory Road 2 (unknown area 80),20
636,Alola,Lush Jungle East Cave,1
636,Hoenn,Mirage Forest (South of Route 111),40
636,Hoenn,Mirage Island (Route 114),40
636,Kalos,Friend Safari (Fire),33
637,Alola,Lush Jungle East Cave,15
637,Unova,Relic Castle (D),100
638,Alola,Ultra Space Wilds Crag,100
638,Alola,Ultra Space Wilds Rocky World,15
638,Hoenn,Pathless Plain,100
638,Unova,Mistralton Cave,100
638,Unova,Road 13,100
639,Alola,Ultra Space Wilds Crag,100
639,Alola,Ultra Space Wilds Rocky World,15
639,Hoenn,Pathless Plain,100
639,Unova,Road 22,100
639,Unova,Victory Road (4f Middle Room),100
640,Alola,Ultra Space Wilds Crag,100
640,Alola,Ultra Space Wilds Rocky World,15
640,Hoenn,Pathless Plain,100
640,Unova,Pinwheel Forest Rumination Field,100
640,Unova,Road 11,100
641,Alola,Ultra Space Wilds Cliff,100
641,Alola,Ultra Space Wilds Cliff World,15
641,Hoenn,Soaring in the Sky,100
641,Kalos,Team Flare Secret Hq Area,100
642,Alola,Ultra Space Wilds Cliff,100
642,Alola,Ultra Space Wilds Cliff World,15
642,Hoenn,Soaring in the Sky,100
642,Kalos,Team Flare Secret Hq Area,100
643,Alola,Ultra Space Wilds Crag,100
643,Alola,Ultra Space Wilds Rocky World,15
643,Hoenn,Fabled Cave,100
643,Unova,Dragonspiral Tower 7F,100
643,Unova,Ns Castle Throne Room,100
644,Alola,Ultra Space Wilds Crag,100
644,Alola,Ultra Space Wilds Rocky World,15
644,Hoenn,Fabled Cave,100
644,Unova,Dragonspiral Tower 7F,100
644,Unova,Ns Castle Throne Room,100
645,Alola,Ultra Space Wilds Cliff,100
645,Alola,Ultra Space Wilds Cliff World,15
645,Hoenn,Soaring in the Sky,100
645,Unova,Abundant Shrine,100
646,Alola,Ultra Space Wilds Water World,15
646,Alola,Ultra Space Wilds Waterfall,100
646,Hoenn,Gnarled Den,100
646,Unova,Giant Chasm (forest cave),100
651,Kalos,Friend Safari (Grass),33
654,Kalos,Friend Safari (Fire),33
657,Kalos,Friend Safari (Water),33
659,Kalos,Road 2,20
659,Kalos,Road 22,20
659,Kalos,Road 3,20
659,Kalos,Road 5,40
660,Kalos,Friend Safari (Ground),33
660,Kalos,Road 22,10
661,Alola,Alola Route 8 Main,15
661,Alola,Wela Volcano Park Area,30
661,Kalos,Road 2,20
661,Kalos,Road 3,20
661,Kalos,Santalune Forest,10
662,Alola,Alola Route 8 Main,15
662,Alola,Wela Volcano Park Area,15
662,Kalos,Friend Safari (Fire),33
662,Kalos,Friend Safari (Flying),33
664,Kalos,Road 2,20
664,Kalos,Santalune Forest,20
666,Kalos,Friend Safari (Bug),33
667,Kalos,Road 22,30
668,Alola,Poni Plains Center,30
668,Kalos,Friend Safari (Fire),33
669,Alola,Melemele Meadow Area,20
669,Kalos,Road 4,70
669,Kalos,Road 7,75
670,Alola,Poni Meadow Area,20
670,Alola,Ulaula Meadow Area,20
670,Kalos,Friend Safari (Fairy),33
672,Kalos,Road 5,40
673,Kalos,Friend Safari (Grass),33
674,Alola,Alola Route 10 Area,10
674,Alola,Alola Route 11 Area,20
674,Alola,Alola Route 17 Northeast,10
674,Alola,Alola Route 17 West,20
674,Kalos,Friend Safari (Fighting),33
674,Kalos,Road 5,30
675,Alola,Alola Route 10 Area,15
675,Alola,Alola Route 11 Area,15
675,Alola,Alola Route 17 Northeast,15
675,Alola,Alola Route 17 West,15
676,Alola,Alola Route 2 South,10
676,Alola,Ancient Poni Path Area,20
676,Alola,Hauoli City Shopping District,25
676,Alola,Poni Wilds Area,20
676,Kalos,Road 5,30
677,Kalos,Friend Safari (Psychic),33
677,Kalos,Road 6,20
679,Kalos,Road 6,15
682,Kalos,Friend Safari (Fairy),33
682,Kalos,Road 7,30
684,Kalos,Friend Safari (Fairy),33
684,Kalos,Road 7,30
686,Alola,Alola Route 1 Hauoli Outskirts,30
686,Alola,Ancient Poni Path Area,20
686,Alola,Poni Gauntlet Area,15
686,Alola,Poni Wilds Area,20
686,Kalos,Azure Bay,15
686,Kalos,Friend Safari (Dark),33
686,Kalos,Road 8,30
688,Hoenn,Mirage Island (South of Pacofidlog),15
688,Hoenn,Mirage Island (South of Route 134),15
688,Kalos,Ambrette Town,34
688,Kalos,Azure Bay,34
688,Kalos,Cyllage City,34
688,Kalos,Road 12,34
688,Kalos,Road 8,34
689,Alola,Ultra Space Wilds Waterfall,15
689,Kalos,Friend Safari (Rock),33
690,Kalos,Ambrette Town,65
690,Kalos,Cyllage City,65
690,Kalos,Road 8,65
691,Alola,Poni Breaker Coast Area,20
691,Kalos,Ambrette Town,35
691,Kalos,Cyllage City,35
691,Kalos,Road 8,35
692,Kalos,Ambrette Town,65
692,Kalos,Cyllage City,65
692,Kalos,Road 8,65
693,Alola,Poni Breaker Coast Area,20
693,Kalos,Ambrette Town,35
693,Kalos,Cyllage City,35
693,Kalos,Road 8,35
694,Kalos,Friend Safari (Electric),33
694,Kalos,Road 9,20
695,Alola,Ultra Space Wilds Crag,15
701,Alola,Alola Route 3 North,10
701,Alola,Alola Route 3 South,10
701,Kalos,Friend Safari (Flying),33
701,Kalos,Road 10,25
702,Alola,Blush Mountain Area,25
702,Kalos,Friend Safari (Electric),33
702,Kalos,Friend Safari (Fairy),33
702,Kalos,Road 11,5
703,Alola,Ten Carat Hill Farthest Hollow,20
703,Alola,Ten Carat Hill Inside,20
703,Alola,Vast Poni Canyon Inside,20
703,Alola,Vast Poni Canyon Northwest,20
703,Alola,Vast Poni Canyon Outside,15
703,Kalos,Reflection Cave (unknown area 305),15
703,Kalos,Reflection Cave (unknown area 306),15
703,Kalos,Reflection Cave (unknown area 307),15
703,Kalos,Reflection Cave (unknown area 308),15
704,Alola,Alola Route 17 Northeast,10
704,Alola,Alola Route 17 West,10
704,Alola,Lush Jungle North,10
704,Alola,Lush Jungle South,10
704,Alola,Lush Jungle West,10
704,Kalos,Road 14,45
705,Alola,Exeggutor Island Area,10
705,Kalos,Friend Safari (Dragon),33
705,Kalos,Road 19,66
707,Alola,Thrifty Megamart Abandoned Site,15
707,Kalos,Friend Safari (Steel),33
707,Kalos,Lost Hotel,20
707,Kalos,Road 15,25
707,Kalos,Road 16,24
708,Alola,Memorial Hill Area,30
708,Kalos,Friend Safari (Ghost),33
708,Kalos,Road 16,20
709,Kalos,Road 20,70
710,Kalos,Friend Safari (Ghost),33
710,Kalos,Road 16,30
712,Kalos,Friend Safari (Ice),33
712,Kalos,Frost Cavern (unknown area 314),20
712,Kalos,Frost Cavern (unknown area 315),20
712,Kalos,Frost Cavern (unknown area 316),20
712,Kalos,Frost Cavern (unknown area 317),20
714,Alola,Verdant Cavern Trial Site,30
714,Kalos,Friend Safari (Dragon),33
715,Alola,Resolution Cave Area,15
716,Alola,Ultra Space Wilds Crag,100
716,Alola,Ultra Space Wilds Rocky World,15
716,Kalos,Team Flare Secret Hq Area,100
717,Alola,Ultra Space Wilds Cliff,100
717,Alola,Ultra Space Wilds Cliff World,15
717,Kalos,Team Flare Secret Hq Area,100
718,Alola,Resolution Cave Area,15
718,Kalos,Terminus Cave (unknown area 348),100
731,Alola,Alola Route 1 East,30
731,Alola,Alola Route 1 South,20
731,Alola,Alola Route 1 West,20
731,Alola,Alola Route 4 Area,40
731,Alola,Alola Route 5 Area,20
731,Alola,Alola Route 6 North,40
731,Alola,Alola Route 6 South,40
731,Alola,Alola Route 8 Main,15
732,Alola,Alola Route 11 Area,20
732,Alola,Alola Route 8 Main,30
732,Alola,Lush Jungle North,37
732,Alola,Lush Jungle South,52
732,Alola,Lush Jungle West,52
732,Alola,Poni Grove Area,30
732,Alola,Poni Plains Center,30
732,Alola,Poni Plains East,10
732,Alola,Poni Plains North,10
732,Alola,Poni Plains West,10
733,Alola,Alola Route 11 Area,15
733,Alola,Poni Grove Area,15
733,Alola,Poni Plains Center,15
733,Alola,Poni Plains East,15
733,Alola,Poni Plains North,15
733,Alola,Poni Plains West,15
734,Alola,Alola Route 1 East,30
734,Alola,Alola Route 1 Hauoli Outskirts,30
734,Alola,Alola Route 1 South,30
734,Alola,Alola Route 1 West,35
734,Alola,Alola Route 2 North,80
734,Alola,Alola Route 2 South,80
734,Alola,Alola Route 3 North,10
734,Alola,Alola Route 3 South,10
734,Alola,Alola Route 4 Area,10
734,Alola,Alola Route 6 North,10
734,Alola,Alola Route 6 South,10
734,Alola,Alola Route 8 Main,30
734,Alola,Hauoli City Shopping District,20
734,Alola,Kalae Bay Area,30
734,Alola,Verdant Cavern Trial Site,100
735,Alola,Akala Outskirts Area,30
735,Alola,Alola Route 10 Area,30
735,Alola,Alola Route 11 Area,20
735,Alola,Alola Route 14 Area,30
735,Alola,Alola Route 15 Main,30
735,Alola,Alola Route 16 East,30
735,Alola,Alola Route 16 Main,30
735,Alola,Alola Route 16 West,20
735,Alola,Alola Route 17 Northeast,30
735,Alola,Alola Route 17 West,30
735,Alola,Alola Route 8 Main,15
735,Alola,Ancient Poni Path Area,30
735,Alola,Malie City Outer Cape,20
735,Alola,Mount Lanakila Base,20
735,Alola,Poni Gauntlet Area,30
735,Alola,Poni Grove Area,30
735,Alola,Poni Plains Center,100
735,Alola,Poni Plains East,30
735,Alola,Poni Plains North,30
735,Alola,Poni Plains West,10
735,Alola,Poni Wilds Area,30
735,Alola,Tapu Village Area,30
736,Alola,Alola Route 1 East,15
736,Alola,Alola Route 1 West,10
736,Alola,Alola Route 4 Area,10
736,Alola,Alola Route 5 Area,20
736,Alola,Alola Route 6 North,10
736,Alola,Alola Route 6 South,10
736,Alola,Blush Mountain Area,15
737,Alola,Blush Mountain Area,10
738,Alola,Blush Mountain Area,15
739,Alola,Alola Route 10 Area,100
739,Alola,Alola Route 12 Area,100
739,Alola,Alola Route 15 Main,100
739,Alola,Alola Route 16 Main,100
739,Alola,Alola Route 17 West,100
739,Alola,Alola Route 2 South,100
739,Alola,Alola Route 3 South,100
739,Alola,Alola Route 4 Area,100
739,Alola,Alola Route 5 Area,100
739,Alola,Alola Route 8 Main,100
739,Alola,Berry Fields Area,100
739,Alola,Poni Plains West,100
739,Alola,Poni Wilds Area,100
739,Alola,Ulaula Beach Area,100
741,Alola,Alola Route 6 South,20
741,Alola,Melemele Meadow Area,20
741,Alola,Poni Meadow Area,20
741,Alola,Ulaula Meadow Area,20
742,Alola,Alola Route 2 North,20
742,Alola,Alola Route 3 North,30
742,Alola,Alola Route 3 South,30
742,Alola,Melemele Meadow Area,30
743,Alola,Poni Meadow Area,50
743,Alola,Ulaula Meadow Area,30
744,Alola,Alola Route 1 South,20
744,Alola,Ten Carat Hill Farthest Hollow,20
745,Alola,Vast Poni Canyon Outside,20
746,Alola,Akala Outskirts Area,65
746,Alola,Alola Route 13 Area,40
746,Alola,Alola Route 14 Area,65
746,Alola,Alola Route 15 Main,50
746,Alola,Alola Route 7 Area,60
746,Alola,Alola Route 8 Main,50
746,Alola,Alola Route 9 Main,15
746,Alola,Brooklet Hill Totems Den,65
746,Alola,Hauoli City Beachfront,40
746,Alola,Kalae Bay Area,60
746,Alola,Melemele Sea Area,40
746,Alola,Secluded Shore Area,20
746,Alola,Tapu Village Area,65
747,Alola,Alola Route 9 Main,15
747,Alola,Hauoli City Beachfront,30
747,Alola,Melemele Sea Area,30
749,Alola,Alola Route 12 Area,30
749,Alola,Alola Route 4 Area,20
749,Alola,Alola Route 6 North,20
749,Alola,Blush Mountain Area,20
749,Alola,Paniola Ranch Area,50
750,Alola,Alola Route 12 Area,15
750,Alola,Blush Mountain Area,15
750,Alola,Poni Plains West,20
751,Alola,Brooklet Hill North,60
751,Alola,Brooklet Hill South,60
752,Alola,Malie Garden Area,20
753,Alola,Alola Route 5 Area,20
753,Alola,Lush Jungle North,30
753,Alola,Lush Jungle South,20
753,Alola,Lush Jungle West,100
755,Alola,Alola Route 11 Area,10
755,Alola,Brooklet Hill North,20
755,Alola,Brooklet Hill South,20
755,Alola,Lush Jungle North,30
755,Alola,Lush Jungle South,20
755,Alola,Lush Jungle West,10
756,Alola,Alola Route 11 Area,10
757,Alola,Alola Route 8 Main,20
757,Alola,Lush Jungle East Cave,30
757,Alola,Wela Volcano Park Area,30
758,Alola,Lush Jungle East Cave,15
758,Alola,Wela Volcano Park Area,15
759,Alola,Akala Outskirts Area,15
759,Alola,Alola Route 8 Main,10
760,Alola,Hauoli City Main,15
760,Alola,Hauoli City Shopping District,100
760,Alola,Poni Gauntlet Area,10
761,Alola,Lush Jungle West,40
762,Alola,Lush Jungle North,10
762,Alola,Lush Jungle South,80
762,Alola,Lush Jungle West,80
764,Alola,Lush Jungle North,10
764,Alola,Lush Jungle South,10
764,Alola,Lush Jungle West,10
765,Alola,Lush Jungle North,5
765,Alola,Lush Jungle South,35
765,Alola,Lush Jungle West,35
766,Alola,Lush Jungle North,5
766,Alola,Lush Jungle South,35
766,Alola,Lush Jungle West,35
767,Alola,Alola Route 8 Main,100
767,Alola,Dividing Peak Tunnel Area,100
767,Alola,Poni Breaker Coast Area,100
767,Alola,Poni Wilds Area,100
769,Alola,Alola Route 15 Main,100
769,Alola,Hano Beach Area,30
771,Alola,Alola Route 7 Area,20
771,Alola,Hano Beach Area,45
774,Alola,Mount Hokulani East,70
774,Alola,Mount Hokulani Main,30
774,Alola,Mount Hokulani West,10
775,Alola,Alola Route 11 Area,30
776,Alola,Blush Mountain Area,10
777,Alola,Blush Mountain Area,25
778,Alola,Thrifty Megamart Abandoned Site,5
779,Alola,Alola Route 13 Area,5
779,Alola,Alola Route 14 Area,40
779,Alola,Alola Route 15 Main,40
779,Alola,Secluded Shore Area,1
779,Alola,Tapu Village Area,40
780,Alola,Mount Lanakila Cave,10
781,Alola,Seafolk Village Main,40
782,Alola,Vast Poni Canyon Outside,5
783,Alola,Vast Poni Canyon Outside,15
784,Alola,Vast Poni Canyon Outside,15
785,Alola,Ruins Of Conflict Area,100
786,Alola,Ruins Of Life Area,100
787,Alola,Ruins Of Abundance Area,100
788,Alola,Ruins Of Hope Area,100
791,Alola,Altar Of The Sunne Area,100
791,Alola,Mahalo Trail Area,100
792,Alola,Altar Of The Moone Area,100
792,Alola,Mahalo Trail Area,100
793,Alola,Digletts Tunnel Area,100
793,Alola,Ultra Space Ultra Deep Sea,100
793,Alola,Wela Volcano Park Area,100
794,Alola,Melemele Meadow Area,100
794,Alola,Ultra Space Ultra Jungle,100
795,Alola,Ultra Space Ultra Desert,100
795,Alola,Verdant Cavern  Trial Site Area,100
795,Alola,Verdant Cavern Trial Site,100
796,Alola,Lush Jungle All Areas,100
796,Alola,Memorial Hill Area,100
796,Alola,Ultra Space Ultra Plant,100
797,Alola,Haina Desert Area,100
797,Alola,Malie Garden Area,100
797,Alola,Ultra Space Ultra Crater,100
798,Alola,Alola Route 17 All Areas,100
798,Alola,Malie Garden Area,100
798,Alola,Ultra Space Ultra Forest,100
799,Alola,Resolution Cave Area,100
799,Alola,Ultra Space Ultra Ruin,100
800,Alola,Mount Lanakila Crater,100
800,Alola,Ten Carat Hill Farthest Hollow,100
801,Alola,Hauoli City Main,15
805,Alola,Poni Grove Area,100
806,Alola,Poni Grove Area,100
