Number,HeightM,WeightKg,BaseExperience,ArtworkURL,AnimatedGifURL,CaptureRate,BaseHappiness,GenderRate,Genus,FlavorText,Color,Shape,Habitat,EggGroup1,EggGroup2,GrowthRate
1,0.7,6.9,64,https://raw.githubusercontent.com/PokeAPI/sprites/master/sprites/pokemon/other/official-artwork/1.png,https://raw.githubusercontent.com/PokeAPI/sprites/master/sprites/pokemon/other/showdown/1.gif,45,70,1,Seed Pokémon,"While it is young, it uses the nutrients that are stored in the seed on its back in order to grow.",Green,Quadruped,Grassland,Monster,Plant,Medium Slow
2,1.0,13.0,142,https://raw.githubusercontent.com/PokeAPI/sprites/master/sprites/pokemon/other/official-artwork/2.png,https://raw.githubusercontent.com/PokeAPI/sprites/master/sprites/pokemon/other/showdown/2.gif,45,70,1,Seed Pokémon,Exposure to sunlight adds to its strength. Sunlight also makes the bud on its back grow larger.,Green,Quadruped,Grassland,Monster,Plant,Medium Slow
3,2.0,100.0,236,https://raw.githubusercontent.com/PokeAPI/sprites/master/sprites/pokemon/other/official-artwork/3.png,https://raw.githubusercontent.com/PokeAPI/sprites/master/sprites/pokemon/other/showdown/3.gif,45,70,1,Seed Pokémon,A bewitching aroma wafts from its flower. The fragrance becalms those engaged in a battle.,Green,Quadruped,Grassland,Monster,Plant,Medium Slow
4,0.6,8.5,62,https://raw.githubusercontent.com/PokeAPI/sprites/master/sprites/pokemon/other/official-artwork/4.png,https://raw.githubusercontent.com/PokeAPI/sprites/master/sprites/pokemon/other/showdown/4.gif,45,70,1,Lizard Pokémon,"From the time it is born, a flame burns at the tip of its tail. Its life would end if the flame were to go out.",Red,Upright,Mountain,Monster,Dragon,Medium Slow
5,1.1,19.0,142,https://raw.githubusercontent.com/PokeAPI/sprites/master/sprites/pokemon/other/official-artwork/5.png,https://raw.githubusercontent.com/PokeAPI/sprites/master/sprites/pokemon/other/showdown/5.gif,45,70,1,Flame Pokémon,"If it becomes agitated during battle, it spouts intense flames, incinerating its surroundings.",Red,Upright,Mountain,Monster,Dragon,Medium Slow
6,1.7,90.5,240,https://raw.githubusercontent.com/PokeAPI/sprites/master/sprites/pokemon/other/official-artwork/6.png,https://raw.githubusercontent.com/PokeAPI/sprites/master/sprites/pokemon/other/showdown/6.gif,45,70,1,Flame Pokémon,"Its wings can carry this Pokémon close to an altitude of 4,600 feet. It blows out fire at very high temperatures.",Red,Upright,Mountain,Monster,Dragon,Medium Slow
7,0.5,9.0,63,https://raw.githubusercontent.com/PokeAPI/sprites/master/sprites/pokemon/other/official-artwork/7.png,https://raw.githubusercontent.com/PokeAPI/sprites/master/sprites/pokemon/other/showdown/7.gif,45,70,1,Tiny Turtle Pokémon,"When it feels threatened, it draws its limbs inside its shell and sprays water from its mouth.",Blue,Upright,Waters Edge,Monster,Water1,Medium Slow
8,1.0,22.5,142,https://raw.githubusercontent.com/PokeAPI/sprites/master/sprites/pokemon/other/official-artwork/8.png,https://raw.githubusercontent.com/PokeAPI/sprites/master/sprites/pokemon/other/showdown/8.gif,45,70,1,Turtle Pokémon,It cleverly controls its furry ears and tail to maintain its balance while swimming.,Blue,Upright,Waters Edge,Monster,Water1,Medium Slow
9,1.6,85.5,239,https://raw.githubusercontent.com/PokeAPI/sprites/master/sprites/pokemon/other/official-artwork/9.png,https://raw.githubusercontent.com/PokeAPI/sprites/master/sprites/pokemon/other/showdown/9.gif,45,70,1,Shellfish Pokémon,The rocket cannons on its shell fire jets of water capable of punching holes through thick steel.,Blue,Upright,Waters Edge,Monster,Water1,Medium Slow
10,0.3,2.9,39,https://raw.githubusercontent.com/PokeAPI/sprites/master/sprites/pokemon/other/official-artwork/10.png,https://raw.githubusercontent.com/PokeAPI/sprites/master/sprites/pokemon/other/showdown/10.gif,255,70,4,Worm Pokémon,Its short feet are tipped with suction pads that enable it to tirelessly climb slopes and walls.,Green,Armor,Forest,Bug,,Medium
11,0.7,9.9,72,https://raw.githubusercontent.com/PokeAPI/sprites/master/sprites/pokemon/other/official-artwork/11.png,https://raw.githubusercontent.com/PokeAPI/sprites/master/sprites/pokemon/other/showdown/11.gif,120,70,4,Cocoon Pokémon,"Even though it is encased in a sturdy shell, the body inside is tender. It can’t withstand a harsh attack.",Green,Squiggle,Forest,Bug,,Medium
12,1.1,32.0,178,https://raw.githubusercontent.com/PokeAPI/sprites/master/sprites/pokemon/other/official-artwork/12.png,https://raw.githubusercontent.com/PokeAPI/sprites/master/sprites/pokemon/other/showdown/12.gif,45,70,4,Butterfly Pokémon,It collects honey every day. It rubs honey onto the hairs on its legs to carry it back to its nest.,White,Bug Wings,Forest,Bug,,Medium
13,0.3,3.2,39,https://raw.githubusercontent.com/PokeAPI/sprites/master/sprites/pokemon/other/official-artwork/13.png,https://raw.githubusercontent.com/PokeAPI/sprites/master/sprites/pokemon/other/showdown/13.gif,255,70,4,Hairy Bug Pokémon,Beware of the sharp stinger on its head. It hides in grass and bushes where it eats leaves.,Brown,Armor,Forest,Bug,,Medium
14,0.6,10.0,72,https://raw.githubusercontent.com/PokeAPI/sprites/master/sprites/pokemon/other/official-artwork/14.png,https://raw.githubusercontent.com/PokeAPI/sprites/master/sprites/pokemon/other/showdown/14.gif,120,70,4,Cocoon Pokémon,"Able to move only slightly. When endangered, it may stick out its stinger and poison its enemy.",Yellow,Squiggle,Forest,Bug,,Medium
15,1.0,29.5,178,https://raw.githubusercontent.com/PokeAPI/sprites/master/sprites/pokemon/other/official-artwork/15.png,https://raw.githubusercontent.com/PokeAPI/sprites/master/sprites/pokemon/other/showdown/15.gif,45,70,4,Poison Bee Pokémon,It has three poisonous stingers on its forelegs and its tail. They are used to jab its enemy repeatedly.,Yellow,Bug Wings,Forest,Bug,,Medium
16,0.3,1.8,50,https://raw.githubusercontent.com/PokeAPI/sprites/master/sprites/pokemon/other/official-artwork/16.png,https://raw.githubusercontent.com/PokeAPI/sprites/master/sprites/pokemon/other/showdown/16.gif,255,70,4,Tiny Bird Pokémon,"Very docile. If attacked, it will often kick up sand to protect itself rather than fight back.",Brown,Wings,Forest,Flying,,Medium Slow
17,1.1,30.0,122,https://raw.githubusercontent.com/PokeAPI/sprites/master/sprites/pokemon/other/official-artwork/17.png,https://raw.githubusercontent.com/PokeAPI/sprites/master/sprites/pokemon/other/showdown/17.gif,120,70,4,Bird Pokémon,This Pokémon is full of vitality. It constantly flies around its large territory in search of prey.,Brown,Wings,Forest,Flying,,Medium Slow
18,1.5,39.5,216,https://raw.githubusercontent.com/PokeAPI/sprites/master/sprites/pokemon/other/official-artwork/18.png,https://raw.githubusercontent.com/PokeAPI/sprites/master/sprites/pokemon/other/showdown/18.gif,45,70,4,Bird Pokémon,"This Pokémon flies at Mach 2 speed, seeking prey. Its large talons are feared as wicked weapons.",Brown,Wings,Forest,Flying,,Medium Slow
19,0.3,3.5,51,https://raw.githubusercontent.com/PokeAPI/sprites/master/sprites/pokemon/other/official-artwork/19.png,https://raw.githubusercontent.com/PokeAPI/sprites/master/sprites/pokemon/other/showdown/19.gif,255,70,4,Mouse Pokémon,"Will chew on anything with its fangs. If you see one, you can be certain that 40 more live in the area.",Purple,Quadruped,Grassland,Ground,,Medium
20,0.7,18.5,145,https://raw.githubusercontent.com/PokeAPI/sprites/master/sprites/pokemon/other/official-artwork/20.png,https://raw.githubusercontent.com/PokeAPI/sprites/master/sprites/pokemon/other/showdown/20.gif,127,70,4,Mouse Pokémon,"Its hind feet are webbed. They act as flippers, so it can swim in rivers and hunt for prey.",Brown,Quadruped,Grassland,Ground,,Medium
21,0.3,2.0,52,https://raw.githubusercontent.com/PokeAPI/sprites/master/sprites/pokemon/other/official-artwork/21.png,https://raw.githubusercontent.com/PokeAPI/sprites/master/sprites/pokemon/other/showdown/21.gif,255,70,4,Tiny Bird Pokémon,"Inept at flying high. However, it can fly around very fast to protect its territory.",Brown,Wings,Rough Terrain,Flying,,Medium
22,1.2,38.0,155,https://raw.githubusercontent.com/PokeAPI/sprites/master/sprites/pokemon/other/official-artwork/22.png,https://raw.githubusercontent.com/PokeAPI/sprites/master/sprites/pokemon/other/showdown/22.gif,90,70,4,Beak Pokémon,"A Pokémon that dates back many years. If it senses danger, it flies high and away, instantly.",Brown,Wings,Rough Terrain,Flying,,Medium
23,2.0,6.9,58,https://raw.githubusercontent.com/PokeAPI/sprites/master/sprites/pokemon/other/official-artwork/23.png,https://raw.githubusercontent.com/PokeAPI/sprites/master/sprites/pokemon/other/showdown/23.gif,255,70,4,Snake Pokémon,"The older it gets, the longer it grows. At night, it wraps its long body around tree branches to rest.",Purple,Squiggle,Grassland,Ground,Dragon,Medium
24,3.5,65.0,157,https://raw.githubusercontent.com/PokeAPI/sprites/master/sprites/pokemon/other/official-artwork/24.png,https://raw.githubusercontent.com/PokeAPI/sprites/master/sprites/pokemon/other/showdown/24.gif,90,70,4,Cobra Pokémon,The frightening patterns on its belly have been studied. Six variations have been confirmed.,Purple,Squiggle,Grassland,Ground,Dragon,Medium
25,0.4,6.0,112,https://raw.githubusercontent.com/PokeAPI/sprites/master/sprites/pokemon/other/official-artwork/25.png,https://raw.githubusercontent.com/PokeAPI/sprites/master/sprites/pokemon/other/showdown/25.gif,190,70,4,Mouse Pokémon,Possesses cheek sacs in which it stores electricity. This clever forest-dweller roasts tough berries with an electric shock before consuming them.,Yellow,Quadruped,Forest,Ground,Fairy,Medium
26,0.8,30.0,218,https://raw.githubusercontent.com/PokeAPI/sprites/master/sprites/pokemon/other/official-artwork/26.png,https://raw.githubusercontent.com/PokeAPI/sprites/master/sprites/pokemon/other/showdown/26.gif,75,70,4,Mouse Pokémon,"It can discharge bursts of electricity exceeding 100,000 volts— a single strike with that amount of power would incapacitate one of the Copperajah of my homeland.",Yellow,Upright,Forest,Ground,Fairy,Medium
27,0.6,12.0,60,https://raw.githubusercontent.com/PokeAPI/sprites/master/sprites/pokemon/other/official-artwork/27.png,https://raw.githubusercontent.com/PokeAPI/sprites/master/sprites/pokemon/other/showdown/27.gif,255,70,4,Mouse Pokémon,"It burrows into the ground to create its nest. If hard stones impede its tunneling, it uses its sharp claws to shatter them and then carries on digging.",Yellow,Upright,Rough Terrain,Ground,,Medium
28,1.0,29.5,158,https://raw.githubusercontent.com/PokeAPI/sprites/master/sprites/pokemon/other/official-artwork/28.png,https://raw.githubusercontent.com/PokeAPI/sprites/master/sprites/pokemon/other/showdown/28.gif,90,70,4,Mouse Pokémon,"It climbs trees by hooking on with its sharp claws. Sandslash shares the berries it gathers, dropping them down to Sandshrew waiting below the tree.",Yellow,Upright,Rough Terrain,Ground,,Medium
29,0.4,7.0,55,https://raw.githubusercontent.com/PokeAPI/sprites/master/sprites/pokemon/other/official-artwork/29.png,https://raw.githubusercontent.com/PokeAPI/sprites/master/sprites/pokemon/other/showdown/29.gif,235,70,8,Poison Pin Pokémon,It uses its hard incisor teeth to crush and eat berries. The tip of a female Nidoran’s horn is a bit more rounded than the tip of a male’s horn.,Blue,Quadruped,Grassland,Monster,Ground,Medium Slow
30,0.8,20.0,128,https://raw.githubusercontent.com/PokeAPI/sprites/master/sprites/pokemon/other/official-artwork/30.png,https://raw.githubusercontent.com/PokeAPI/sprites/master/sprites/pokemon/other/showdown/30.gif,120,70,8,Poison Pin Pokémon,"If the group is threatened, these Pokémon will band together to assault enemies with a chorus of ultrasonic waves.",Blue,Quadruped,Grassland,No Eggs,,Medium Slow
31,1.3,60.0,227,https://raw.githubusercontent.com/PokeAPI/sprites/master/sprites/pokemon/other/official-artwork/31.png,https://raw.githubusercontent.com/PokeAPI/sprites/master/sprites/pokemon/other/showdown/31.gif,45,70,8,Drill Pokémon,It pacifies offspring by placing them in the gaps between the spines on its back. The spines will never secrete poison while young are present.,Blue,Upright,Grassland,No Eggs,,Medium Slow
32,0.5,9.0,55,https://raw.githubusercontent.com/PokeAPI/sprites/master/sprites/pokemon/other/official-artwork/32.png,https://raw.githubusercontent.com/PokeAPI/sprites/master/sprites/pokemon/other/showdown/32.gif,235,70,0,Poison Pin Pokémon,"Small but brave, this Pokémon will hold its ground and even risk its life in battle to protect the female it’s friendly with.",Purple,Quadruped,Grassland,Monster,Ground,Medium Slow
33,0.9,19.5,128,https://raw.githubusercontent.com/PokeAPI/sprites/master/sprites/pokemon/other/official-artwork/33.png,https://raw.githubusercontent.com/PokeAPI/sprites/master/sprites/pokemon/other/showdown/33.gif,120,70,0,Poison Pin Pokémon,It’s nervous and quick to act aggressively. The potency of its poison increases along with the level of adrenaline present in its body.,Purple,Quadruped,Grassland,Monster,Ground,Medium Slow
34,1.4,62.0,227,https://raw.githubusercontent.com/PokeAPI/sprites/master/sprites/pokemon/other/official-artwork/34.png,https://raw.githubusercontent.com/PokeAPI/sprites/master/sprites/pokemon/other/showdown/34.gif,45,70,0,Drill Pokémon,"Nidoking prides itself on its strength. It’s forceful and spirited in battle, making use of its thick tail and diamond-crushing horn.",Purple,Upright,Grassland,Monster,Ground,Medium Slow
35,0.6,7.5,113,https://raw.githubusercontent.com/PokeAPI/sprites/master/sprites/pokemon/other/official-artwork/35.png,https://raw.githubusercontent.com/PokeAPI/sprites/master/sprites/pokemon/other/showdown/35.gif,150,140,6,Fairy Pokémon,"It can be found in quiet mountain areas on a full moon's night. Its dancing and its tiny, faintly glowing wings confer upon it a lovely fairylike quality.",Pink,Upright,Mountain,Fairy,,Fast
36,1.3,40.0,217,https://raw.githubusercontent.com/PokeAPI/sprites/master/sprites/pokemon/other/official-artwork/36.png,https://raw.githubusercontent.com/PokeAPI/sprites/master/sprites/pokemon/other/showdown/36.gif,25,140,6,Fairy Pokémon,"Legend says that on clear, quiet nights, it listens for the voices of its kin living on the moon. I, too, often think of my homeland, so far away.",Pink,Upright,Mountain,Fairy,,Fast
37,0.6,9.9,60,https://raw.githubusercontent.com/PokeAPI/sprites/master/sprites/pokemon/other/official-artwork/37.png,https://raw.githubusercontent.com/PokeAPI/sprites/master/sprites/pokemon/other/showdown/37.gif,190,70,6,Fox Pokémon,"In its belly burns a fire, which Vulpix spits out in the form of fireballs. When young, this Pokémon has but one white tail. As the Pokémon matures, this single tail splits into six.",Brown,Quadruped,Grassland,Ground,,Medium
38,1.1,19.9,177,https://raw.githubusercontent.com/PokeAPI/sprites/master/sprites/pokemon/other/official-artwork/38.png,https://raw.githubusercontent.com/PokeAPI/sprites/master/sprites/pokemon/other/showdown/38.gif,75,70,6,Fox Pokémon,The coat of gleaming golden fur is quite magnificent. This species is said to store sacred power in its nine long tails and to live for a millennium.,Yellow,Quadruped,Grassland,Ground,,Medium
39,0.5,5.5,95,https://raw.githubusercontent.com/PokeAPI/sprites/master/sprites/pokemon/other/official-artwork/39.png,https://raw.githubusercontent.com/PokeAPI/sprites/master/sprites/pokemon/other/showdown/39.gif,170,70,6,Balloon Pokémon,"By freely changing the wavelength of its voice, Jigglypuff sings a mysterious melody sure to make any listener sleepy.",Pink,Humanoid,Grassland,Fairy,,Fast
40,1.0,12.0,196,https://raw.githubusercontent.com/PokeAPI/sprites/master/sprites/pokemon/other/official-artwork/40.png,https://raw.githubusercontent.com/PokeAPI/sprites/master/sprites/pokemon/other/showdown/40.gif,50,70,6,Balloon Pokémon,"It’s proud of its fur, which is fine and delicate. In particular, the curl on its forehead has a texture that’s perfectly heavenly.",Pink,Humanoid,Grassland,Fairy,,Fast
41,0.8,7.5,49,https://raw.githubusercontent.com/PokeAPI/sprites/master/sprites/pokemon/other/official-artwork/41.png,https://raw.githubusercontent.com/PokeAPI/sprites/master/sprites/pokemon/other/showdown/41.gif,255,70,4,Bat Pokémon,"Makes its home in gloomy caves. Atrophied eyes have left this Pokémon blind, so it scans its surroundings via sound waves that it emits from its mouth as it flies.",Purple,Wings,Cave,Flying,,Medium
42,1.6,55.0,159,https://raw.githubusercontent.com/PokeAPI/sprites/master/sprites/pokemon/other/official-artwork/42.png,https://raw.githubusercontent.com/PokeAPI/sprites/master/sprites/pokemon/other/showdown/42.gif,90,70,4,Bat Pokémon,It sinks its sharp fangs into other creatures and slurps up their blood. A closer look at the fangs reveals that they are hollow and akin to straws.,Purple,Wings,Cave,Flying,,Medium
43,0.5,5.4,64,https://raw.githubusercontent.com/PokeAPI/sprites/master/sprites/pokemon/other/official-artwork/43.png,https://raw.githubusercontent.com/PokeAPI/sprites/master/sprites/pokemon/other/showdown/43.gif,255,70,4,Weed Pokémon,"During the day, it stays in the cold underground to avoid the sun. It grows by bathing in moonlight.",Blue,Legs,Grassland,Plant,,Medium Slow
44,0.8,8.6,138,https://raw.githubusercontent.com/PokeAPI/sprites/master/sprites/pokemon/other/official-artwork/44.png,https://raw.githubusercontent.com/PokeAPI/sprites/master/sprites/pokemon/other/showdown/44.gif,120,70,4,Weed Pokémon,What appears to be drool is actually sweet honey. It is very sticky and clings stubbornly if touched.,Blue,Humanoid,Grassland,Plant,,Medium Slow
45,1.2,18.6,221,https://raw.githubusercontent.com/PokeAPI/sprites/master/sprites/pokemon/other/official-artwork/45.png,https://raw.githubusercontent.com/PokeAPI/sprites/master/sprites/pokemon/other/showdown/45.gif,45,70,4,Flower Pokémon,"The larger its petals, the more toxic pollen it contains. Its big head is heavy and hard to hold up.",Red,Humanoid,Grassland,Plant,,Medium Slow
46,0.3,5.4,57,https://raw.githubusercontent.com/PokeAPI/sprites/master/sprites/pokemon/other/official-artwork/46.png,https://raw.githubusercontent.com/PokeAPI/sprites/master/sprites/pokemon/other/showdown/46.gif,190,70,4,Mushroom Pokémon,Sometimes seen at the foot of trees in humid forests. The mushrooms on its back—called tochukaso—are not present on infant specimens and instead emerge as Paras matures.,Red,Armor,Forest,Bug,Plant,Medium
47,1.0,29.5,142,https://raw.githubusercontent.com/PokeAPI/sprites/master/sprites/pokemon/other/official-artwork/47.png,https://raw.githubusercontent.com/PokeAPI/sprites/master/sprites/pokemon/other/showdown/47.gif,75,70,4,Mushroom Pokémon,"Mushroom-lacking specimens of this Pokémon lie unmoving in the forest, lending credence to the hypothesis that the large mushroom is in control of Parasect's actions.",Red,Armor,Forest,Bug,Plant,Medium
48,1.0,30.0,61,https://raw.githubusercontent.com/PokeAPI/sprites/master/sprites/pokemon/other/official-artwork/48.png,https://raw.githubusercontent.com/PokeAPI/sprites/master/sprites/pokemon/other/showdown/48.gif,190,70,4,Insect Pokémon,"Its large eyes act as radar. In a bright place, you can see that they are clusters of many tiny eyes.",Purple,Humanoid,Forest,Bug,,Medium
49,1.5,12.5,158,https://raw.githubusercontent.com/PokeAPI/sprites/master/sprites/pokemon/other/official-artwork/49.png,https://raw.githubusercontent.com/PokeAPI/sprites/master/sprites/pokemon/other/showdown/49.gif,75,70,4,Poison Moth Pokémon,The powdery scales on its wings are hard to remove from skin. They also contain poison that leaks out on contact.,Purple,Bug Wings,Forest,Bug,,Medium
50,0.2,0.8,53,https://raw.githubusercontent.com/PokeAPI/sprites/master/sprites/pokemon/other/official-artwork/50.png,https://raw.githubusercontent.com/PokeAPI/sprites/master/sprites/pokemon/other/showdown/50.gif,255,70,4,Mole Pokémon,"It burrows through the ground at a shallow depth. It leaves raised earth in its wake, making it easy to spot.",Brown,Blob,Cave,Ground,,Medium
51,0.7,33.3,149,https://raw.githubusercontent.com/PokeAPI/sprites/master/sprites/pokemon/other/official-artwork/51.png,https://raw.githubusercontent.com/PokeAPI/sprites/master/sprites/pokemon/other/showdown/51.gif,50,70,4,Mole Pokémon,These Diglett triplets dig over 60 miles below sea level. No one knows what it’s like underground.,Brown,Heads,Cave,Ground,,Medium
52,0.4,4.2,58,https://raw.githubusercontent.com/PokeAPI/sprites/master/sprites/pokemon/other/official-artwork/52.png,https://raw.githubusercontent.com/PokeAPI/sprites/master/sprites/pokemon/other/showdown/52.gif,255,70,4,Scratch Cat Pokémon,"It loves to collect shiny things. If it’s in a good mood, it might even let its Trainer have a look at its hoard of treasures.",Yellow,Quadruped,Urban,Ground,,Medium
53,1.0,32.0,154,https://raw.githubusercontent.com/PokeAPI/sprites/master/sprites/pokemon/other/official-artwork/53.png,https://raw.githubusercontent.com/PokeAPI/sprites/master/sprites/pokemon/other/showdown/53.gif,90,70,4,Classy Cat Pokémon,Its elegant and refined behavior clashes with that of the barbaric Perrserker. The relationship between the two is one of mutual disdain.,Yellow,Quadruped,Urban,Ground,,Medium
54,0.8,19.6,64,https://raw.githubusercontent.com/PokeAPI/sprites/master/sprites/pokemon/other/official-artwork/54.png,https://raw.githubusercontent.com/PokeAPI/sprites/master/sprites/pokemon/other/showdown/54.gif,190,70,4,Duck Pokémon,"Suffers perpetual headaches. If the agony grows too great, Psyduck's latent power erupts, contrary to Psyduck's intent. Ergo, I am exploring ways to ease the pain.",Yellow,Upright,Waters Edge,Water1,Ground,Medium
55,1.7,76.6,175,https://raw.githubusercontent.com/PokeAPI/sprites/master/sprites/pokemon/other/official-artwork/55.png,https://raw.githubusercontent.com/PokeAPI/sprites/master/sprites/pokemon/other/showdown/55.gif,75,70,4,Duck Pokémon,"Its body is strong, and it has webbing on its hands and feet. Golduck can swim easily through rough seas, clawing its way through the high waves.",Blue,Upright,Waters Edge,Water1,Ground,Medium
56,0.5,28.0,61,https://raw.githubusercontent.com/PokeAPI/sprites/master/sprites/pokemon/other/official-artwork/56.png,https://raw.githubusercontent.com/PokeAPI/sprites/master/sprites/pokemon/other/showdown/56.gif,190,70,4,Pig Monkey Pokémon,An agile Pokémon that lives in trees. It angers easily and will not hesitate to attack anything.,Brown,Upright,Mountain,Ground,,Medium
57,1.0,32.0,159,https://raw.githubusercontent.com/PokeAPI/sprites/master/sprites/pokemon/other/official-artwork/57.png,https://raw.githubusercontent.com/PokeAPI/sprites/master/sprites/pokemon/other/showdown/57.gif,75,70,4,Pig Monkey Pokémon,It stops being angry only when nobody else is around. To view this moment is very difficult.,Brown,Upright,Mountain,Ground,,Medium
58,0.7,19.0,70,https://raw.githubusercontent.com/PokeAPI/sprites/master/sprites/pokemon/other/official-artwork/58.png,https://raw.githubusercontent.com/PokeAPI/sprites/master/sprites/pokemon/other/showdown/58.gif,190,70,2,Puppy Pokémon,They patrol their territory in pairs. I believe the igneous rock components in the fur of this species are the result of volcanic activity in its habitat.,Brown,Quadruped,Grassland,Ground,,Slow
59,1.9,155.0,194,https://raw.githubusercontent.com/PokeAPI/sprites/master/sprites/pokemon/other/official-artwork/59.png,https://raw.githubusercontent.com/PokeAPI/sprites/master/sprites/pokemon/other/showdown/59.gif,75,70,2,Legendary Pokémon,"Snaps at its foes with fangs cloaked in blazing flame. Despite its bulk, it deftly feints every which way, leading opponents on a deceptively merry chase as it all but dances around them.",Brown,Quadruped,Grassland,Ground,,Slow
60,0.6,12.4,60,https://raw.githubusercontent.com/PokeAPI/sprites/master/sprites/pokemon/other/official-artwork/60.png,https://raw.githubusercontent.com/PokeAPI/sprites/master/sprites/pokemon/other/showdown/60.gif,255,70,4,Tadpole Pokémon,"In rivers with fast-flowing water, this Pokémon will cling to a rock by using its thick lips, which act like a suction cup.",Blue,Legs,Waters Edge,Water1,,Medium Slow
61,1.0,20.0,135,https://raw.githubusercontent.com/PokeAPI/sprites/master/sprites/pokemon/other/official-artwork/61.png,https://raw.githubusercontent.com/PokeAPI/sprites/master/sprites/pokemon/other/showdown/61.gif,120,70,4,Tadpole Pokémon,"This Pokémon’s sweat is a slimy mucus. When captured, Poliwhirl can slither from its enemies’ grasp and escape.",Blue,Humanoid,Waters Edge,Water1,,Medium Slow
62,1.3,54.0,230,https://raw.githubusercontent.com/PokeAPI/sprites/master/sprites/pokemon/other/official-artwork/62.png,https://raw.githubusercontent.com/PokeAPI/sprites/master/sprites/pokemon/other/showdown/62.gif,45,70,4,Tadpole Pokémon,Poliwrath is skilled at both swimming and martial arts. It uses its well-trained arms to dish out powerful punches.,Blue,Humanoid,Waters Edge,Water1,,Medium Slow
63,0.9,19.5,62,https://raw.githubusercontent.com/PokeAPI/sprites/master/sprites/pokemon/other/official-artwork/63.png,https://raw.githubusercontent.com/PokeAPI/sprites/master/sprites/pokemon/other/showdown/63.gif,200,70,2,Psi Pokémon,"Spends 18 hours of the day sleeping. Even while asleep, Abra can control its psychic powers—should danger approach, the Pokémon will simply teleport away.",Brown,Upright,Urban,Humanshape,,Medium Slow
64,1.3,56.5,140,https://raw.githubusercontent.com/PokeAPI/sprites/master/sprites/pokemon/other/official-artwork/64.png,https://raw.githubusercontent.com/PokeAPI/sprites/master/sprites/pokemon/other/showdown/64.gif,100,70,2,Psi Pokémon,"There are rumors that a child with mystical powers became a Kadabra; however, this remains unverified. I suspect that the spoon Kadabra holds enhances its brain waves.",Brown,Upright,Urban,Humanshape,,Medium Slow
65,1.5,48.0,225,https://raw.githubusercontent.com/PokeAPI/sprites/master/sprites/pokemon/other/official-artwork/65.png,https://raw.githubusercontent.com/PokeAPI/sprites/master/sprites/pokemon/other/showdown/65.gif,50,70,2,Psi Pokémon,"The longer Alakazam lives, the larger and heavier its head becomes. Our tests have shown that the strength of its psychic powers correlates positively to the weight of its head.",Brown,Humanoid,Urban,Humanshape,,Medium Slow
66,0.8,19.5,61,https://raw.githubusercontent.com/PokeAPI/sprites/master/sprites/pokemon/other/official-artwork/66.png,https://raw.githubusercontent.com/PokeAPI/sprites/master/sprites/pokemon/other/showdown/66.gif,180,70,2,Superpower Pokémon,"Though as small as a child, it has strength enough to easily throw a well-built adult. Striving to become ever stronger, Machop trains by carrying a Graveler on its shoulders.",Gray,Upright,Mountain,Humanshape,,Medium Slow
67,1.5,70.5,142,https://raw.githubusercontent.com/PokeAPI/sprites/master/sprites/pokemon/other/official-artwork/67.png,https://raw.githubusercontent.com/PokeAPI/sprites/master/sprites/pokemon/other/showdown/67.gif,90,70,2,Superpower Pokémon,A sturdy creature boasting a robust physique and boundless stamina. Loves training above all else and voluntarily assists with tasks such as construction and clearing land.,Gray,Humanoid,Mountain,Humanshape,,Medium Slow
68,1.6,130.0,227,https://raw.githubusercontent.com/PokeAPI/sprites/master/sprites/pokemon/other/official-artwork/68.png,https://raw.githubusercontent.com/PokeAPI/sprites/master/sprites/pokemon/other/showdown/68.gif,45,70,2,Superpower Pokémon,"In close combat, its four arms afford it offensive and defensive supremacy. In but a blink, this valiant Pokémon can overwhelm its foes with more than 1,000 blows from its fists.",Gray,Humanoid,Mountain,Humanshape,,Medium Slow
69,0.7,4.0,60,https://raw.githubusercontent.com/PokeAPI/sprites/master/sprites/pokemon/other/official-artwork/69.png,https://raw.githubusercontent.com/PokeAPI/sprites/master/sprites/pokemon/other/showdown/69.gif,255,70,4,Flower Pokémon,Prefers hot and humid places. It ensnares tiny bugs with its vines and devours them.,Green,Humanoid,Forest,Plant,,Medium Slow
70,1.0,6.4,137,https://raw.githubusercontent.com/PokeAPI/sprites/master/sprites/pokemon/other/official-artwork/70.png,https://raw.githubusercontent.com/PokeAPI/sprites/master/sprites/pokemon/other/showdown/70.gif,120,70,4,Flycatcher Pokémon,"When hungry, it swallows anything that moves. Its hapless prey is dissolved by strong acids.",Green,Blob,Forest,Plant,,Medium Slow
71,1.7,15.5,221,https://raw.githubusercontent.com/PokeAPI/sprites/master/sprites/pokemon/other/official-artwork/71.png,https://raw.githubusercontent.com/PokeAPI/sprites/master/sprites/pokemon/other/showdown/71.gif,45,70,4,Flycatcher Pokémon,"Lures prey with the sweet aroma of honey. Swallowed whole, the prey is dissolved in a day, bones and all.",Green,Blob,Forest,Plant,,Medium Slow
72,0.9,45.5,67,https://raw.githubusercontent.com/PokeAPI/sprites/master/sprites/pokemon/other/official-artwork/72.png,https://raw.githubusercontent.com/PokeAPI/sprites/master/sprites/pokemon/other/showdown/72.gif,190,70,4,Jellyfish Pokémon,"They fire beams from the glassy, magenta orbs that resemble eyes atop their heads, and they drift in shallow seas. During low tide, they can sometimes be found on beaches, desiccated.",Blue,Tentacles,Sea,Water3,,Slow
73,1.6,55.0,180,https://raw.githubusercontent.com/PokeAPI/sprites/master/sprites/pokemon/other/official-artwork/73.png,https://raw.githubusercontent.com/PokeAPI/sprites/master/sprites/pokemon/other/showdown/73.gif,60,70,4,Jellyfish Pokémon,"It has 80 tentacles, each with a venomous tip. These tentacles are also extendible, lengthening when Tentacruel attempts to catch prey. Use caution.",Blue,Tentacles,Sea,Water3,,Slow
74,0.4,20.0,60,https://raw.githubusercontent.com/PokeAPI/sprites/master/sprites/pokemon/other/official-artwork/74.png,https://raw.githubusercontent.com/PokeAPI/sprites/master/sprites/pokemon/other/showdown/74.gif,255,70,4,Rock Pokémon,"Makes its home in mountainous regions, using its arms to climb along harsh mountain roads. Can be troublesome—carelessly kicking one will cause it to fly into a rage and chase after you.",Brown,Arms,Mountain,Mineral,,Medium Slow
75,1.0,105.0,137,https://raw.githubusercontent.com/PokeAPI/sprites/master/sprites/pokemon/other/official-artwork/75.png,https://raw.githubusercontent.com/PokeAPI/sprites/master/sprites/pokemon/other/showdown/75.gif,120,70,4,Rock Pokémon,"Dwells in holes dug into sheer walls of stone. It enjoys rolling down slopes as though it were a boulder during a rockfall, so keep an eye upward while traversing mountain roads.",Brown,Humanoid,Mountain,Mineral,,Medium Slow
76,1.4,300.0,223,https://raw.githubusercontent.com/PokeAPI/sprites/master/sprites/pokemon/other/official-artwork/76.png,https://raw.githubusercontent.com/PokeAPI/sprites/master/sprites/pokemon/other/showdown/76.gif,45,70,4,Megaton Pokémon,"The rocklike shell is shed each year. The cast-off shell then crumbles, reverting to a mass of soil, which can be spread across fields to promote crop growth.",Brown,Humanoid,Mountain,Mineral,,Medium Slow
77,1.0,30.0,82,https://raw.githubusercontent.com/PokeAPI/sprites/master/sprites/pokemon/other/official-artwork/77.png,https://raw.githubusercontent.com/PokeAPI/sprites/master/sprites/pokemon/other/showdown/77.gif,190,70,4,Fire Horse Pokémon,"These Pokémon live in herds out in the grassland. Newborn foals lack their fiery manes, which will develop about an hour after birth.",Yellow,Quadruped,Grassland,Ground,,Medium
78,1.7,95.0,175,https://raw.githubusercontent.com/PokeAPI/sprites/master/sprites/pokemon/other/official-artwork/78.png,https://raw.githubusercontent.com/PokeAPI/sprites/master/sprites/pokemon/other/showdown/78.gif,60,70,4,Fire Horse Pokémon,"Fiery mane aglow, Rapidash darts like an arrow across the land. This prodigiously swift creature can traverse the vast region of Hisui in a day and a half.",Yellow,Quadruped,Grassland,Ground,,Medium
79,1.2,36.0,63,https://raw.githubusercontent.com/PokeAPI/sprites/master/sprites/pokemon/other/official-artwork/79.png,https://raw.githubusercontent.com/PokeAPI/sprites/master/sprites/pokemon/other/showdown/79.gif,190,70,4,Dopey Pokémon,"When this Pokémon’s tail is soaked in water, sweetness seeps from it. Slowpoke uses this trait to lure in and fish up other Pokémon.",Pink,Quadruped,Waters Edge,Monster,Water1,Medium
80,1.6,78.5,172,https://raw.githubusercontent.com/PokeAPI/sprites/master/sprites/pokemon/other/official-artwork/80.png,https://raw.githubusercontent.com/PokeAPI/sprites/master/sprites/pokemon/other/showdown/80.gif,75,70,4,Hermit Crab Pokémon,"Being bitten by a Shellder shocked this Pokémon into standing on two legs. If the Shellder lets go, it seems Slowbro will turn back into a Slowpoke.",Pink,Upright,Waters Edge,Monster,Water1,Medium
81,0.3,6.0,65,https://raw.githubusercontent.com/PokeAPI/sprites/master/sprites/pokemon/other/official-artwork/81.png,https://raw.githubusercontent.com/PokeAPI/sprites/master/sprites/pokemon/other/showdown/81.gif,190,70,-1,Magnet Pokémon,"A bizarre Pokémon with but a single eye embedded in an iron sphere. I suspect this creature levitates due to the magnetism it emits from its arms, which resemble horseshoe-shaped magnets.",Gray,Arms,Rough Terrain,Mineral,,Medium
82,1.0,60.0,163,https://raw.githubusercontent.com/PokeAPI/sprites/master/sprites/pokemon/other/official-artwork/82.png,https://raw.githubusercontent.com/PokeAPI/sprites/master/sprites/pokemon/other/showdown/82.gif,60,70,-1,Magnet Pokémon,"Three Magnemite gathered to evolve into this Pokémon. The source of much vexation on my part, as its powerful magnetism destroys my research equipment.",Gray,Heads,Rough Terrain,Mineral,,Medium
83,0.8,15.0,132,https://raw.githubusercontent.com/PokeAPI/sprites/master/sprites/pokemon/other/official-artwork/83.png,https://raw.githubusercontent.com/PokeAPI/sprites/master/sprites/pokemon/other/showdown/83.gif,45,70,4,Wild Duck Pokémon,"They use a plant stalk as a weapon, but not all of them use it in the same way. Several distinct styles of stalk fighting have been observed.",Brown,Wings,Grassland,Flying,Ground,Medium
84,1.4,39.2,62,https://raw.githubusercontent.com/PokeAPI/sprites/master/sprites/pokemon/other/official-artwork/84.png,https://raw.githubusercontent.com/PokeAPI/sprites/master/sprites/pokemon/other/showdown/84.gif,190,70,4,Twin Bird Pokémon,"Its short wings make flying difficult. Instead, this Pokémon runs at high speed on developed legs.",Brown,Legs,Grassland,Flying,,Medium
85,1.8,85.2,165,https://raw.githubusercontent.com/PokeAPI/sprites/master/sprites/pokemon/other/official-artwork/85.png,https://raw.githubusercontent.com/PokeAPI/sprites/master/sprites/pokemon/other/showdown/85.gif,45,70,4,Triple Bird Pokémon,One of Doduo’s two heads splits to form a unique species. It runs close to 40 mph in prairies.,Brown,Legs,Grassland,Flying,,Medium
86,1.1,90.0,65,https://raw.githubusercontent.com/PokeAPI/sprites/master/sprites/pokemon/other/official-artwork/86.png,https://raw.githubusercontent.com/PokeAPI/sprites/master/sprites/pokemon/other/showdown/86.gif,190,70,4,Sea Lion Pokémon,Loves freezing-cold conditions. Relishes swimming in a frigid climate of around 14 degrees Fahrenheit.,White,Fish,Sea,Water1,Ground,Medium
87,1.7,120.0,166,https://raw.githubusercontent.com/PokeAPI/sprites/master/sprites/pokemon/other/official-artwork/87.png,https://raw.githubusercontent.com/PokeAPI/sprites/master/sprites/pokemon/other/showdown/87.gif,75,70,4,Sea Lion Pokémon,"Its entire body is a snowy white. Unharmed by even intense cold, it swims powerfully in icy waters.",White,Fish,Sea,Water1,Ground,Medium
88,0.9,30.0,65,https://raw.githubusercontent.com/PokeAPI/sprites/master/sprites/pokemon/other/official-artwork/88.png,https://raw.githubusercontent.com/PokeAPI/sprites/master/sprites/pokemon/other/showdown/88.gif,190,70,4,Sludge Pokémon,Made of congealed sludge. It smells too putrid to touch. Even weeds won’t grow in its path.,Purple,Arms,Urban,Indeterminate,,Medium
89,1.2,30.0,175,https://raw.githubusercontent.com/PokeAPI/sprites/master/sprites/pokemon/other/official-artwork/89.png,https://raw.githubusercontent.com/PokeAPI/sprites/master/sprites/pokemon/other/showdown/89.gif,75,70,4,Sludge Pokémon,"Smells so awful, it can cause fainting. Through degeneration of its nose, it lost its sense of smell.",Purple,Arms,Urban,Indeterminate,,Medium
90,0.3,4.0,61,https://raw.githubusercontent.com/PokeAPI/sprites/master/sprites/pokemon/other/official-artwork/90.png,https://raw.githubusercontent.com/PokeAPI/sprites/master/sprites/pokemon/other/showdown/90.gif,190,70,4,Bivalve Pokémon,Its hard shell repels any kind of attack. It is vulnerable only when its shell is open.,Purple,Ball,Sea,Water3,,Slow
91,1.5,132.5,184,https://raw.githubusercontent.com/PokeAPI/sprites/master/sprites/pokemon/other/official-artwork/91.png,https://raw.githubusercontent.com/PokeAPI/sprites/master/sprites/pokemon/other/showdown/91.gif,60,70,4,Bivalve Pokémon,"Once it slams its shell shut, it is impossible to open, even by those with superior strength.",Purple,Ball,Sea,Water3,,Slow
92,1.3,0.1,62,https://raw.githubusercontent.com/PokeAPI/sprites/master/sprites/pokemon/other/official-artwork/92.png,https://raw.githubusercontent.com/PokeAPI/sprites/master/sprites/pokemon/other/showdown/92.gif,190,70,4,Gas Pokémon,Gaseous and completely impalpable. Also highly dangerous— inhaling part of its poisonous body will cause one to faint instantly.,Purple,Ball,Cave,Indeterminate,,Medium Slow
93,1.6,0.1,142,https://raw.githubusercontent.com/PokeAPI/sprites/master/sprites/pokemon/other/official-artwork/93.png,https://raw.githubusercontent.com/PokeAPI/sprites/master/sprites/pokemon/other/showdown/93.gif,90,70,4,Gas Pokémon,"This frightful, malevolent spirit can glide through walls, appearing wherever it likes. According to rumor, victims of a Haunter's lick will wither to death day by day.",Purple,Arms,Cave,Indeterminate,,Medium Slow
94,1.5,40.5,225,https://raw.githubusercontent.com/PokeAPI/sprites/master/sprites/pokemon/other/official-artwork/94.png,https://raw.githubusercontent.com/PokeAPI/sprites/master/sprites/pokemon/other/showdown/94.gif,45,70,4,Shadow Pokémon,"Possesses potential victims' shadows in an effort to steal away the victims' lives. If your shadow begins to laugh, you must take hold of a protective charm posthaste!",Purple,Upright,Cave,Indeterminate,,Medium Slow
95,8.8,210.0,77,https://raw.githubusercontent.com/PokeAPI/sprites/master/sprites/pokemon/other/official-artwork/95.png,https://raw.githubusercontent.com/PokeAPI/sprites/master/sprites/pokemon/other/showdown/95.gif,45,70,4,Rock Snake Pokémon,"This chain of immense stones resembles a giant serpent. Tremors shake the earth above as it burrows deep beneath the ground, feeding on boulders as it goes.",Gray,Squiggle,Cave,Mineral,,Medium
96,1.0,32.4,66,https://raw.githubusercontent.com/PokeAPI/sprites/master/sprites/pokemon/other/official-artwork/96.png,https://raw.githubusercontent.com/PokeAPI/sprites/master/sprites/pokemon/other/showdown/96.gif,190,70,4,Hypnosis Pokémon,"If you sleep by it all the time, it will sometimes show you dreams it had eaten in the past.",Yellow,Humanoid,Grassland,Humanshape,,Medium
97,1.6,75.6,169,https://raw.githubusercontent.com/PokeAPI/sprites/master/sprites/pokemon/other/official-artwork/97.png,https://raw.githubusercontent.com/PokeAPI/sprites/master/sprites/pokemon/other/showdown/97.gif,75,70,4,Hypnosis Pokémon,Avoid eye contact if you come across one. It will try to put you to sleep by using its pendulum.,Yellow,Humanoid,Grassland,Humanshape,,Medium
98,0.4,6.5,65,https://raw.githubusercontent.com/PokeAPI/sprites/master/sprites/pokemon/other/official-artwork/98.png,https://raw.githubusercontent.com/PokeAPI/sprites/master/sprites/pokemon/other/showdown/98.gif,225,70,4,River Crab Pokémon,"If it senses danger approaching, it cloaks itself with bubbles from its mouth so it will look bigger.",Red,Armor,Waters Edge,Water3,,Medium
99,1.3,60.0,166,https://raw.githubusercontent.com/PokeAPI/sprites/master/sprites/pokemon/other/official-artwork/99.png,https://raw.githubusercontent.com/PokeAPI/sprites/master/sprites/pokemon/other/showdown/99.gif,60,70,4,Pincer Pokémon,"Its oversized claw is very powerful, but when it’s not in battle, the claw just gets in the way.",Red,Armor,Waters Edge,Water3,,Medium
100,0.5,10.4,66,https://raw.githubusercontent.com/PokeAPI/sprites/master/sprites/pokemon/other/official-artwork/100.png,https://raw.githubusercontent.com/PokeAPI/sprites/master/sprites/pokemon/other/showdown/100.gif,190,70,-1,Ball Pokémon,"An enigmatic Pokémon that happens to bear a resemblance to a Poké Ball. When excited, it discharges the electric current it has stored in its belly, then lets out a great, uproarious laugh.",Red,Ball,Urban,Mineral,,Medium
101,1.2,66.6,172,https://raw.githubusercontent.com/PokeAPI/sprites/master/sprites/pokemon/other/official-artwork/101.png,https://raw.githubusercontent.com/PokeAPI/sprites/master/sprites/pokemon/other/showdown/101.gif,60,70,-1,Ball Pokémon,"The tissue on the surface of its body is curiously similar in composition to an Apricorn. When irritated, this Pokémon lets loose an electric current equal to 20 lightning bolts.",Red,Ball,Urban,Mineral,,Medium
102,0.4,2.5,65,https://raw.githubusercontent.com/PokeAPI/sprites/master/sprites/pokemon/other/official-artwork/102.png,https://raw.githubusercontent.com/PokeAPI/sprites/master/sprites/pokemon/other/showdown/102.gif,90,70,4,Egg Pokémon,"These Pokémon get nervous when they’re not in a group of six. The minute even one member of the group goes missing, Exeggcute become cowardly.",Pink,Heads,Forest,Plant,,Slow
103,2.0,120.0,186,https://raw.githubusercontent.com/PokeAPI/sprites/master/sprites/pokemon/other/official-artwork/103.png,https://raw.githubusercontent.com/PokeAPI/sprites/master/sprites/pokemon/other/showdown/103.gif,45,70,4,Coconut Pokémon,"When they work together, Exeggutor’s three heads can put out powerful psychic energy. Cloudy days make this Pokémon sluggish.",Yellow,Legs,Forest,Plant,,Slow
104,0.4,6.5,64,https://raw.githubusercontent.com/PokeAPI/sprites/master/sprites/pokemon/other/official-artwork/104.png,https://raw.githubusercontent.com/PokeAPI/sprites/master/sprites/pokemon/other/showdown/104.gif,190,70,4,Lonely Pokémon,"This Pokémon wears the skull of its deceased mother. Sometimes Cubone’s dreams make it cry, but each tear Cubone sheds makes it stronger.",Brown,Upright,Mountain,Monster,,Medium
105,1.0,45.0,149,https://raw.githubusercontent.com/PokeAPI/sprites/master/sprites/pokemon/other/official-artwork/105.png,https://raw.githubusercontent.com/PokeAPI/sprites/master/sprites/pokemon/other/showdown/105.gif,75,70,4,Bone Keeper Pokémon,"When this Pokémon evolved, the skull of its mother fused to it. Marowak’s temperament also turned vicious at the same time.",Brown,Upright,Mountain,Monster,,Medium
106,1.5,49.8,159,https://raw.githubusercontent.com/PokeAPI/sprites/master/sprites/pokemon/other/official-artwork/106.png,https://raw.githubusercontent.com/PokeAPI/sprites/master/sprites/pokemon/other/showdown/106.gif,45,70,0,Kicking Pokémon,The legs freely contract and stretch. The stretchy legs allow it to hit a distant foe with a rising kick.,Brown,Humanoid,Urban,Humanshape,,Medium
107,1.4,50.2,159,https://raw.githubusercontent.com/PokeAPI/sprites/master/sprites/pokemon/other/official-artwork/107.png,https://raw.githubusercontent.com/PokeAPI/sprites/master/sprites/pokemon/other/showdown/107.gif,45,70,0,Punching Pokémon,"Its punches slice the air. However, it seems to need a short break after fighting for three minutes.",Brown,Humanoid,Urban,Humanshape,,Medium
108,1.2,65.5,77,https://raw.githubusercontent.com/PokeAPI/sprites/master/sprites/pokemon/other/official-artwork/108.png,https://raw.githubusercontent.com/PokeAPI/sprites/master/sprites/pokemon/other/showdown/108.gif,45,70,4,Licking Pokémon,"Wields its long tongue deftly, as though it were an arm. The Pokémon's viscous saliva, once it has been collected and boiled down, yields a strong and highly useful adhesive.",Pink,Upright,Grassland,Monster,,Medium
109,0.6,1.0,68,https://raw.githubusercontent.com/PokeAPI/sprites/master/sprites/pokemon/other/official-artwork/109.png,https://raw.githubusercontent.com/PokeAPI/sprites/master/sprites/pokemon/other/showdown/109.gif,190,70,4,Poison Gas Pokémon,It adores polluted air. Some claim that Koffing used to be more plentiful in the Galar region than they are now.,Purple,Ball,Urban,Indeterminate,,Medium
110,1.2,9.5,172,https://raw.githubusercontent.com/PokeAPI/sprites/master/sprites/pokemon/other/official-artwork/110.png,https://raw.githubusercontent.com/PokeAPI/sprites/master/sprites/pokemon/other/showdown/110.gif,60,70,4,Poison Gas Pokémon,"It can’t suck in air quite as well as a Galarian Weezing, but the toxins it creates are more potent than those of its counterpart.",Purple,Heads,Urban,Indeterminate,,Medium
111,1.0,115.0,69,https://raw.githubusercontent.com/PokeAPI/sprites/master/sprites/pokemon/other/official-artwork/111.png,https://raw.githubusercontent.com/PokeAPI/sprites/master/sprites/pokemon/other/showdown/111.gif,120,70,4,Spikes Pokémon,"Ludicrously strong—when it butts heads with a mountain, it is the mountain that shatters. But its short legs struggle with turns, and it is incapable of stopping unless it collides with something.",Gray,Quadruped,Rough Terrain,Monster,Ground,Slow
112,1.9,120.0,170,https://raw.githubusercontent.com/PokeAPI/sprites/master/sprites/pokemon/other/official-artwork/112.png,https://raw.githubusercontent.com/PokeAPI/sprites/master/sprites/pokemon/other/showdown/112.gif,60,70,4,Drill Pokémon,"Rapidly rotates its horn to bore through bedrock. It swaggers around volcanic regions, protected from the lava's heat by its tough, armorlike hide.",Gray,Upright,Rough Terrain,Monster,Ground,Slow
113,1.1,34.6,395,https://raw.githubusercontent.com/PokeAPI/sprites/master/sprites/pokemon/other/official-artwork/113.png,https://raw.githubusercontent.com/PokeAPI/sprites/master/sprites/pokemon/other/showdown/113.gif,30,140,8,Egg Pokémon,This purehearted Pokémon shares its eggs with the injured.,Pink,Upright,Urban,Fairy,,Fast
114,1.0,35.0,87,https://raw.githubusercontent.com/PokeAPI/sprites/master/sprites/pokemon/other/official-artwork/114.png,https://raw.githubusercontent.com/PokeAPI/sprites/master/sprites/pokemon/other/showdown/114.gif,45,70,4,Vine Pokémon,"It is cloaked entirely in blue vines, preventing any glimpse of its true identity. The vines impart a refreshing sensation when chewed—they're useful as a spice.",Blue,Legs,Grassland,Plant,,Medium
115,2.2,80.0,172,https://raw.githubusercontent.com/PokeAPI/sprites/master/sprites/pokemon/other/official-artwork/115.png,https://raw.githubusercontent.com/PokeAPI/sprites/master/sprites/pokemon/other/showdown/115.gif,45,70,8,Parent Pokémon,There are records of a lost human child being raised by a childless Kangaskhan.,Brown,Upright,Grassland,Monster,,Medium
116,0.4,8.0,59,https://raw.githubusercontent.com/PokeAPI/sprites/master/sprites/pokemon/other/official-artwork/116.png,https://raw.githubusercontent.com/PokeAPI/sprites/master/sprites/pokemon/other/showdown/116.gif,225,70,4,Dragon Pokémon,They swim with dance-like motions and cause whirlpools to form. Horsea compete to see which of them can generate the biggest whirlpool.,Blue,Blob,Sea,Water1,Dragon,Medium
117,1.2,25.0,154,https://raw.githubusercontent.com/PokeAPI/sprites/master/sprites/pokemon/other/official-artwork/117.png,https://raw.githubusercontent.com/PokeAPI/sprites/master/sprites/pokemon/other/showdown/117.gif,75,70,4,Dragon Pokémon,"Seadra’s mouth is slender, but its suction power is strong. In an instant, Seadra can suck in food that’s larger than the opening of its mouth.",Blue,Blob,Sea,Water1,Dragon,Medium
118,0.6,15.0,64,https://raw.githubusercontent.com/PokeAPI/sprites/master/sprites/pokemon/other/official-artwork/118.png,https://raw.githubusercontent.com/PokeAPI/sprites/master/sprites/pokemon/other/showdown/118.gif,225,70,4,Goldfish Pokémon,Its dorsal and pectoral fins are strongly developed like muscles. It can swim at a speed of five knots.,Red,Fish,Waters Edge,Water2,,Medium
119,1.3,39.0,158,https://raw.githubusercontent.com/PokeAPI/sprites/master/sprites/pokemon/other/official-artwork/119.png,https://raw.githubusercontent.com/PokeAPI/sprites/master/sprites/pokemon/other/showdown/119.gif,60,70,4,Goldfish Pokémon,"Using its horn, it bores holes in riverbed boulders, making nests to prevent its eggs from washing away.",Red,Fish,Waters Edge,Water2,,Medium
120,0.8,34.5,68,https://raw.githubusercontent.com/PokeAPI/sprites/master/sprites/pokemon/other/official-artwork/120.png,https://raw.githubusercontent.com/PokeAPI/sprites/master/sprites/pokemon/other/showdown/120.gif,225,70,-1,Star Shape Pokémon,"Fish Pokémon nibble at it, but Staryu isn’t bothered. Its body regenerates quickly, even if part of it is completely torn off.",Brown,Blob,Sea,Water3,,Slow
121,1.1,80.0,182,https://raw.githubusercontent.com/PokeAPI/sprites/master/sprites/pokemon/other/official-artwork/121.png,https://raw.githubusercontent.com/PokeAPI/sprites/master/sprites/pokemon/other/showdown/121.gif,60,70,-1,Mysterious Pokémon,"Starmie swims by spinning its body at high speed. As this Pokémon cruises through the ocean, it absorbs tiny plankton.",Purple,Blob,Sea,Water3,,Slow
122,1.3,54.5,161,https://raw.githubusercontent.com/PokeAPI/sprites/master/sprites/pokemon/other/official-artwork/122.png,https://raw.githubusercontent.com/PokeAPI/sprites/master/sprites/pokemon/other/showdown/122.gif,45,70,4,Barrier Pokémon,The behavior of this clown-like Pokémon reminds one of pantomime. It creates invisible walls using a force emitted from its fingertips.,Pink,Humanoid,Urban,Humanshape,,Medium
123,1.5,56.0,100,https://raw.githubusercontent.com/PokeAPI/sprites/master/sprites/pokemon/other/official-artwork/123.png,https://raw.githubusercontent.com/PokeAPI/sprites/master/sprites/pokemon/other/showdown/123.gif,45,70,4,Mantis Pokémon,"The large, wickedly sharp scythes on its forearms are truly fearsome weapons. Prey's attempts to flee are unfailingly thwarted by this Pokémon's nimble motions.",Green,Bug Wings,Grassland,Bug,,Medium
124,1.4,40.6,159,https://raw.githubusercontent.com/PokeAPI/sprites/master/sprites/pokemon/other/official-artwork/124.png,https://raw.githubusercontent.com/PokeAPI/sprites/master/sprites/pokemon/other/showdown/124.gif,45,70,8,Human Shape Pokémon,The Jynx of Galar often have beautiful and delicate voices. Some of these Pokémon have even gathered a fan base.,Red,Humanoid,Urban,Humanshape,,Medium
125,1.1,30.0,172,https://raw.githubusercontent.com/PokeAPI/sprites/master/sprites/pokemon/other/official-artwork/125.png,https://raw.githubusercontent.com/PokeAPI/sprites/master/sprites/pokemon/other/showdown/125.gif,45,70,2,Electric Pokémon,"Feeds on electrical energy. During sudden showers beneath looming thunderclouds, one can observe Electabuzz scaling tall trees, where the Pokémon will then wait for lightning to strike.",Yellow,Upright,Grassland,Humanshape,,Medium
126,1.3,44.5,173,https://raw.githubusercontent.com/PokeAPI/sprites/master/sprites/pokemon/other/official-artwork/126.png,https://raw.githubusercontent.com/PokeAPI/sprites/master/sprites/pokemon/other/showdown/126.gif,45,70,2,Spitfire Pokémon,"Legend has it that this Pokémon was born from the crater of a volcano. When wounded, it bathes in lava to heal its body, much as one would soak in a hot spring.",Red,Upright,Mountain,Humanshape,,Medium
127,1.5,55.0,175,https://raw.githubusercontent.com/PokeAPI/sprites/master/sprites/pokemon/other/official-artwork/127.png,https://raw.githubusercontent.com/PokeAPI/sprites/master/sprites/pokemon/other/showdown/127.gif,45,70,4,Stag Beetle Pokémon,This Pokémon clamps its pincers down on its prey and then either splits the prey in half or flings it away.,Brown,Humanoid,Forest,Bug,,Slow
128,1.4,88.4,172,https://raw.githubusercontent.com/PokeAPI/sprites/master/sprites/pokemon/other/official-artwork/128.png,https://raw.githubusercontent.com/PokeAPI/sprites/master/sprites/pokemon/other/showdown/128.gif,45,70,0,Wild Bull Pokémon,"The Tauros of the Galar region are volatile in nature, and they won’t allow people to ride on their backs.",Brown,Quadruped,Grassland,Ground,,Slow
129,0.9,10.0,40,https://raw.githubusercontent.com/PokeAPI/sprites/master/sprites/pokemon/other/official-artwork/129.png,https://raw.githubusercontent.com/PokeAPI/sprites/master/sprites/pokemon/other/showdown/129.gif,255,70,4,Fish Pokémon,"A feeble, pitiful imbecile of a Pokémon that is nonetheless very hardy. Unperturbed by turbid water, it can be found living in all sorts of places.",Red,Fish,Waters Edge,Water2,Dragon,Slow
130,6.5,235.0,189,https://raw.githubusercontent.com/PokeAPI/sprites/master/sprites/pokemon/other/official-artwork/130.png,https://raw.githubusercontent.com/PokeAPI/sprites/master/sprites/pokemon/other/showdown/130.gif,45,70,4,Atrocious Pokémon,"I suspect this Pokémon to be the true identity of a dragon written of in ancient texts, which claimed that it razed an entire village with white-hot beams from its maw.",Blue,Squiggle,Waters Edge,Water2,Dragon,Slow
131,2.5,220.0,187,https://raw.githubusercontent.com/PokeAPI/sprites/master/sprites/pokemon/other/official-artwork/131.png,https://raw.githubusercontent.com/PokeAPI/sprites/master/sprites/pokemon/other/showdown/131.gif,45,70,4,Transport Pokémon,Crossing icy seas is no issue for this cold-resistant Pokémon. Its smooth skin is a little cool to the touch.,Blue,Fish,Sea,Monster,Water1,Slow
132,0.3,4.0,101,https://raw.githubusercontent.com/PokeAPI/sprites/master/sprites/pokemon/other/official-artwork/132.png,https://raw.githubusercontent.com/PokeAPI/sprites/master/sprites/pokemon/other/showdown/132.gif,35,70,-1,Transform Pokémon,"When it encounters another Ditto, it will move faster than normal to duplicate that opponent exactly.",Purple,Ball,Urban,Ditto,,Medium
133,0.3,6.5,65,https://raw.githubusercontent.com/PokeAPI/sprites/master/sprites/pokemon/other/official-artwork/133.png,https://raw.githubusercontent.com/PokeAPI/sprites/master/sprites/pokemon/other/showdown/133.gif,45,70,1,Evolution Pokémon,Harbors the potential to evolve into manifold forms. Within Eevee lies the key to the mysteries of Pokémon evolution—I'm certain of it.,Brown,Quadruped,Urban,Ground,,Medium
134,1.0,29.0,184,https://raw.githubusercontent.com/PokeAPI/sprites/master/sprites/pokemon/other/official-artwork/134.png,https://raw.githubusercontent.com/PokeAPI/sprites/master/sprites/pokemon/other/showdown/134.gif,45,70,1,Bubble Jet Pokémon,"Tests show that its cells closely resemble water molecules, which perhaps explains its ability to conceal its form while submerged. I believe the origins of mermaid folklore lie with this Pokémon.",Blue,Quadruped,Urban,Ground,,Medium
135,0.8,24.5,184,https://raw.githubusercontent.com/PokeAPI/sprites/master/sprites/pokemon/other/official-artwork/135.png,https://raw.githubusercontent.com/PokeAPI/sprites/master/sprites/pokemon/other/showdown/135.gif,45,70,1,Lightning Pokémon,"Bristles its fur into sharp, needlelike points when enraged. One can hear electricity crackle in its breath when it exhales.",Yellow,Quadruped,Urban,Ground,,Medium
136,0.9,25.0,184,https://raw.githubusercontent.com/PokeAPI/sprites/master/sprites/pokemon/other/official-artwork/136.png,https://raw.githubusercontent.com/PokeAPI/sprites/master/sprites/pokemon/other/showdown/136.gif,45,70,1,Flame Pokémon,"Flames burn within a saclike organ inside this Pokémon. When Flareon inhales, these flames grow in intensity, reaching a mighty 3,000 degrees Fahrenheit.",Red,Quadruped,Urban,Ground,,Medium
137,0.8,36.5,79,https://raw.githubusercontent.com/PokeAPI/sprites/master/sprites/pokemon/other/official-artwork/137.png,https://raw.githubusercontent.com/PokeAPI/sprites/master/sprites/pokemon/other/showdown/137.gif,45,70,-1,Virtual Pokémon,"It has no discernible heartbeat and does not seem to draw breath, and yet it appears to function without issue. I cannot even begin to explain this utterly bizarre anomaly.",Pink,Legs,Urban,Mineral,,Medium
138,0.4,7.5,71,https://raw.githubusercontent.com/PokeAPI/sprites/master/sprites/pokemon/other/official-artwork/138.png,https://raw.githubusercontent.com/PokeAPI/sprites/master/sprites/pokemon/other/showdown/138.gif,45,70,1,Spiral Pokémon,"This Pokémon is a member of an ancient, extinct species. Omanyte paddles through water with its 10 tentacles, looking like it’s just drifting along.",Blue,Tentacles,Sea,Water1,Water3,Medium
139,1.0,35.0,173,https://raw.githubusercontent.com/PokeAPI/sprites/master/sprites/pokemon/other/official-artwork/139.png,https://raw.githubusercontent.com/PokeAPI/sprites/master/sprites/pokemon/other/showdown/139.gif,45,70,1,Spiral Pokémon,"Omastar’s sharp fangs could crush rock, but the Pokémon can attack only the prey that come within reach of its tentacles.",Blue,Tentacles,Sea,Water1,Water3,Medium
140,0.5,11.5,71,https://raw.githubusercontent.com/PokeAPI/sprites/master/sprites/pokemon/other/official-artwork/140.png,https://raw.githubusercontent.com/PokeAPI/sprites/master/sprites/pokemon/other/showdown/140.gif,45,70,1,Shellfish Pokémon,"While some say this species has gone extinct, Kabuto sightings are apparently fairly common in some places.",Brown,Armor,Sea,Water1,Water3,Medium
141,1.3,40.5,173,https://raw.githubusercontent.com/PokeAPI/sprites/master/sprites/pokemon/other/official-artwork/141.png,https://raw.githubusercontent.com/PokeAPI/sprites/master/sprites/pokemon/other/showdown/141.gif,45,70,1,Shellfish Pokémon,The cause behind the extinction of this species is unknown. Kabutops were aggressive Pokémon that inhabited warm seas.,Brown,Upright,Sea,Water1,Water3,Medium
142,1.8,59.0,180,https://raw.githubusercontent.com/PokeAPI/sprites/master/sprites/pokemon/other/official-artwork/142.png,https://raw.githubusercontent.com/PokeAPI/sprites/master/sprites/pokemon/other/showdown/142.gif,45,70,1,Fossil Pokémon,Aerodactyl’s sawlike fangs can shred skin to tatters—even the skin of Steel-type Pokémon.,Purple,Wings,Mountain,Flying,,Slow
143,2.1,460.0,189,https://raw.githubusercontent.com/PokeAPI/sprites/master/sprites/pokemon/other/official-artwork/143.png,https://raw.githubusercontent.com/PokeAPI/sprites/master/sprites/pokemon/other/showdown/143.gif,25,70,1,Sleeping Pokémon,This glutton appears in villages without warning and devours the entirety of their rice granaries—such occurrences have long been counted among the gravest of disasters.,Black,Humanoid,Mountain,Monster,,Slow
144,1.7,55.4,261,https://raw.githubusercontent.com/PokeAPI/sprites/master/sprites/pokemon/other/official-artwork/144.png,https://raw.githubusercontent.com/PokeAPI/sprites/master/sprites/pokemon/other/showdown/144.gif,3,35,-1,Freeze Pokémon,This Pokémon can control ice at will. Articuno is said to live in snowy mountains riddled with permafrost.,Blue,Wings,Rare,No Eggs,,Slow
145,1.6,52.6,261,https://raw.githubusercontent.com/PokeAPI/sprites/master/sprites/pokemon/other/official-artwork/145.png,https://raw.githubusercontent.com/PokeAPI/sprites/master/sprites/pokemon/other/showdown/145.gif,3,35,-1,Electric Pokémon,"Zapdos is a legendary bird Pokémon. It’s said that when Zapdos rubs its feathers together, lightning will fall immediately after.",Yellow,Wings,Rare,No Eggs,,Slow
146,2.0,60.0,261,https://raw.githubusercontent.com/PokeAPI/sprites/master/sprites/pokemon/other/official-artwork/146.png,https://raw.githubusercontent.com/PokeAPI/sprites/master/sprites/pokemon/other/showdown/146.gif,3,35,-1,Flame Pokémon,"There are stories of this Pokémon using its radiant, flame-cloaked wings to light up paths for those lost in the mountains.",Yellow,Wings,Rare,No Eggs,,Slow
147,1.8,3.3,60,https://raw.githubusercontent.com/PokeAPI/sprites/master/sprites/pokemon/other/official-artwork/147.png,https://raw.githubusercontent.com/PokeAPI/sprites/master/sprites/pokemon/other/showdown/147.gif,45,35,4,Dragon Pokémon,This Pokémon was long considered to be no more than a myth. The small lump on a Dratini’s forehead is actually a horn that’s still coming in.,Blue,Squiggle,Waters Edge,Water1,Dragon,Slow
148,4.0,16.5,147,https://raw.githubusercontent.com/PokeAPI/sprites/master/sprites/pokemon/other/official-artwork/148.png,https://raw.githubusercontent.com/PokeAPI/sprites/master/sprites/pokemon/other/showdown/148.gif,45,35,4,Dragon Pokémon,"This Pokémon gathers power in the orbs on its tail and controls the weather. When enshrouded by an aura, Dragonair has a mystical appearance.",Blue,Squiggle,Waters Edge,Water1,Dragon,Slow
149,2.2,210.0,270,https://raw.githubusercontent.com/PokeAPI/sprites/master/sprites/pokemon/other/official-artwork/149.png,https://raw.githubusercontent.com/PokeAPI/sprites/master/sprites/pokemon/other/showdown/149.gif,45,35,4,Dragon Pokémon,This Pokémon is known as the Sea Incarnate. Figureheads that resemble Dragonite decorate the bows of many ships.,Brown,Upright,Waters Edge,Water1,Dragon,Slow
150,2.0,122.0,306,https://raw.githubusercontent.com/PokeAPI/sprites/master/sprites/pokemon/other/official-artwork/150.png,https://raw.githubusercontent.com/PokeAPI/sprites/master/sprites/pokemon/other/showdown/150.gif,3,0,-1,Genetic Pokémon,"Its DNA is almost the same as Mew’s. However, its size and disposition are vastly different.",Purple,Upright,Rare,No Eggs,,Slow
151,0.4,4.0,270,https://raw.githubusercontent.com/PokeAPI/sprites/master/sprites/pokemon/other/official-artwork/151.png,https://raw.githubusercontent.com/PokeAPI/sprites/master/sprites/pokemon/other/showdown/151.gif,45,100,-1,New Species Pokémon,"When viewed through a microscope, this Pokémon’s short, fine, delicate hair can be seen.",Pink,Upright,Rare,No Eggs,,Medium Slow
152,0.9,6.4,64,https://raw.githubusercontent.com/PokeAPI/sprites/master/sprites/pokemon/other/official-artwork/152.png,https://raw.githubusercontent.com/PokeAPI/sprites/master/sprites/pokemon/other/showdown/152.gif,45,70,1,Leaf Pokémon,"In battle, Chikorita waves its leaf around to keep the foe at bay. However, a sweet fragrance also wafts from the leaf, becalming the battling Pokémon and creating a cozy, friendly atmosphere all around.",Green,Quadruped,Grassland,Monster,Plant,Medium Slow
153,1.2,15.8,142,https://raw.githubusercontent.com/PokeAPI/sprites/master/sprites/pokemon/other/official-artwork/153.png,https://raw.githubusercontent.com/PokeAPI/sprites/master/sprites/pokemon/other/showdown/153.gif,45,70,1,Leaf Pokémon,Bayleef’s neck is ringed by curled-up leaves. Inside each tubular leaf is a small shoot of a tree. The fragrance of this shoot makes people peppy.,Green,Quadruped,Grassland,Monster,Plant,Medium Slow
154,1.8,100.5,236,https://raw.githubusercontent.com/PokeAPI/sprites/master/sprites/pokemon/other/official-artwork/154.png,https://raw.githubusercontent.com/PokeAPI/sprites/master/sprites/pokemon/other/showdown/154.gif,45,70,1,Herb Pokémon,"The fragrance of Meganium’s flower soothes and calms emotions. In battle, this Pokémon gives off more of its becalming scent to blunt the foe’s fighting spirit.",Green,Quadruped,Grassland,Monster,Plant,Medium Slow
155,0.5,7.9,62,https://raw.githubusercontent.com/PokeAPI/sprites/master/sprites/pokemon/other/official-artwork/155.png,https://raw.githubusercontent.com/PokeAPI/sprites/master/sprites/pokemon/other/showdown/155.gif,45,70,1,Fire Mouse Pokémon,"Hails from the Johto region. Though usually curled into a ball due to its timid disposition, it harbors tremendous firepower.",Yellow,Humanoid,Grassland,Ground,,Medium Slow
156,0.9,19.0,142,https://raw.githubusercontent.com/PokeAPI/sprites/master/sprites/pokemon/other/official-artwork/156.png,https://raw.githubusercontent.com/PokeAPI/sprites/master/sprites/pokemon/other/showdown/156.gif,45,70,1,Volcano Pokémon,"This creature's fur is most mysterious—it is wholly impervious to the burning touch of flame. Should Quilava turn its back to you, take heed! Such a posture indicates a forthcoming attack.",Yellow,Quadruped,Grassland,Ground,,Medium Slow
157,1.7,79.5,240,https://raw.githubusercontent.com/PokeAPI/sprites/master/sprites/pokemon/other/official-artwork/157.png,https://raw.githubusercontent.com/PokeAPI/sprites/master/sprites/pokemon/other/showdown/157.gif,45,70,1,Volcano Pokémon,"Said to purify lost, forsaken souls with its flames and guide them to the afterlife. I believe its form has been influenced by the energy of the sacred mountain towering at Hisui's center.",Yellow,Quadruped,Grassland,Ground,,Medium Slow
158,0.6,9.5,63,https://raw.githubusercontent.com/PokeAPI/sprites/master/sprites/pokemon/other/official-artwork/158.png,https://raw.githubusercontent.com/PokeAPI/sprites/master/sprites/pokemon/other/showdown/158.gif,45,70,1,Big Jaw Pokémon,"Despite the smallness of its body, Totodile’s jaws are very powerful. While the Pokémon may think it is just playfully nipping, its bite has enough power to cause serious injury.",Blue,Upright,Waters Edge,Monster,Water1,Medium Slow
159,1.1,25.0,142,https://raw.githubusercontent.com/PokeAPI/sprites/master/sprites/pokemon/other/official-artwork/159.png,https://raw.githubusercontent.com/PokeAPI/sprites/master/sprites/pokemon/other/showdown/159.gif,45,70,1,Big Jaw Pokémon,"Once Croconaw has clamped its jaws on its foe, it will absolutely not let go. Because the tips of its fangs are forked back like barbed fishhooks, they become impossible to remove when they have sunk in.",Blue,Upright,Waters Edge,Monster,Water1,Medium Slow
160,2.3,88.8,239,https://raw.githubusercontent.com/PokeAPI/sprites/master/sprites/pokemon/other/official-artwork/160.png,https://raw.githubusercontent.com/PokeAPI/sprites/master/sprites/pokemon/other/showdown/160.gif,45,70,1,Big Jaw Pokémon,"Feraligatr intimidates its foes by opening its huge mouth. In battle, it will kick the ground hard with its thick and powerful hind legs to charge at the foe at an incredible speed.",Blue,Upright,Waters Edge,Monster,Water1,Medium Slow
161,0.8,6.0,43,https://raw.githubusercontent.com/PokeAPI/sprites/master/sprites/pokemon/other/official-artwork/161.png,https://raw.githubusercontent.com/PokeAPI/sprites/master/sprites/pokemon/other/showdown/161.gif,255,70,4,Scout Pokémon,"When Sentret sleeps, it does so while another stands guard. The sentry wakes the others at the first sign of danger. When this Pokémon becomes separated from its pack, it becomes incapable of sleep due to fear.",Brown,Quadruped,Grassland,Ground,,Medium
162,1.8,32.5,145,https://raw.githubusercontent.com/PokeAPI/sprites/master/sprites/pokemon/other/official-artwork/162.png,https://raw.githubusercontent.com/PokeAPI/sprites/master/sprites/pokemon/other/showdown/162.gif,90,70,4,Long Body Pokémon,"Furret has a very slim build. When under attack, it can slickly squirm through narrow spaces and get away. In spite of its short limbs, this Pokémon is very nimble and fleet.",Brown,Quadruped,Grassland,Ground,,Medium
163,0.7,21.2,52,https://raw.githubusercontent.com/PokeAPI/sprites/master/sprites/pokemon/other/official-artwork/163.png,https://raw.githubusercontent.com/PokeAPI/sprites/master/sprites/pokemon/other/showdown/163.gif,255,70,4,Owl Pokémon,It begins to hoot at the same time every day. Some Trainers use them in place of clocks.,Brown,Wings,Forest,Flying,,Medium
164,1.6,40.8,158,https://raw.githubusercontent.com/PokeAPI/sprites/master/sprites/pokemon/other/official-artwork/164.png,https://raw.githubusercontent.com/PokeAPI/sprites/master/sprites/pokemon/other/showdown/164.gif,90,70,4,Owl Pokémon,"When it needs to think, it rotates its head 180 degrees to sharpen its intellectual power.",Brown,Wings,Forest,Flying,,Medium
165,1.0,10.8,53,https://raw.githubusercontent.com/PokeAPI/sprites/master/sprites/pokemon/other/official-artwork/165.png,https://raw.githubusercontent.com/PokeAPI/sprites/master/sprites/pokemon/other/showdown/165.gif,255,70,4,Five Star Pokémon,These very cowardly Pokémon join together and use Reflect to protect their nest.,Red,Wings,Forest,Bug,,Fast
166,1.4,35.6,137,https://raw.githubusercontent.com/PokeAPI/sprites/master/sprites/pokemon/other/official-artwork/166.png,https://raw.githubusercontent.com/PokeAPI/sprites/master/sprites/pokemon/other/showdown/166.gif,90,70,4,Five Star Pokémon,"It flies through the night sky, sprinkling sparkly dust. According to some, if that dust sticks to you, good things will happen to you.",Red,Wings,Forest,Bug,,Fast
167,0.5,8.5,50,https://raw.githubusercontent.com/PokeAPI/sprites/master/sprites/pokemon/other/official-artwork/167.png,https://raw.githubusercontent.com/PokeAPI/sprites/master/sprites/pokemon/other/showdown/167.gif,255,70,4,String Spit Pokémon,"Although the poison from its fangs isn’t that strong, it’s potent enough to weaken prey that gets caught in its web.",Green,Armor,Forest,Bug,,Fast
168,1.1,33.5,140,https://raw.githubusercontent.com/PokeAPI/sprites/master/sprites/pokemon/other/official-artwork/168.png,https://raw.githubusercontent.com/PokeAPI/sprites/master/sprites/pokemon/other/showdown/168.gif,90,70,4,Long Leg Pokémon,"It spews threads from its mouth to catch its prey. When night falls, it leaves its web to go hunt aggressively.",Red,Armor,Forest,Bug,,Fast
169,1.8,75.0,241,https://raw.githubusercontent.com/PokeAPI/sprites/master/sprites/pokemon/other/official-artwork/169.png,https://raw.githubusercontent.com/PokeAPI/sprites/master/sprites/pokemon/other/showdown/169.gif,90,70,4,Bat Pokémon,Its hind limbs have become another set of wings. Crobat expertly maneuvers its four wings to dart in exquisite fashion through even the most confined caves without losing any speed.,Purple,Bug Wings,Cave,Flying,,Medium
170,0.5,12.0,66,https://raw.githubusercontent.com/PokeAPI/sprites/master/sprites/pokemon/other/official-artwork/170.png,https://raw.githubusercontent.com/PokeAPI/sprites/master/sprites/pokemon/other/showdown/170.gif,190,70,4,Angler Pokémon,"On the dark ocean floor, its only means of communication is its constantly flashing lights.",Blue,Fish,Sea,Water2,,Slow
171,1.2,22.5,161,https://raw.githubusercontent.com/PokeAPI/sprites/master/sprites/pokemon/other/official-artwork/171.png,https://raw.githubusercontent.com/PokeAPI/sprites/master/sprites/pokemon/other/showdown/171.gif,75,70,4,Light Pokémon,This Pokémon flashes a bright light that blinds its prey. This creates an opening for it to deliver an electrical attack.,Blue,Fish,Sea,Water2,,Slow
172,0.3,2.0,41,https://raw.githubusercontent.com/PokeAPI/sprites/master/sprites/pokemon/other/official-artwork/172.png,https://raw.githubusercontent.com/PokeAPI/sprites/master/sprites/pokemon/other/showdown/172.gif,190,70,4,Tiny Mouse Pokémon,"Pichu stores electricity in the sacs on its cheeks but discharges it inadvertently when agitated or excited. Being yet immature, the Pokémon's handling of electricity is rather inept.",Yellow,Quadruped,Forest,No Eggs,,Medium
173,0.3,3.0,44,https://raw.githubusercontent.com/PokeAPI/sprites/master/sprites/pokemon/other/official-artwork/173.png,https://raw.githubusercontent.com/PokeAPI/sprites/master/sprites/pokemon/other/showdown/173.gif,150,140,6,Star Shape Pokémon,"In silhouette, they resemble twinkling starlight. When shooting stars rain from the night sky, Cleffa gather in numbers and dance as though they are indeed incarnations of the stars.",Pink,Upright,Mountain,No Eggs,,Fast
174,0.3,1.0,42,https://raw.githubusercontent.com/PokeAPI/sprites/master/sprites/pokemon/other/official-artwork/174.png,https://raw.githubusercontent.com/PokeAPI/sprites/master/sprites/pokemon/other/showdown/174.gif,170,70,6,Balloon Pokémon,"Taking advantage of the softness of its body, Igglybuff moves as if bouncing. Its body turns a deep pink when its temperature rises.",Pink,Humanoid,Grassland,No Eggs,,Fast
175,0.3,1.5,49,https://raw.githubusercontent.com/PokeAPI/sprites/master/sprites/pokemon/other/official-artwork/175.png,https://raw.githubusercontent.com/PokeAPI/sprites/master/sprites/pokemon/other/showdown/175.gif,190,70,1,Spike Ball Pokémon,This ovate creature is frequently mistaken for a moving egg when encountered out in the fields or in the mountains. Its guileless smile soothes the soul.,White,Humanoid,Forest,No Eggs,,Fast
176,0.6,3.2,142,https://raw.githubusercontent.com/PokeAPI/sprites/master/sprites/pokemon/other/official-artwork/176.png,https://raw.githubusercontent.com/PokeAPI/sprites/master/sprites/pokemon/other/showdown/176.gif,75,70,1,Happiness Pokémon,"No records exist of Togetic being seen in the wilds. Rumors abound that it evolves under the loving care of a trusted human companion, upon whom the Pokémon then bestows great joy.",White,Humanoid,Forest,Flying,Fairy,Fast
177,0.2,2.0,64,https://raw.githubusercontent.com/PokeAPI/sprites/master/sprites/pokemon/other/official-artwork/177.png,https://raw.githubusercontent.com/PokeAPI/sprites/master/sprites/pokemon/other/showdown/177.gif,190,70,4,Tiny Bird Pokémon,"Because its wings aren’t yet fully grown, it has to hop to get around. It is always staring at something.",Green,Wings,Forest,Flying,,Medium
178,1.5,15.0,165,https://raw.githubusercontent.com/PokeAPI/sprites/master/sprites/pokemon/other/official-artwork/178.png,https://raw.githubusercontent.com/PokeAPI/sprites/master/sprites/pokemon/other/showdown/178.gif,75,70,4,Mystic Pokémon,This odd Pokémon can see both the past and the future. It eyes the sun’s movement all day.,Green,Wings,Forest,Flying,,Medium
179,0.6,7.8,56,https://raw.githubusercontent.com/PokeAPI/sprites/master/sprites/pokemon/other/official-artwork/179.png,https://raw.githubusercontent.com/PokeAPI/sprites/master/sprites/pokemon/other/showdown/179.gif,235,70,4,Wool Pokémon,"Rubbing its fleece generates electricity. You’ll want to pet it because it’s cute, but if you use your bare hand, you’ll get a painful shock.",White,Quadruped,Grassland,Monster,Ground,Medium Slow
180,0.8,13.3,128,https://raw.githubusercontent.com/PokeAPI/sprites/master/sprites/pokemon/other/official-artwork/180.png,https://raw.githubusercontent.com/PokeAPI/sprites/master/sprites/pokemon/other/showdown/180.gif,120,70,4,Wool Pokémon,"It stores electricity in its fluffy fleece. If it stores up too much, it will start to go bald in those patches.",Pink,Upright,Grassland,Monster,Ground,Medium Slow
181,1.4,61.5,230,https://raw.githubusercontent.com/PokeAPI/sprites/master/sprites/pokemon/other/official-artwork/181.png,https://raw.githubusercontent.com/PokeAPI/sprites/master/sprites/pokemon/other/showdown/181.gif,45,70,4,Light Pokémon,Its tail shines bright and strong. It has been prized since long ago as a beacon for sailors.,Yellow,Upright,Grassland,Monster,Ground,Medium Slow
182,0.4,5.8,221,https://raw.githubusercontent.com/PokeAPI/sprites/master/sprites/pokemon/other/official-artwork/182.png,https://raw.githubusercontent.com/PokeAPI/sprites/master/sprites/pokemon/other/showdown/182.gif,45,70,4,Flower Pokémon,Bellossom gather at times and appear to dance. They say that the dance is a ritual to summon the sun.,Green,Humanoid,Grassland,Plant,,Medium Slow
183,0.4,8.5,88,https://raw.githubusercontent.com/PokeAPI/sprites/master/sprites/pokemon/other/official-artwork/183.png,https://raw.githubusercontent.com/PokeAPI/sprites/master/sprites/pokemon/other/showdown/183.gif,190,70,4,Aqua Mouse Pokémon,"Even after Marill swims in a cold sea, its water- repellent fur dries almost as soon as Marill leaves the water. That’s why this Pokémon is never cold.",Blue,Upright,Waters Edge,Water1,Fairy,Fast
184,0.8,28.5,189,https://raw.githubusercontent.com/PokeAPI/sprites/master/sprites/pokemon/other/official-artwork/184.png,https://raw.githubusercontent.com/PokeAPI/sprites/master/sprites/pokemon/other/showdown/184.gif,75,70,4,Aqua Rabbit Pokémon,"These Pokémon create air-filled bubbles. When Azurill play in rivers, Azumarill will cover them with these bubbles.",Blue,Upright,Waters Edge,Water1,Fairy,Fast
185,1.2,38.0,144,https://raw.githubusercontent.com/PokeAPI/sprites/master/sprites/pokemon/other/official-artwork/185.png,https://raw.githubusercontent.com/PokeAPI/sprites/master/sprites/pokemon/other/showdown/185.gif,65,70,4,Imitation Pokémon,"Though it pretends to be a tree, it fails to fool even children. To the touch, its body feels more like rock than tree bark. Sudowoodo's extreme aversion to water merits special note.",Brown,Humanoid,Forest,Mineral,,Medium
186,1.1,33.9,225,https://raw.githubusercontent.com/PokeAPI/sprites/master/sprites/pokemon/other/official-artwork/186.png,https://raw.githubusercontent.com/PokeAPI/sprites/master/sprites/pokemon/other/showdown/186.gif,45,70,4,Frog Pokémon,"The cry of a male is louder than that of a female. Male Politoed with deep, menacing voices find more popularity with the opposite gender.",Green,Humanoid,Waters Edge,Water1,,Medium Slow
187,0.4,0.5,50,https://raw.githubusercontent.com/PokeAPI/sprites/master/sprites/pokemon/other/official-artwork/187.png,https://raw.githubusercontent.com/PokeAPI/sprites/master/sprites/pokemon/other/showdown/187.gif,255,70,4,Cottonweed Pokémon,"This Pokémon drifts and floats with the wind. If it senses the approach of strong winds, Hoppip links its leaves with other Hoppip to prepare against being blown away.",Pink,Upright,Grassland,Fairy,Plant,Medium Slow
188,0.6,1.0,119,https://raw.githubusercontent.com/PokeAPI/sprites/master/sprites/pokemon/other/official-artwork/188.png,https://raw.githubusercontent.com/PokeAPI/sprites/master/sprites/pokemon/other/showdown/188.gif,120,70,4,Cottonweed Pokémon,"Skiploom’s flower blossoms when the temperature rises above 64 degrees Fahrenheit. How much the flower opens depends on the temperature. For that reason, this Pokémon is sometimes used as a thermometer.",Green,Upright,Grassland,Fairy,Plant,Medium Slow
189,0.8,3.0,207,https://raw.githubusercontent.com/PokeAPI/sprites/master/sprites/pokemon/other/official-artwork/189.png,https://raw.githubusercontent.com/PokeAPI/sprites/master/sprites/pokemon/other/showdown/189.gif,45,70,4,Cottonweed Pokémon,Jumpluff rides warm southern winds to cross the sea and fly to foreign lands. The Pokémon descends to the ground when it encounters cold air while it is floating.,Blue,Upright,Grassland,Fairy,Plant,Medium Slow
190,0.8,11.5,72,https://raw.githubusercontent.com/PokeAPI/sprites/master/sprites/pokemon/other/official-artwork/190.png,https://raw.githubusercontent.com/PokeAPI/sprites/master/sprites/pokemon/other/showdown/190.gif,45,70,4,Long Tail Pokémon,This treetop dweller possesses a tail as dexterous as a hand. Ancient writings describe this Pokémon as a one-armed oddity.,Purple,Upright,Forest,Ground,,Fast
191,0.3,1.8,36,https://raw.githubusercontent.com/PokeAPI/sprites/master/sprites/pokemon/other/official-artwork/191.png,https://raw.githubusercontent.com/PokeAPI/sprites/master/sprites/pokemon/other/showdown/191.gif,235,70,4,Seed Pokémon,"Sunkern tries to move as little as it possibly can. It does so because it tries to conserve all the nutrients it has stored in its body for its evolution. It will not eat a thing, subsisting only on morning dew.",Yellow,Ball,Grassland,Plant,,Medium Slow
192,0.8,8.5,149,https://raw.githubusercontent.com/PokeAPI/sprites/master/sprites/pokemon/other/official-artwork/192.png,https://raw.githubusercontent.com/PokeAPI/sprites/master/sprites/pokemon/other/showdown/192.gif,120,70,4,Sun Pokémon,Sunflora converts solar energy into nutrition. It moves around actively in the daytime when it is warm. It stops moving as soon as the sun goes down for the night.,Yellow,Humanoid,Grassland,Plant,,Medium Slow
193,1.2,38.0,78,https://raw.githubusercontent.com/PokeAPI/sprites/master/sprites/pokemon/other/official-artwork/193.png,https://raw.githubusercontent.com/PokeAPI/sprites/master/sprites/pokemon/other/showdown/193.gif,75,70,4,Clear Wing Pokémon,"Its frail wings are so thin that one can see clear through them. However, during flight these wings exhibit the power to churn air with force enough to launch a house skyward.",Red,Bug Wings,Forest,Bug,,Medium
194,0.4,8.5,42,https://raw.githubusercontent.com/PokeAPI/sprites/master/sprites/pokemon/other/official-artwork/194.png,https://raw.githubusercontent.com/PokeAPI/sprites/master/sprites/pokemon/other/showdown/194.gif,255,70,4,Water Fish Pokémon,"When walking on land, it covers its body with a poisonous film that keeps its skin from dehydrating.",Blue,Legs,Waters Edge,Water1,Ground,Medium
195,1.4,75.0,151,https://raw.githubusercontent.com/PokeAPI/sprites/master/sprites/pokemon/other/official-artwork/195.png,https://raw.githubusercontent.com/PokeAPI/sprites/master/sprites/pokemon/other/showdown/195.gif,90,70,4,Water Fish Pokémon,Its body is always slimy. It often bangs its head on the river bottom as it swims but seems not to care.,Blue,Upright,Waters Edge,Water1,Ground,Medium
196,0.9,26.5,184,https://raw.githubusercontent.com/PokeAPI/sprites/master/sprites/pokemon/other/official-artwork/196.png,https://raw.githubusercontent.com/PokeAPI/sprites/master/sprites/pokemon/other/showdown/196.gif,45,70,1,Sun Pokémon,"Wields an arcane power with which it can predict the weather and even people's thoughts. When bathed in sunshine, the scarlet orb on its brow glows and builds energy.",Purple,Quadruped,Urban,Ground,,Medium
197,1.0,27.0,184,https://raw.githubusercontent.com/PokeAPI/sprites/master/sprites/pokemon/other/official-artwork/197.png,https://raw.githubusercontent.com/PokeAPI/sprites/master/sprites/pokemon/other/showdown/197.gif,45,35,1,Moonlight Pokémon,"It is most active in the wee hours of the night, when moonlight bathes the land. Its large eyes can pierce the darkness and perceive prey with absolute clarity.",Black,Quadruped,Urban,Ground,,Medium
198,0.5,2.1,81,https://raw.githubusercontent.com/PokeAPI/sprites/master/sprites/pokemon/other/official-artwork/198.png,https://raw.githubusercontent.com/PokeAPI/sprites/master/sprites/pokemon/other/showdown/198.gif,30,35,4,Darkness Pokémon,"Widely shunned as a bearer of ill fortune. Upon crossing paths with this creature, I've been told one must chant ”Workrum, Workrum—bad luck, don't come” as a protective incantation.",Black,Wings,Forest,Flying,,Medium Slow
199,2.0,79.5,172,https://raw.githubusercontent.com/PokeAPI/sprites/master/sprites/pokemon/other/official-artwork/199.png,https://raw.githubusercontent.com/PokeAPI/sprites/master/sprites/pokemon/other/showdown/199.gif,70,70,4,Royal Pokémon,"Slowking can solve any problem presented to it, but no one can understand a thing Slowking says.",Pink,Upright,Waters Edge,Monster,Water1,Medium
200,0.7,1.0,87,https://raw.githubusercontent.com/PokeAPI/sprites/master/sprites/pokemon/other/official-artwork/200.png,https://raw.githubusercontent.com/PokeAPI/sprites/master/sprites/pokemon/other/showdown/200.gif,45,35,4,Screech Pokémon,"It conceals itself in darkness, sending chills up travelers' spines with its childlike weeping. As it observes the frightened travelers with glee, the red orbs upon its chest let off an eerie light.",Gray,Ball,Cave,Indeterminate,,Fast
201,0.5,5.0,118,https://raw.githubusercontent.com/PokeAPI/sprites/master/sprites/pokemon/other/official-artwork/201.png,https://raw.githubusercontent.com/PokeAPI/sprites/master/sprites/pokemon/other/showdown/201.gif,225,70,-1,Symbol Pokémon,It is hard to believe these strangely shaped Pokémon are truly living creatures. I've pointed out that the species' many forms resemble writing from other lands; no one will take me seriously.,Black,Ball,Rare,No Eggs,,Medium
202,1.3,28.5,142,https://raw.githubusercontent.com/PokeAPI/sprites/master/sprites/pokemon/other/official-artwork/202.png,https://raw.githubusercontent.com/PokeAPI/sprites/master/sprites/pokemon/other/showdown/202.gif,45,70,4,Patient Pokémon,"To keep its pitch-black tail hidden, it lives quietly in the darkness. It is never first to attack.",Blue,Blob,Cave,Indeterminate,,Medium
203,1.5,41.5,159,https://raw.githubusercontent.com/PokeAPI/sprites/master/sprites/pokemon/other/official-artwork/203.png,https://raw.githubusercontent.com/PokeAPI/sprites/master/sprites/pokemon/other/showdown/203.gif,60,70,4,Long Neck Pokémon,"Girafarig’s rear head contains a tiny brain that is too small for thinking. However, the rear head doesn’t need to sleep, so it can keep watch over its surroundings 24 hours a day.",Yellow,Quadruped,Grassland,Ground,,Medium
204,0.6,7.2,58,https://raw.githubusercontent.com/PokeAPI/sprites/master/sprites/pokemon/other/official-artwork/204.png,https://raw.githubusercontent.com/PokeAPI/sprites/master/sprites/pokemon/other/showdown/204.gif,190,70,4,Bagworm Pokémon,"It sticks tree bark to itself with its saliva, making itself thicker and larger. Elderly Pineco are ridiculously huge.",Gray,Ball,Forest,Bug,,Medium
205,1.2,125.8,163,https://raw.githubusercontent.com/PokeAPI/sprites/master/sprites/pokemon/other/official-artwork/205.png,https://raw.githubusercontent.com/PokeAPI/sprites/master/sprites/pokemon/other/showdown/205.gif,75,70,4,Bagworm Pokémon,"In the moment that it gulps down its prey, the inside of its shell is exposed, but to this day, no one has ever seen that sight.",Purple,Ball,Forest,Bug,,Medium
206,1.5,14.0,145,https://raw.githubusercontent.com/PokeAPI/sprites/master/sprites/pokemon/other/official-artwork/206.png,https://raw.githubusercontent.com/PokeAPI/sprites/master/sprites/pokemon/other/showdown/206.gif,190,70,4,Land Snake Pokémon,The nests Dunsparce live in are mazes of tunnels. They never get lost in their own nests—they can tell where they are by the scent of the dirt.,Yellow,Squiggle,Cave,Ground,,Medium
207,1.1,64.8,86,https://raw.githubusercontent.com/PokeAPI/sprites/master/sprites/pokemon/other/official-artwork/207.png,https://raw.githubusercontent.com/PokeAPI/sprites/master/sprites/pokemon/other/showdown/207.gif,60,70,4,Fly Scorpion Pokémon,"Its tail is tipped by a thick, horrible stinger. To bring down prey, it will first obscure their vision by covering their faces with its body, and then it will use the stinger to inject them with venom.",Purple,Wings,Mountain,Bug,,Medium Slow
208,9.2,400.0,179,https://raw.githubusercontent.com/PokeAPI/sprites/master/sprites/pokemon/other/official-artwork/208.png,https://raw.githubusercontent.com/PokeAPI/sprites/master/sprites/pokemon/other/showdown/208.gif,25,70,4,Iron Snake Pokémon,This Pokémon evolved through use of a strange item. Its body is coated with steel powder and notably hard—not even diamond can leave so much as a scratch.,Gray,Squiggle,Cave,Mineral,,Medium
209,0.6,7.8,60,https://raw.githubusercontent.com/PokeAPI/sprites/master/sprites/pokemon/other/official-artwork/209.png,https://raw.githubusercontent.com/PokeAPI/sprites/master/sprites/pokemon/other/showdown/209.gif,190,70,6,Fairy Pokémon,"In contrast to its appearance, it’s quite timid. When playing with other puppy Pokémon, it sometimes gets bullied.",Pink,Humanoid,Urban,Ground,Fairy,Fast
210,1.4,48.7,158,https://raw.githubusercontent.com/PokeAPI/sprites/master/sprites/pokemon/other/official-artwork/210.png,https://raw.githubusercontent.com/PokeAPI/sprites/master/sprites/pokemon/other/showdown/210.gif,75,70,6,Fairy Pokémon,"Although it’s popular with young people, Granbull is timid and sensitive, so it’s totally incompetent as a watchdog.",Purple,Upright,Urban,Ground,Fairy,Fast
211,0.5,3.9,88,https://raw.githubusercontent.com/PokeAPI/sprites/master/sprites/pokemon/other/official-artwork/211.png,https://raw.githubusercontent.com/PokeAPI/sprites/master/sprites/pokemon/other/showdown/211.gif,45,70,4,Balloon Pokémon,"Fishers detest this troublesome Pokémon because it sprays poison from its spines, getting it everywhere. A different form of Qwilfish lives in other regions.",Gray,Fish,Sea,Water2,,Medium
212,1.8,118.0,175,https://raw.githubusercontent.com/PokeAPI/sprites/master/sprites/pokemon/other/official-artwork/212.png,https://raw.githubusercontent.com/PokeAPI/sprites/master/sprites/pokemon/other/showdown/212.gif,25,70,4,Pincer Pokémon,Evolved by way of a curious item. The shell covering its body has been shown to be stronger than forged steel.,Red,Bug Wings,Grassland,Bug,,Medium
213,0.6,20.5,177,https://raw.githubusercontent.com/PokeAPI/sprites/master/sprites/pokemon/other/official-artwork/213.png,https://raw.githubusercontent.com/PokeAPI/sprites/master/sprites/pokemon/other/showdown/213.gif,190,70,4,Mold Pokémon,"The berries stored in its vaselike shell eventually become a thick, pulpy juice.",Yellow,Armor,Mountain,Bug,,Medium Slow
214,1.5,54.0,175,https://raw.githubusercontent.com/PokeAPI/sprites/master/sprites/pokemon/other/official-artwork/214.png,https://raw.githubusercontent.com/PokeAPI/sprites/master/sprites/pokemon/other/showdown/214.gif,45,70,4,Single Horn Pokémon,This Pokémon has an unparalleled horn. Heracross itself demonstrates tremendous power—it's capable of throwing several people trained in the traditional arts of war at once.,Blue,Humanoid,Forest,Bug,,Slow
215,0.9,28.0,86,https://raw.githubusercontent.com/PokeAPI/sprites/master/sprites/pokemon/other/official-artwork/215.png,https://raw.githubusercontent.com/PokeAPI/sprites/master/sprites/pokemon/other/showdown/215.gif,60,35,4,Sharp Claw Pokémon,"Its sturdy, curved claws are ideal for traversing precipitous cliffs. From the tips of these claws drips a venom that infiltrates the nerves of any prey caught in Sneasel's grasp.",Black,Upright,Forest,Ground,,Medium Slow
216,0.6,8.8,66,https://raw.githubusercontent.com/PokeAPI/sprites/master/sprites/pokemon/other/official-artwork/216.png,https://raw.githubusercontent.com/PokeAPI/sprites/master/sprites/pokemon/other/showdown/216.gif,120,70,4,Little Bear Pokémon,"It licks its paws because of the sweet honey that has soaked into them. It is cunning, stealing into the nests of Combee and taking for itself the honey that the Combee have amassed.",Brown,Upright,Mountain,Ground,,Medium
217,1.8,125.8,175,https://raw.githubusercontent.com/PokeAPI/sprites/master/sprites/pokemon/other/official-artwork/217.png,https://raw.githubusercontent.com/PokeAPI/sprites/master/sprites/pokemon/other/showdown/217.gif,60,70,4,Hibernator Pokémon,"When the cold season arrives in Hisui, this Pokémon will wander fields and mountains alike in search of its favorite berries. Ursaring's hunger during this time makes it a ferocious danger.",Brown,Upright,Mountain,Ground,,Medium
218,0.7,35.0,50,https://raw.githubusercontent.com/PokeAPI/sprites/master/sprites/pokemon/other/official-artwork/218.png,https://raw.githubusercontent.com/PokeAPI/sprites/master/sprites/pokemon/other/showdown/218.gif,190,70,4,Lava Pokémon,"Slugma does not have any blood in its body. Instead, intensely hot magma circulates throughout this Pokémon’s body, carrying essential nutrients and oxygen to its organs.",Red,Squiggle,Mountain,Indeterminate,,Medium
219,0.8,55.0,151,https://raw.githubusercontent.com/PokeAPI/sprites/master/sprites/pokemon/other/official-artwork/219.png,https://raw.githubusercontent.com/PokeAPI/sprites/master/sprites/pokemon/other/showdown/219.gif,75,70,4,Lava Pokémon,"Magcargo’s body temperature is approximately 18,000 degrees Fahrenheit. Water is vaporized on contact. If this Pokémon is caught in the rain, the raindrops instantly turn into steam, cloaking the area in a thick fog.",Red,Squiggle,Mountain,Indeterminate,,Medium
220,0.4,6.5,50,https://raw.githubusercontent.com/PokeAPI/sprites/master/sprites/pokemon/other/official-artwork/220.png,https://raw.githubusercontent.com/PokeAPI/sprites/master/sprites/pokemon/other/showdown/220.gif,225,70,4,Pig Pokémon,"Swinub excels at sniffing out mushrooms buried beneath grass or snow. Since ancient times, the people of Hisui have often relied upon this skill.",Brown,Quadruped,Cave,Ground,,Slow
221,1.1,55.8,158,https://raw.githubusercontent.com/PokeAPI/sprites/master/sprites/pokemon/other/official-artwork/221.png,https://raw.githubusercontent.com/PokeAPI/sprites/master/sprites/pokemon/other/showdown/221.gif,75,70,4,Swine Pokémon,"The long fur of this Pokémon covers its eyes, ears, and even limbs, allowing Piloswine to resist harshly frigid conditions. The Pokémon's white tusks can be used to defeat its enemies.",Brown,Quadruped,Cave,Ground,,Slow
222,0.6,5.0,144,https://raw.githubusercontent.com/PokeAPI/sprites/master/sprites/pokemon/other/official-artwork/222.png,https://raw.githubusercontent.com/PokeAPI/sprites/master/sprites/pokemon/other/showdown/222.gif,60,70,6,Coral Pokémon,"These Pokémon live in warm seas. In prehistoric times, many lived in the oceans around the Galar region as well.",Pink,Armor,Sea,Water1,Water3,Fast
223,0.6,12.0,60,https://raw.githubusercontent.com/PokeAPI/sprites/master/sprites/pokemon/other/official-artwork/223.png,https://raw.githubusercontent.com/PokeAPI/sprites/master/sprites/pokemon/other/showdown/223.gif,190,70,4,Jet Pokémon,Spits water from its mouth with incredible accuracy. It captures Burmy by shooting them down off the branches from which they dangle.,Gray,Fish,Sea,Water1,Water2,Medium
224,0.9,28.5,168,https://raw.githubusercontent.com/PokeAPI/sprites/master/sprites/pokemon/other/official-artwork/224.png,https://raw.githubusercontent.com/PokeAPI/sprites/master/sprites/pokemon/other/showdown/224.gif,75,70,4,Jet Pokémon,"While Octillery still shoots water from its mouth, the drastic anatomical difference between it and Remoraid meant that for a long time, no one believed the former evolved from the latter.",Red,Tentacles,Sea,Water1,Water2,Medium
225,0.9,16.0,116,https://raw.githubusercontent.com/PokeAPI/sprites/master/sprites/pokemon/other/official-artwork/225.png,https://raw.githubusercontent.com/PokeAPI/sprites/master/sprites/pokemon/other/showdown/225.gif,45,70,4,Delivery Pokémon,"It has a generous habit of sharing its food with people and Pokémon, so it’s always scrounging around for more food.",Red,Wings,Mountain,Water1,Ground,Fast
226,2.1,220.0,170,https://raw.githubusercontent.com/PokeAPI/sprites/master/sprites/pokemon/other/official-artwork/226.png,https://raw.githubusercontent.com/PokeAPI/sprites/master/sprites/pokemon/other/showdown/226.gif,25,70,4,Kite Pokémon,"This calm and gentle Pokémon swims gracefully through the sea. After building speed, it can leap out of the water. It is often misidentified as a bird Pokémon due to this behavior.",Purple,Wings,Sea,Water1,,Slow
227,1.7,50.5,163,https://raw.githubusercontent.com/PokeAPI/sprites/master/sprites/pokemon/other/official-artwork/227.png,https://raw.githubusercontent.com/PokeAPI/sprites/master/sprites/pokemon/other/showdown/227.gif,25,70,4,Armor Bird Pokémon,"People fashion swords from Skarmory’s shed feathers, so this Pokémon is a popular element in heraldic designs.",Gray,Wings,Rough Terrain,Flying,,Slow
228,0.6,10.8,66,https://raw.githubusercontent.com/PokeAPI/sprites/master/sprites/pokemon/other/official-artwork/228.png,https://raw.githubusercontent.com/PokeAPI/sprites/master/sprites/pokemon/other/showdown/228.gif,120,35,4,Dark Pokémon,They make repeated eerie howls before dawn to call attention to their pack.,Black,Quadruped,Rough Terrain,Ground,,Slow
229,1.4,35.0,175,https://raw.githubusercontent.com/PokeAPI/sprites/master/sprites/pokemon/other/official-artwork/229.png,https://raw.githubusercontent.com/PokeAPI/sprites/master/sprites/pokemon/other/showdown/229.gif,45,35,4,Dark Pokémon,"Identifiable by its eerie howls, people a long time ago thought it was the grim reaper and feared it.",Black,Quadruped,Rough Terrain,Ground,,Slow
230,1.8,152.0,243,https://raw.githubusercontent.com/PokeAPI/sprites/master/sprites/pokemon/other/official-artwork/230.png,https://raw.githubusercontent.com/PokeAPI/sprites/master/sprites/pokemon/other/showdown/230.gif,45,70,4,Dragon Pokémon,Scales shed by this Pokémon have such a splendorous gleam to them that they’ve been given to royalty as gifts.,Blue,Blob,Sea,Water1,Dragon,Medium
231,0.5,33.5,66,https://raw.githubusercontent.com/PokeAPI/sprites/master/sprites/pokemon/other/official-artwork/231.png,https://raw.githubusercontent.com/PokeAPI/sprites/master/sprites/pokemon/other/showdown/231.gif,120,70,4,Long Nose Pokémon,"Phanpy uses its long nose to shower itself. When others gather around, they thoroughly douse each other with water. These Pokémon can be seen drying their soaking-wet bodies at the edge of water.",Blue,Quadruped,Rough Terrain,Ground,,Medium
232,1.1,120.0,175,https://raw.githubusercontent.com/PokeAPI/sprites/master/sprites/pokemon/other/official-artwork/232.png,https://raw.githubusercontent.com/PokeAPI/sprites/master/sprites/pokemon/other/showdown/232.gif,60,70,4,Armor Pokémon,"If Donphan were to tackle with its hard body, even a house could be destroyed. Using its massive strength, the Pokémon helps clear rock and mud slides that block mountain trails.",Gray,Quadruped,Rough Terrain,Ground,,Medium
233,0.6,32.5,180,https://raw.githubusercontent.com/PokeAPI/sprites/master/sprites/pokemon/other/official-artwork/233.png,https://raw.githubusercontent.com/PokeAPI/sprites/master/sprites/pokemon/other/showdown/233.gif,45,70,-1,Virtual Pokémon,"A bizarre item caused this Pokémon to evolve. While it now exhibits many new gestures and expressions, its biology remains inscrutable.",Red,Legs,Urban,Mineral,,Medium
234,1.4,71.2,163,https://raw.githubusercontent.com/PokeAPI/sprites/master/sprites/pokemon/other/official-artwork/234.png,https://raw.githubusercontent.com/PokeAPI/sprites/master/sprites/pokemon/other/showdown/234.gif,45,70,4,Big Horn Pokémon,Its strangely shaped antlers have the power to bewitch those who see them. Medicine made by grinding up the black orbs from fallen antlers is an effective treatment for insomnia.,Brown,Quadruped,Forest,Ground,,Slow
235,1.2,58.0,88,https://raw.githubusercontent.com/PokeAPI/sprites/master/sprites/pokemon/other/official-artwork/235.png,https://raw.githubusercontent.com/PokeAPI/sprites/master/sprites/pokemon/other/showdown/235.gif,45,70,4,Painter Pokémon,"It draws symbols with the fluid that oozes from the tip of its tail. Depending on the symbol, Smeargle fanatics will pay big money for them.",White,Upright,Urban,Ground,,Fast
236,0.7,21.0,42,https://raw.githubusercontent.com/PokeAPI/sprites/master/sprites/pokemon/other/official-artwork/236.png,https://raw.githubusercontent.com/PokeAPI/sprites/master/sprites/pokemon/other/showdown/236.gif,75,70,0,Scuffle Pokémon,"Even though it is small, it can’t be ignored because it will slug any handy target without warning.",Purple,Humanoid,Urban,No Eggs,,Medium
237,1.4,48.0,159,https://raw.githubusercontent.com/PokeAPI/sprites/master/sprites/pokemon/other/official-artwork/237.png,https://raw.githubusercontent.com/PokeAPI/sprites/master/sprites/pokemon/other/showdown/237.gif,45,70,0,Handstand Pokémon,"After doing a handstand to throw off the opponent’s timing, it presents its fancy kick moves.",Brown,Upright,Urban,Humanshape,,Medium
238,0.4,6.0,61,https://raw.githubusercontent.com/PokeAPI/sprites/master/sprites/pokemon/other/official-artwork/238.png,https://raw.githubusercontent.com/PokeAPI/sprites/master/sprites/pokemon/other/showdown/238.gif,45,70,8,Kiss Pokémon,This is a very curious Pokémon. Smoochum decides what it likes and dislikes by touching things with its lips.,Pink,Humanoid,Urban,No Eggs,,Medium
239,0.6,23.5,72,https://raw.githubusercontent.com/PokeAPI/sprites/master/sprites/pokemon/other/official-artwork/239.png,https://raw.githubusercontent.com/PokeAPI/sprites/master/sprites/pokemon/other/showdown/239.gif,45,70,2,Electric Pokémon,"They generate electricity by spinning their arms. During a thunderstorm, if one hears the lively voices of children out in the wilderness, what one is actually hearing are the voices of Elekid.",Yellow,Humanoid,Grassland,No Eggs,,Medium
240,0.7,21.4,73,https://raw.githubusercontent.com/PokeAPI/sprites/master/sprites/pokemon/other/official-artwork/240.png,https://raw.githubusercontent.com/PokeAPI/sprites/master/sprites/pokemon/other/showdown/240.gif,45,70,2,Live Coal Pokémon,"This Pokémon lives in volcanic areas. With each breath, sparks spurt from its mouth and nose. When Magby is in good health, its flames gain a yellow tint.",Red,Upright,Mountain,No Eggs,,Medium
241,1.2,75.5,172,https://raw.githubusercontent.com/PokeAPI/sprites/master/sprites/pokemon/other/official-artwork/241.png,https://raw.githubusercontent.com/PokeAPI/sprites/master/sprites/pokemon/other/showdown/241.gif,45,70,8,Milk Cow Pokémon,"This Pokémon needs to be milked every day, or else it will fall ill. The flavor of Miltank milk changes with the seasons.",Pink,Upright,Grassland,Ground,,Slow
242,1.5,46.8,608,https://raw.githubusercontent.com/PokeAPI/sprites/master/sprites/pokemon/other/official-artwork/242.png,https://raw.githubusercontent.com/PokeAPI/sprites/master/sprites/pokemon/other/showdown/242.gif,30,140,8,Happiness Pokémon,A kindhearted Pokémon that will care for any sick person or Pokémon until their health improves. The eggs it lays are delicious and bring good fortune to those who eat them.,Pink,Humanoid,Urban,Fairy,,Fast
243,1.9,178.0,261,https://raw.githubusercontent.com/PokeAPI/sprites/master/sprites/pokemon/other/official-artwork/243.png,https://raw.githubusercontent.com/PokeAPI/sprites/master/sprites/pokemon/other/showdown/243.gif,3,35,-1,Thunder Pokémon,Raikou embodies the speed of lightning. The roars of this Pokémon send shock waves shuddering through the air and shake the ground as if lightning bolts had come crashing down.,Yellow,Quadruped,Grassland,No Eggs,,Slow
244,2.1,198.0,261,https://raw.githubusercontent.com/PokeAPI/sprites/master/sprites/pokemon/other/official-artwork/244.png,https://raw.githubusercontent.com/PokeAPI/sprites/master/sprites/pokemon/other/showdown/244.gif,3,35,-1,Volcano Pokémon,Entei embodies the passion of magma. This Pokémon is thought to have been born in the eruption of a volcano. It sends up massive bursts of fire that utterly consume all that they touch.,Brown,Quadruped,Grassland,No Eggs,,Slow
245,2.0,187.0,261,https://raw.githubusercontent.com/PokeAPI/sprites/master/sprites/pokemon/other/official-artwork/245.png,https://raw.githubusercontent.com/PokeAPI/sprites/master/sprites/pokemon/other/showdown/245.gif,3,35,-1,Aurora Pokémon,Suicune embodies the compassion of a pure spring of water. It runs across the land with gracefulness. This Pokémon has the power to purify dirty water.,Blue,Quadruped,Grassland,No Eggs,,Slow
246,0.6,72.0,60,https://raw.githubusercontent.com/PokeAPI/sprites/master/sprites/pokemon/other/official-artwork/246.png,https://raw.githubusercontent.com/PokeAPI/sprites/master/sprites/pokemon/other/showdown/246.gif,45,35,4,Rock Skin Pokémon,"It feeds on soil. After it has eaten a large mountain, it will fall asleep so it can grow.",Green,Upright,Mountain,Monster,,Slow
247,1.2,152.0,144,https://raw.githubusercontent.com/PokeAPI/sprites/master/sprites/pokemon/other/official-artwork/247.png,https://raw.githubusercontent.com/PokeAPI/sprites/master/sprites/pokemon/other/showdown/247.gif,45,35,4,Hard Shell Pokémon,"It will not stay still, even while it’s a pupa. It already has arms and legs under its solid shell.",Gray,Squiggle,Mountain,Monster,,Slow
248,2.0,202.0,270,https://raw.githubusercontent.com/PokeAPI/sprites/master/sprites/pokemon/other/official-artwork/248.png,https://raw.githubusercontent.com/PokeAPI/sprites/master/sprites/pokemon/other/showdown/248.gif,45,35,4,Armor Pokémon,The quakes caused when it walks make even great mountains crumble and change the surrounding terrain.,Green,Upright,Mountain,Monster,,Slow
249,5.2,216.0,306,https://raw.githubusercontent.com/PokeAPI/sprites/master/sprites/pokemon/other/official-artwork/249.png,https://raw.githubusercontent.com/PokeAPI/sprites/master/sprites/pokemon/other/showdown/249.gif,3,0,-1,Diving Pokémon,"Lugia’s wings pack devastating power—a light fluttering of its wings can blow apart regular houses. As a result, this Pokémon chooses to live out of sight deep under the sea.",White,Wings,Rare,No Eggs,,Slow
250,3.8,199.0,306,https://raw.githubusercontent.com/PokeAPI/sprites/master/sprites/pokemon/other/official-artwork/250.png,https://raw.githubusercontent.com/PokeAPI/sprites/master/sprites/pokemon/other/showdown/250.gif,3,0,-1,Rainbow Pokémon,Ho-Oh’s feathers glow in seven colors depending on the angle at which they are struck by light. These feathers are said to bring happiness to the bearers. This Pokémon is said to live at the foot of a rainbow.,Red,Wings,Rare,No Eggs,,Slow
251,0.6,5.0,270,https://raw.githubusercontent.com/PokeAPI/sprites/master/sprites/pokemon/other/official-artwork/251.png,https://raw.githubusercontent.com/PokeAPI/sprites/master/sprites/pokemon/other/showdown/251.gif,45,100,-1,Time Travel Pokémon,"This Pokémon traveled through time to come from the future. It bolsters grass and trees with its own strength, and it can heal wounds, too.",Green,Humanoid,Forest,No Eggs,,Medium Slow
252,0.5,5.0,62,https://raw.githubusercontent.com/PokeAPI/sprites/master/sprites/pokemon/other/official-artwork/252.png,https://raw.githubusercontent.com/PokeAPI/sprites/master/sprites/pokemon/other/showdown/252.gif,45,70,1,Wood Gecko Pokémon,"Treecko is cool, calm, and collected—it never panics under any situation. If a bigger foe were to glare at this Pokémon, it would glare right back without conceding an inch of ground.",Green,Upright,Forest,Monster,Dragon,Medium Slow
253,0.9,21.6,142,https://raw.githubusercontent.com/PokeAPI/sprites/master/sprites/pokemon/other/official-artwork/253.png,https://raw.githubusercontent.com/PokeAPI/sprites/master/sprites/pokemon/other/showdown/253.gif,45,70,1,Wood Gecko Pokémon,"This Pokémon adeptly flies from branch to branch in trees. In a forest, no Pokémon can ever hope to catch a fleeing Grovyle however fast they may be.",Green,Upright,Forest,Monster,Dragon,Medium Slow
254,1.7,52.2,239,https://raw.githubusercontent.com/PokeAPI/sprites/master/sprites/pokemon/other/official-artwork/254.png,https://raw.githubusercontent.com/PokeAPI/sprites/master/sprites/pokemon/other/showdown/254.gif,45,70,1,Forest Pokémon,Sceptile has seeds growing on its back. They are said to be bursting with nutrients that revitalize trees. This Pokémon raises the trees in a forest with loving care.,Green,Upright,Forest,Monster,Dragon,Medium Slow
255,0.4,2.5,62,https://raw.githubusercontent.com/PokeAPI/sprites/master/sprites/pokemon/other/official-artwork/255.png,https://raw.githubusercontent.com/PokeAPI/sprites/master/sprites/pokemon/other/showdown/255.gif,45,70,1,Chick Pokémon,Torchic has a place inside its body where it keeps its flame. Give it a hug—it will be glowing with warmth. This Pokémon is covered all over by a fluffy coat of down.,Red,Legs,Grassland,Ground,,Medium Slow
256,0.9,19.5,142,https://raw.githubusercontent.com/PokeAPI/sprites/master/sprites/pokemon/other/official-artwork/256.png,https://raw.githubusercontent.com/PokeAPI/sprites/master/sprites/pokemon/other/showdown/256.gif,45,70,1,Young Fowl Pokémon,Combusken battles with the intensely hot flames it spews from its beak and with outstandingly destructive kicks. This Pokémon’s cry is very loud and distracting.,Red,Upright,Grassland,Ground,,Medium Slow
257,1.9,52.0,239,https://raw.githubusercontent.com/PokeAPI/sprites/master/sprites/pokemon/other/official-artwork/257.png,https://raw.githubusercontent.com/PokeAPI/sprites/master/sprites/pokemon/other/showdown/257.gif,45,70,1,Blaze Pokémon,Blaziken has incredibly strong legs—it can easily clear a 30-story building in one leap. This Pokémon’s blazing punches leave its foes scorched and blackened.,Red,Upright,Grassland,Ground,,Medium Slow
258,0.4,7.6,62,https://raw.githubusercontent.com/PokeAPI/sprites/master/sprites/pokemon/other/official-artwork/258.png,https://raw.githubusercontent.com/PokeAPI/sprites/master/sprites/pokemon/other/showdown/258.gif,45,70,1,Mud Fish Pokémon,"In water, Mudkip breathes using the gills on its cheeks. If it is faced with a tight situation in battle, this Pokémon will unleash its amazing power—it can crush rocks bigger than itself.",Blue,Quadruped,Waters Edge,Monster,Water1,Medium Slow
259,0.7,28.0,142,https://raw.githubusercontent.com/PokeAPI/sprites/master/sprites/pokemon/other/official-artwork/259.png,https://raw.githubusercontent.com/PokeAPI/sprites/master/sprites/pokemon/other/showdown/259.gif,45,70,1,Mud Fish Pokémon,"Marshtomp is much faster at traveling through mud than it is at swimming. This Pokémon’s hindquarters exhibit obvious development, giving it the ability to walk on just its hind legs.",Blue,Upright,Waters Edge,Monster,Water1,Medium Slow
260,1.5,81.9,241,https://raw.githubusercontent.com/PokeAPI/sprites/master/sprites/pokemon/other/official-artwork/260.png,https://raw.githubusercontent.com/PokeAPI/sprites/master/sprites/pokemon/other/showdown/260.gif,45,70,1,Mud Fish Pokémon,"Swampert predicts storms by sensing subtle differences in the sounds of waves and tidal winds with its fins. If a storm is approaching, it piles up boulders to protect itself.",Blue,Upright,Waters Edge,Monster,Water1,Medium Slow
261,0.5,13.6,56,https://raw.githubusercontent.com/PokeAPI/sprites/master/sprites/pokemon/other/official-artwork/261.png,https://raw.githubusercontent.com/PokeAPI/sprites/master/sprites/pokemon/other/showdown/261.gif,255,70,4,Bite Pokémon,Poochyena is an omnivore—it will eat anything. A distinguishing feature is how large its fangs are compared to its body. This Pokémon tries to intimidate its foes by making the hair on its tail bristle out.,Gray,Quadruped,Grassland,Ground,,Medium
262,1.0,37.0,147,https://raw.githubusercontent.com/PokeAPI/sprites/master/sprites/pokemon/other/official-artwork/262.png,https://raw.githubusercontent.com/PokeAPI/sprites/master/sprites/pokemon/other/showdown/262.gif,127,70,4,Bite Pokémon,Mightyena travel and act as a pack in the wild. The memory of its life in the wild compels the Pokémon to obey only those Trainers that it recognizes to possess superior skill.,Gray,Quadruped,Grassland,Ground,,Medium
263,0.4,17.5,56,https://raw.githubusercontent.com/PokeAPI/sprites/master/sprites/pokemon/other/official-artwork/263.png,https://raw.githubusercontent.com/PokeAPI/sprites/master/sprites/pokemon/other/showdown/263.gif,255,70,4,Tiny Raccoon Pokémon,"Zigzagoon that adapted to regions outside Galar acquired this appearance. If you’ve lost something, this Pokémon can likely find it.",Brown,Quadruped,Grassland,Ground,,Medium
264,0.5,32.5,147,https://raw.githubusercontent.com/PokeAPI/sprites/master/sprites/pokemon/other/official-artwork/264.png,https://raw.githubusercontent.com/PokeAPI/sprites/master/sprites/pokemon/other/showdown/264.gif,90,70,4,Rushing Pokémon,It uses its explosive speed and razor-sharp claws to bring down prey. Running along winding paths is not its strong suit.,White,Quadruped,Grassland,Ground,,Medium
265,0.3,3.6,56,https://raw.githubusercontent.com/PokeAPI/sprites/master/sprites/pokemon/other/official-artwork/265.png,https://raw.githubusercontent.com/PokeAPI/sprites/master/sprites/pokemon/other/showdown/265.gif,255,70,4,Worm Pokémon,Likes sap and is abundant in the wild. Why it evolves into various different forms is unknown. One cannot tell from a Wurmple's appearance which form it will take when it evolves.,Red,Armor,Forest,Bug,,Medium
266,0.6,10.0,72,https://raw.githubusercontent.com/PokeAPI/sprites/master/sprites/pokemon/other/official-artwork/266.png,https://raw.githubusercontent.com/PokeAPI/sprites/master/sprites/pokemon/other/showdown/266.gif,120,70,4,Cocoon Pokémon,"Wraps itself in thin strings of silk while it stores energy for evolution. It can't extend its limbs and its movement is slow, but its eyes keep a sharp lookout—Silcoon is always on guard.",White,Ball,Forest,Bug,,Medium
267,1.0,28.4,178,https://raw.githubusercontent.com/PokeAPI/sprites/master/sprites/pokemon/other/official-artwork/267.png,https://raw.githubusercontent.com/PokeAPI/sprites/master/sprites/pokemon/other/showdown/267.gif,45,70,4,Butterfly Pokémon,"A colorful and incredibly beautiful but also greedy Pokémon. In an effort to keep its favorite food all to itself, it will chase away Combee as they try to gather nectar.",Yellow,Bug Wings,Forest,Bug,,Medium
268,0.7,11.5,72,https://raw.githubusercontent.com/PokeAPI/sprites/master/sprites/pokemon/other/official-artwork/268.png,https://raw.githubusercontent.com/PokeAPI/sprites/master/sprites/pokemon/other/showdown/268.gif,120,70,4,Cocoon Pokémon,"The silk coating its body is thin but sufficiently strong. Cascoon's silk has a luster and texture superior to that of Silcoon's, and clothes made using Cascoon silk are regarded as top-notch.",Purple,Ball,Forest,Bug,,Medium
269,1.2,31.6,173,https://raw.githubusercontent.com/PokeAPI/sprites/master/sprites/pokemon/other/official-artwork/269.png,https://raw.githubusercontent.com/PokeAPI/sprites/master/sprites/pokemon/other/showdown/269.gif,45,70,4,Poison Moth Pokémon,Tends to be drawn to bonfires on dark nights. Difficult to chase away from settlements because of the way it scatters highly toxic scales.,Green,Bug Wings,Forest,Bug,,Medium
270,0.5,2.6,44,https://raw.githubusercontent.com/PokeAPI/sprites/master/sprites/pokemon/other/official-artwork/270.png,https://raw.githubusercontent.com/PokeAPI/sprites/master/sprites/pokemon/other/showdown/270.gif,255,70,4,Water Weed Pokémon,Its leaf grew too large for it to live on land. That is how it began to live floating in the water.,Green,Armor,Waters Edge,Water1,Plant,Medium Slow
271,1.2,32.5,119,https://raw.githubusercontent.com/PokeAPI/sprites/master/sprites/pokemon/other/official-artwork/271.png,https://raw.githubusercontent.com/PokeAPI/sprites/master/sprites/pokemon/other/showdown/271.gif,120,70,4,Jolly Pokémon,It lives at the water’s edge where it is sunny. It sleeps on a bed of water grass by day and becomes active at night.,Green,Humanoid,Waters Edge,Water1,Plant,Medium Slow
272,1.5,55.0,216,https://raw.githubusercontent.com/PokeAPI/sprites/master/sprites/pokemon/other/official-artwork/272.png,https://raw.githubusercontent.com/PokeAPI/sprites/master/sprites/pokemon/other/showdown/272.gif,45,70,4,Carefree Pokémon,"If it hears festive music, it begins moving in rhythm in order to amplify its power.",Green,Humanoid,Waters Edge,Water1,Plant,Medium Slow
273,0.5,4.0,44,https://raw.githubusercontent.com/PokeAPI/sprites/master/sprites/pokemon/other/official-artwork/273.png,https://raw.githubusercontent.com/PokeAPI/sprites/master/sprites/pokemon/other/showdown/273.gif,255,70,4,Acorn Pokémon,It attaches itself to a tree branch using the top of its head. Strong winds can sometimes make it fall.,Brown,Legs,Forest,Ground,Plant,Medium Slow
274,1.0,28.0,119,https://raw.githubusercontent.com/PokeAPI/sprites/master/sprites/pokemon/other/official-artwork/274.png,https://raw.githubusercontent.com/PokeAPI/sprites/master/sprites/pokemon/other/showdown/274.gif,120,70,4,Wily Pokémon,They live in holes bored in large trees. The sound of Nuzleaf’s grass flute fills listeners with dread.,Brown,Humanoid,Forest,Ground,Plant,Medium Slow
275,1.3,59.6,216,https://raw.githubusercontent.com/PokeAPI/sprites/master/sprites/pokemon/other/official-artwork/275.png,https://raw.githubusercontent.com/PokeAPI/sprites/master/sprites/pokemon/other/showdown/275.gif,45,70,4,Wicked Pokémon,It lives quietly in the deep forest. It is said to create chilly winter winds with the fans it holds.,Brown,Humanoid,Forest,Ground,Plant,Medium Slow
276,0.3,2.3,54,https://raw.githubusercontent.com/PokeAPI/sprites/master/sprites/pokemon/other/official-artwork/276.png,https://raw.githubusercontent.com/PokeAPI/sprites/master/sprites/pokemon/other/showdown/276.gif,200,70,4,Tiny Swallow Pokémon,"Taillow is young—it has only just left its nest. As a result, it sometimes becomes lonesome and cries at night. This Pokémon feeds on Wurmple that live in forests.",Blue,Wings,Grassland,Flying,,Medium Slow
277,0.7,19.8,159,https://raw.githubusercontent.com/PokeAPI/sprites/master/sprites/pokemon/other/official-artwork/277.png,https://raw.githubusercontent.com/PokeAPI/sprites/master/sprites/pokemon/other/showdown/277.gif,45,70,4,Swallow Pokémon,"Swellow is very conscientious about the upkeep of its glossy wings. Once two Swellow are gathered, they diligently take care of cleaning each other’s wings.",Blue,Wings,Grassland,Flying,,Medium Slow
278,0.6,9.5,54,https://raw.githubusercontent.com/PokeAPI/sprites/master/sprites/pokemon/other/official-artwork/278.png,https://raw.githubusercontent.com/PokeAPI/sprites/master/sprites/pokemon/other/showdown/278.gif,190,70,4,Seagull Pokémon,It soars on updrafts without flapping its wings. It makes a nest on sheer cliffs at the sea’s edge.,White,Wings,Sea,Water1,Flying,Medium
279,1.2,28.0,154,https://raw.githubusercontent.com/PokeAPI/sprites/master/sprites/pokemon/other/official-artwork/279.png,https://raw.githubusercontent.com/PokeAPI/sprites/master/sprites/pokemon/other/showdown/279.gif,45,70,4,Water Bird Pokémon,"Skimming the water’s surface, it dips its large bill in the sea, scoops up food and water, and carries it.",Yellow,Wings,Sea,Water1,Flying,Medium
280,0.4,6.6,40,https://raw.githubusercontent.com/PokeAPI/sprites/master/sprites/pokemon/other/official-artwork/280.png,https://raw.githubusercontent.com/PokeAPI/sprites/master/sprites/pokemon/other/showdown/280.gif,235,35,4,Feeling Pokémon,"Tends to prefer people with a chipper disposition to those who are gloomy, but it has shown no discrimination with regard to age or gender. Needs more research.",White,Humanoid,Urban,Humanshape,Indeterminate,Slow
281,0.8,20.2,97,https://raw.githubusercontent.com/PokeAPI/sprites/master/sprites/pokemon/other/official-artwork/281.png,https://raw.githubusercontent.com/PokeAPI/sprites/master/sprites/pokemon/other/showdown/281.gif,120,35,4,Emotion Pokémon,"It resembles a maiden in appearance, but it wields strange powers to project visions of paradise. I suspect the crimson ornaments on its head are the key to its abilities.",White,Humanoid,Urban,Humanshape,Indeterminate,Slow
282,1.6,48.4,233,https://raw.githubusercontent.com/PokeAPI/sprites/master/sprites/pokemon/other/official-artwork/282.png,https://raw.githubusercontent.com/PokeAPI/sprites/master/sprites/pokemon/other/showdown/282.gif,45,35,4,Embrace Pokémon,"It will dedicate itself to defending a master it has come to adore. Its pure white dress, reminiscent of those worn by ladies of nobility, is the dress of one who is willing to risk their life.",White,Humanoid,Urban,Humanshape,Indeterminate,Slow
283,0.5,1.7,54,https://raw.githubusercontent.com/PokeAPI/sprites/master/sprites/pokemon/other/official-artwork/283.png,https://raw.githubusercontent.com/PokeAPI/sprites/master/sprites/pokemon/other/showdown/283.gif,200,70,4,Pond Skater Pokémon,"It lives in ponds and marshes that feature lots of plant life. It often fights with Dewpider, whose habitat and diet are similar.",Blue,Armor,Waters Edge,Water1,Bug,Medium
284,0.8,3.6,159,https://raw.githubusercontent.com/PokeAPI/sprites/master/sprites/pokemon/other/official-artwork/284.png,https://raw.githubusercontent.com/PokeAPI/sprites/master/sprites/pokemon/other/showdown/284.gif,75,70,4,Eyeball Pokémon,"Its thin, winglike antennae are highly absorbent. It waits out rainy days in tree hollows.",Blue,Bug Wings,Waters Edge,Water1,Bug,Medium
285,0.4,4.5,59,https://raw.githubusercontent.com/PokeAPI/sprites/master/sprites/pokemon/other/official-artwork/285.png,https://raw.githubusercontent.com/PokeAPI/sprites/master/sprites/pokemon/other/showdown/285.gif,255,70,4,Mushroom Pokémon,"If Shroomish senses danger, it shakes its body and scatters spores from the top of its head. This Pokémon’s spores are so toxic, they make trees and weeds wilt.",Brown,Legs,Forest,Fairy,Plant,Fast Then Very Slow
286,1.2,39.2,161,https://raw.githubusercontent.com/PokeAPI/sprites/master/sprites/pokemon/other/official-artwork/286.png,https://raw.githubusercontent.com/PokeAPI/sprites/master/sprites/pokemon/other/showdown/286.gif,90,70,4,Mushroom Pokémon,The seeds ringing Breloom’s tail are made of hardened toxic spores. It is horrible to eat the seeds. Just taking a bite of this Pokémon’s seed will cause your stomach to rumble.,Green,Upright,Forest,Fairy,Plant,Fast Then Very Slow
287,0.8,24.0,56,https://raw.githubusercontent.com/PokeAPI/sprites/master/sprites/pokemon/other/official-artwork/287.png,https://raw.githubusercontent.com/PokeAPI/sprites/master/sprites/pokemon/other/showdown/287.gif,255,70,4,Slacker Pokémon,"Slakoth’s heart beats just once a minute. Whatever happens, it is content to loaf around motionless. It is rare to see this Pokémon in motion.",Brown,Quadruped,Forest,Ground,,Slow
288,1.4,46.5,154,https://raw.githubusercontent.com/PokeAPI/sprites/master/sprites/pokemon/other/official-artwork/288.png,https://raw.githubusercontent.com/PokeAPI/sprites/master/sprites/pokemon/other/showdown/288.gif,120,70,4,Wild Monkey Pokémon,"Vigoroth is simply incapable of remaining still. Even when it tries to sleep, the blood in its veins grows agitated, compelling this Pokémon to run wild throughout the jungle before it can settle down.",White,Upright,Forest,Ground,,Slow
289,2.0,130.5,252,https://raw.githubusercontent.com/PokeAPI/sprites/master/sprites/pokemon/other/official-artwork/289.png,https://raw.githubusercontent.com/PokeAPI/sprites/master/sprites/pokemon/other/showdown/289.gif,45,70,4,Lazy Pokémon,"Wherever Slaking live, rings of over a yard in diameter appear in grassy fields. They are made by the Pokémon as it eats all the grass within reach while lying prone on the ground.",Brown,Humanoid,Forest,Ground,,Slow
290,0.5,5.5,53,https://raw.githubusercontent.com/PokeAPI/sprites/master/sprites/pokemon/other/official-artwork/290.png,https://raw.githubusercontent.com/PokeAPI/sprites/master/sprites/pokemon/other/showdown/290.gif,255,70,4,Trainee Pokémon,It can sometimes live underground for more than 10 years. It absorbs nutrients from the roots of trees.,Gray,Armor,Forest,Bug,,Slow Then Very Fast
291,0.8,12.0,160,https://raw.githubusercontent.com/PokeAPI/sprites/master/sprites/pokemon/other/official-artwork/291.png,https://raw.githubusercontent.com/PokeAPI/sprites/master/sprites/pokemon/other/showdown/291.gif,120,70,4,Ninja Pokémon,"This Pokémon is so quick, it is said to be able to avoid any attack. It loves to feed on tree sap.",Yellow,Bug Wings,Forest,Bug,,Slow Then Very Fast
292,0.8,1.2,83,https://raw.githubusercontent.com/PokeAPI/sprites/master/sprites/pokemon/other/official-artwork/292.png,https://raw.githubusercontent.com/PokeAPI/sprites/master/sprites/pokemon/other/showdown/292.gif,45,70,-1,Shed Pokémon,"A strange Pokémon—it flies without moving its wings, has a hollow shell for a body, and does not breathe.",Brown,Blob,Forest,Mineral,,Slow Then Very Fast
293,0.6,16.3,48,https://raw.githubusercontent.com/PokeAPI/sprites/master/sprites/pokemon/other/official-artwork/293.png,https://raw.githubusercontent.com/PokeAPI/sprites/master/sprites/pokemon/other/showdown/293.gif,190,70,4,Whisper Pokémon,"When Whismur cries, the sound of its own voice startles it, making the Pokémon cry even louder. It cries until it’s exhausted, then it falls asleep.",Pink,Upright,Cave,Monster,Ground,Medium Slow
294,1.0,40.5,126,https://raw.githubusercontent.com/PokeAPI/sprites/master/sprites/pokemon/other/official-artwork/294.png,https://raw.githubusercontent.com/PokeAPI/sprites/master/sprites/pokemon/other/showdown/294.gif,120,70,4,Big Voice Pokémon,The force of this Pokémon’s loud voice isn’t just the sound—it’s also the wave of air pressure that blows opponents away and damages them.,Blue,Upright,Cave,Monster,Ground,Medium Slow
295,1.5,84.0,221,https://raw.githubusercontent.com/PokeAPI/sprites/master/sprites/pokemon/other/official-artwork/295.png,https://raw.githubusercontent.com/PokeAPI/sprites/master/sprites/pokemon/other/showdown/295.gif,45,70,4,Loud Noise Pokémon,"This Pokémon can do more than just shout. To communicate with others of its kind, it’ll emit all sorts of sounds from the holes in its body.",Blue,Upright,Cave,Monster,Ground,Medium Slow
296,1.0,86.4,47,https://raw.githubusercontent.com/PokeAPI/sprites/master/sprites/pokemon/other/official-artwork/296.png,https://raw.githubusercontent.com/PokeAPI/sprites/master/sprites/pokemon/other/showdown/296.gif,180,70,2,Guts Pokémon,There’s a rumor of a traditional recipe for stew that Trainers can use to raise strong Makuhita.,Yellow,Humanoid,Mountain,Humanshape,,Fast Then Very Slow
297,2.3,253.8,166,https://raw.githubusercontent.com/PokeAPI/sprites/master/sprites/pokemon/other/official-artwork/297.png,https://raw.githubusercontent.com/PokeAPI/sprites/master/sprites/pokemon/other/showdown/297.gif,200,70,2,Arm Thrust Pokémon,Hariyama that are big and fat aren’t necessarily strong. There are some small ones that move nimbly and use moves skillfully.,Brown,Humanoid,Mountain,Humanshape,,Fast Then Very Slow
298,0.2,2.0,38,https://raw.githubusercontent.com/PokeAPI/sprites/master/sprites/pokemon/other/official-artwork/298.png,https://raw.githubusercontent.com/PokeAPI/sprites/master/sprites/pokemon/other/showdown/298.gif,150,70,6,Polka Dot Pokémon,"Although Azurill are normally docile, an angry one will swing around the big ball on its tail and try to smash its opponents.",Blue,Legs,Waters Edge,No Eggs,,Fast
299,1.0,97.0,75,https://raw.githubusercontent.com/PokeAPI/sprites/master/sprites/pokemon/other/official-artwork/299.png,https://raw.githubusercontent.com/PokeAPI/sprites/master/sprites/pokemon/other/showdown/299.gif,255,70,4,Compass Pokémon,"Once the people of Hisui discovered that its red nose always points north, they grew to rely on it greatly when traveling afar. The nose seems to work in a similar way to ancient compasses.",Gray,Humanoid,Cave,Mineral,,Medium
300,0.6,11.0,52,https://raw.githubusercontent.com/PokeAPI/sprites/master/sprites/pokemon/other/official-artwork/300.png,https://raw.githubusercontent.com/PokeAPI/sprites/master/sprites/pokemon/other/showdown/300.gif,255,70,6,Kitten Pokémon,"Skitty is known to chase around playfully after its own tail. In the wild, this Pokémon lives in holes in the trees of forests. It is very popular as a pet because of its adorable looks.",Pink,Quadruped,Forest,Ground,Fairy,Fast
301,1.1,32.6,140,https://raw.githubusercontent.com/PokeAPI/sprites/master/sprites/pokemon/other/official-artwork/301.png,https://raw.githubusercontent.com/PokeAPI/sprites/master/sprites/pokemon/other/showdown/301.gif,60,70,6,Prim Pokémon,"Delcatty sleeps anywhere it wants without keeping a permanent nest. If other Pokémon approach it as it sleeps, this Pokémon will never fight—it will just move away somewhere else.",Purple,Quadruped,Forest,Ground,Fairy,Fast
302,0.5,11.0,133,https://raw.githubusercontent.com/PokeAPI/sprites/master/sprites/pokemon/other/official-artwork/302.png,https://raw.githubusercontent.com/PokeAPI/sprites/master/sprites/pokemon/other/showdown/302.gif,45,35,4,Darkness Pokémon,"It feeds on gemstone crystals. In darkness, its eyes sparkle with the glitter of jewels.",Purple,Humanoid,Cave,Humanshape,,Medium Slow
303,0.6,11.5,133,https://raw.githubusercontent.com/PokeAPI/sprites/master/sprites/pokemon/other/official-artwork/303.png,https://raw.githubusercontent.com/PokeAPI/sprites/master/sprites/pokemon/other/showdown/303.gif,45,70,4,Deceiver Pokémon,It chomps with its gaping mouth. Its huge jaws are actually steel horns that have been transformed.,Black,Humanoid,Cave,Ground,Fairy,Fast
304,0.4,60.0,66,https://raw.githubusercontent.com/PokeAPI/sprites/master/sprites/pokemon/other/official-artwork/304.png,https://raw.githubusercontent.com/PokeAPI/sprites/master/sprites/pokemon/other/showdown/304.gif,180,35,4,Iron Armor Pokémon,"When Aron evolves, its steel armor peels off. In ancient times, people would collect Aron’s shed armor and make good use of it in their daily lives.",Gray,Quadruped,Mountain,Monster,,Slow
305,0.9,120.0,151,https://raw.githubusercontent.com/PokeAPI/sprites/master/sprites/pokemon/other/official-artwork/305.png,https://raw.githubusercontent.com/PokeAPI/sprites/master/sprites/pokemon/other/showdown/305.gif,90,35,4,Iron Armor Pokémon,"During territorial disputes, Lairon fight by slamming into each other. Close inspection of their steel armor reveals scratches and dents.",Gray,Quadruped,Mountain,Monster,,Slow
306,2.1,360.0,239,https://raw.githubusercontent.com/PokeAPI/sprites/master/sprites/pokemon/other/official-artwork/306.png,https://raw.githubusercontent.com/PokeAPI/sprites/master/sprites/pokemon/other/showdown/306.gif,45,35,4,Iron Armor Pokémon,"Long ago, there was a king who wore a helmet meant to resemble the head of an Aggron. He was trying to channel the Pokémon’s strength.",Gray,Upright,Mountain,Monster,,Slow
307,0.6,11.2,56,https://raw.githubusercontent.com/PokeAPI/sprites/master/sprites/pokemon/other/official-artwork/307.png,https://raw.githubusercontent.com/PokeAPI/sprites/master/sprites/pokemon/other/showdown/307.gif,180,70,4,Meditate Pokémon,Meditite heightens its inner energy through meditation. It survives on just one berry a day. Minimal eating is another aspect of this Pokémon’s training.,Blue,Humanoid,Mountain,Humanshape,,Medium
308,1.3,31.5,144,https://raw.githubusercontent.com/PokeAPI/sprites/master/sprites/pokemon/other/official-artwork/308.png,https://raw.githubusercontent.com/PokeAPI/sprites/master/sprites/pokemon/other/showdown/308.gif,90,70,4,Meditate Pokémon,"Through the power of meditation, Medicham developed its sixth sense. It gained the ability to use psychokinetic powers. This Pokémon is known to meditate for a whole month without eating.",Red,Humanoid,Mountain,Humanshape,,Medium
309,0.6,15.2,59,https://raw.githubusercontent.com/PokeAPI/sprites/master/sprites/pokemon/other/official-artwork/309.png,https://raw.githubusercontent.com/PokeAPI/sprites/master/sprites/pokemon/other/showdown/309.gif,120,70,4,Lightning Pokémon,It stores electricity in its fur. It gives off sparks from all over its body in seasons when the air is dry.,Green,Quadruped,Grassland,Ground,,Slow
310,1.5,40.2,166,https://raw.githubusercontent.com/PokeAPI/sprites/master/sprites/pokemon/other/official-artwork/310.png,https://raw.githubusercontent.com/PokeAPI/sprites/master/sprites/pokemon/other/showdown/310.gif,45,70,4,Discharge Pokémon,It rarely appears before people. It is said to nest where lightning has fallen.,Yellow,Quadruped,Grassland,Ground,,Slow
311,0.4,4.2,142,https://raw.githubusercontent.com/PokeAPI/sprites/master/sprites/pokemon/other/official-artwork/311.png,https://raw.githubusercontent.com/PokeAPI/sprites/master/sprites/pokemon/other/showdown/311.gif,200,70,4,Cheering Pokémon,"When Plusle is cheering on its partner, it flashes with electric sparks from all over its body. If its partner loses, this Pokémon cries loudly.",Yellow,Upright,Grassland,Fairy,,Medium
312,0.4,4.2,142,https://raw.githubusercontent.com/PokeAPI/sprites/master/sprites/pokemon/other/official-artwork/312.png,https://raw.githubusercontent.com/PokeAPI/sprites/master/sprites/pokemon/other/showdown/312.gif,200,70,4,Cheering Pokémon,"Minun loves to cheer on its partner in battle. It gives off sparks from its body while it is doing so. If its partner is in trouble, this Pokémon gives off increasing amounts of sparks.",Yellow,Upright,Grassland,Fairy,,Medium
313,0.7,17.7,151,https://raw.githubusercontent.com/PokeAPI/sprites/master/sprites/pokemon/other/official-artwork/313.png,https://raw.githubusercontent.com/PokeAPI/sprites/master/sprites/pokemon/other/showdown/313.gif,150,70,0,Firefly Pokémon,"Volbeat’s tail glows like a lightbulb. With other Volbeat, it uses its tail to draw geometric shapes in the night sky. This Pokémon loves the sweet aroma given off by Illumise.",Gray,Upright,Forest,Bug,Humanshape,Slow Then Very Fast
314,0.6,17.7,151,https://raw.githubusercontent.com/PokeAPI/sprites/master/sprites/pokemon/other/official-artwork/314.png,https://raw.githubusercontent.com/PokeAPI/sprites/master/sprites/pokemon/other/showdown/314.gif,150,70,8,Firefly Pokémon,Illumise leads a flight of illuminated Volbeat to draw signs in the night sky. This Pokémon is said to earn greater respect from its peers by composing more complex designs in the sky.,Purple,Humanoid,Forest,Bug,Humanshape,Fast Then Very Slow
315,0.3,2.0,140,https://raw.githubusercontent.com/PokeAPI/sprites/master/sprites/pokemon/other/official-artwork/315.png,https://raw.githubusercontent.com/PokeAPI/sprites/master/sprites/pokemon/other/showdown/315.gif,150,70,4,Thorn Pokémon,"Though beautiful, it has highly poisonous thorns. There is an old tradition in my homeland wherein one would send these thorns to an opponent to challenge them to a duel.",Green,Humanoid,Grassland,Fairy,Plant,Medium Slow
316,0.4,10.3,60,https://raw.githubusercontent.com/PokeAPI/sprites/master/sprites/pokemon/other/official-artwork/316.png,https://raw.githubusercontent.com/PokeAPI/sprites/master/sprites/pokemon/other/showdown/316.gif,225,70,4,Stomach Pokémon,Most of Gulpin’s body is made up of its stomach—its heart and brain are very small in comparison. This Pokémon’s stomach contains special enzymes that dissolve anything.,Green,Arms,Grassland,Indeterminate,,Fast Then Very Slow
317,1.7,80.0,163,https://raw.githubusercontent.com/PokeAPI/sprites/master/sprites/pokemon/other/official-artwork/317.png,https://raw.githubusercontent.com/PokeAPI/sprites/master/sprites/pokemon/other/showdown/317.gif,75,70,4,Poison Bag Pokémon,"Swalot has no teeth, so what it eats, it swallows whole, no matter what. Its cavernous mouth yawns widely. An automobile tire could easily fit inside this Pokémon’s mouth.",Purple,Arms,Grassland,Indeterminate,,Fast Then Very Slow
318,0.8,20.8,61,https://raw.githubusercontent.com/PokeAPI/sprites/master/sprites/pokemon/other/official-artwork/318.png,https://raw.githubusercontent.com/PokeAPI/sprites/master/sprites/pokemon/other/showdown/318.gif,225,35,4,Savage Pokémon,These Pokémon have sharp fangs and powerful jaws. Sailors avoid Carvanha dens at all costs.,Red,Fish,Sea,Water2,,Slow
319,1.8,88.8,161,https://raw.githubusercontent.com/PokeAPI/sprites/master/sprites/pokemon/other/official-artwork/319.png,https://raw.githubusercontent.com/PokeAPI/sprites/master/sprites/pokemon/other/showdown/319.gif,60,35,4,Brutal Pokémon,This Pokémon is known as the Bully of the Sea. Any ship entering the waters Sharpedo calls home will be attacked—no exceptions.,Blue,Fish,Sea,Water2,,Slow
320,2.0,130.0,80,https://raw.githubusercontent.com/PokeAPI/sprites/master/sprites/pokemon/other/official-artwork/320.png,https://raw.githubusercontent.com/PokeAPI/sprites/master/sprites/pokemon/other/showdown/320.gif,125,70,4,Ball Whale Pokémon,"When it sucks in a large volume of seawater, it becomes like a big, bouncy ball. It eats a ton of food daily.",Blue,Fish,Sea,Ground,Water2,Fast Then Very Slow
321,14.5,398.0,175,https://raw.githubusercontent.com/PokeAPI/sprites/master/sprites/pokemon/other/official-artwork/321.png,https://raw.githubusercontent.com/PokeAPI/sprites/master/sprites/pokemon/other/showdown/321.gif,60,70,4,Float Whale Pokémon,Its immense size is the reason for its popularity. Wailord watching is a favorite sightseeing activity in various parts of the world.,Blue,Fish,Sea,Ground,Water2,Fast Then Very Slow
322,0.7,24.0,61,https://raw.githubusercontent.com/PokeAPI/sprites/master/sprites/pokemon/other/official-artwork/322.png,https://raw.githubusercontent.com/PokeAPI/sprites/master/sprites/pokemon/other/showdown/322.gif,255,70,4,Numb Pokémon,"Numel stores magma of almost 2,200 degrees Fahrenheit within its body. If it gets wet, the magma cools and hardens. In that event, the Pokémon’s body grows heavy and its movements become sluggish.",Yellow,Quadruped,Mountain,Ground,,Medium
323,1.9,220.0,161,https://raw.githubusercontent.com/PokeAPI/sprites/master/sprites/pokemon/other/official-artwork/323.png,https://raw.githubusercontent.com/PokeAPI/sprites/master/sprites/pokemon/other/showdown/323.gif,150,70,4,Eruption Pokémon,The humps on Camerupt’s back are formed by a transformation of its bones. They sometimes blast out molten magma. This Pokémon apparently erupts often when it is enraged.,Red,Quadruped,Mountain,Ground,,Medium
324,0.5,80.4,165,https://raw.githubusercontent.com/PokeAPI/sprites/master/sprites/pokemon/other/official-artwork/324.png,https://raw.githubusercontent.com/PokeAPI/sprites/master/sprites/pokemon/other/showdown/324.gif,90,70,4,Coal Pokémon,You find abandoned coal mines full of them. They dig tirelessly in search of coal.,Brown,Quadruped,Mountain,Ground,,Medium
325,0.7,30.6,66,https://raw.githubusercontent.com/PokeAPI/sprites/master/sprites/pokemon/other/official-artwork/325.png,https://raw.githubusercontent.com/PokeAPI/sprites/master/sprites/pokemon/other/showdown/325.gif,255,70,4,Bounce Pokémon,Spoink keeps a pearl on top of its head. The pearl functions to amplify this Pokémon’s psychokinetic powers. It is therefore on a constant search for a bigger pearl.,Black,Arms,Mountain,Ground,,Fast
326,0.9,71.5,165,https://raw.githubusercontent.com/PokeAPI/sprites/master/sprites/pokemon/other/official-artwork/326.png,https://raw.githubusercontent.com/PokeAPI/sprites/master/sprites/pokemon/other/showdown/326.gif,60,70,4,Manipulate Pokémon,"Grumpig uses the black pearls on its body to wield its fantastic powers. When it is doing so, it dances bizarrely. This Pokémon’s black pearls are valuable as works of art.",Purple,Upright,Mountain,Ground,,Fast
327,1.1,5.0,126,https://raw.githubusercontent.com/PokeAPI/sprites/master/sprites/pokemon/other/official-artwork/327.png,https://raw.githubusercontent.com/PokeAPI/sprites/master/sprites/pokemon/other/showdown/327.gif,255,70,4,Spot Panda Pokémon,"Each Spinda’s spot pattern is different. With its stumbling movements, it evades opponents’ attacks brilliantly!",Brown,Upright,Mountain,Ground,Humanshape,Fast
328,0.7,15.0,58,https://raw.githubusercontent.com/PokeAPI/sprites/master/sprites/pokemon/other/official-artwork/328.png,https://raw.githubusercontent.com/PokeAPI/sprites/master/sprites/pokemon/other/showdown/328.gif,255,70,4,Ant Pit Pokémon,It makes an inescapable conical pit and lies in wait at the bottom for prey to come tumbling down.,Brown,Armor,Rough Terrain,Bug,Dragon,Medium Slow
329,1.1,15.3,119,https://raw.githubusercontent.com/PokeAPI/sprites/master/sprites/pokemon/other/official-artwork/329.png,https://raw.githubusercontent.com/PokeAPI/sprites/master/sprites/pokemon/other/showdown/329.gif,120,70,4,Vibration Pokémon,"To help make its wings grow, it dissolves quantities of prey in its digestive juices and guzzles them down every day.",Green,Bug Wings,Rough Terrain,Bug,Dragon,Medium Slow
330,2.0,82.0,234,https://raw.githubusercontent.com/PokeAPI/sprites/master/sprites/pokemon/other/official-artwork/330.png,https://raw.githubusercontent.com/PokeAPI/sprites/master/sprites/pokemon/other/showdown/330.gif,45,70,4,Mystic Pokémon,It is nicknamed the Desert Spirit because the flapping of its wings sounds like a woman singing.,Green,Wings,Rough Terrain,Bug,Dragon,Medium Slow
331,0.4,51.3,67,https://raw.githubusercontent.com/PokeAPI/sprites/master/sprites/pokemon/other/official-artwork/331.png,https://raw.githubusercontent.com/PokeAPI/sprites/master/sprites/pokemon/other/showdown/331.gif,190,35,4,Cactus Pokémon,"The more arid and harsh the environment, the more pretty and fragrant a flower Cacnea grows. This Pokémon battles by wildly swinging its thorny arms.",Green,Humanoid,Rough Terrain,Plant,Humanshape,Medium Slow
332,1.3,77.4,166,https://raw.githubusercontent.com/PokeAPI/sprites/master/sprites/pokemon/other/official-artwork/332.png,https://raw.githubusercontent.com/PokeAPI/sprites/master/sprites/pokemon/other/showdown/332.gif,60,35,4,Scarecrow Pokémon,"If a traveler is going through a desert in the thick of night, Cacturne will follow in a ragtag group. The Pokémon are biding their time, waiting for the traveler to tire and become incapable of moving.",Green,Humanoid,Rough Terrain,Plant,Humanshape,Medium Slow
333,0.4,1.2,62,https://raw.githubusercontent.com/PokeAPI/sprites/master/sprites/pokemon/other/official-artwork/333.png,https://raw.githubusercontent.com/PokeAPI/sprites/master/sprites/pokemon/other/showdown/333.gif,255,70,4,Cotton Bird Pokémon,"Since Swablu looks like a cumulus cloud, foes can have a hard time finding it. Apparently its wings turned white over many generations.",Blue,Wings,Forest,Flying,Dragon,Slow Then Very Fast
334,1.1,20.6,172,https://raw.githubusercontent.com/PokeAPI/sprites/master/sprites/pokemon/other/official-artwork/334.png,https://raw.githubusercontent.com/PokeAPI/sprites/master/sprites/pokemon/other/showdown/334.gif,45,70,4,Humming Pokémon,"This Pokémon has a kind disposition, but if it’s provoked, it will threaten opponents with shrill cries before attacking them without mercy.",Blue,Wings,Forest,Flying,Dragon,Slow Then Very Fast
335,1.3,40.3,160,https://raw.githubusercontent.com/PokeAPI/sprites/master/sprites/pokemon/other/official-artwork/335.png,https://raw.githubusercontent.com/PokeAPI/sprites/master/sprites/pokemon/other/showdown/335.gif,90,70,4,Cat Ferret Pokémon,"Zangoose usually stays on all fours, but when angered, it gets up on its hind legs and extends its claws. This Pokémon shares a bitter rivalry with Seviper that dates back over generations.",White,Upright,Grassland,Ground,,Slow Then Very Fast
336,2.7,52.5,160,https://raw.githubusercontent.com/PokeAPI/sprites/master/sprites/pokemon/other/official-artwork/336.png,https://raw.githubusercontent.com/PokeAPI/sprites/master/sprites/pokemon/other/showdown/336.gif,90,70,4,Fang Snake Pokémon,Seviper’s swordlike tail serves two purposes—it slashes foes and douses them with secreted poison. This Pokémon will not give up its long-running blood feud with Zangoose.,Black,Squiggle,Grassland,Ground,Dragon,Fast Then Very Slow
337,1.0,168.0,161,https://raw.githubusercontent.com/PokeAPI/sprites/master/sprites/pokemon/other/official-artwork/337.png,https://raw.githubusercontent.com/PokeAPI/sprites/master/sprites/pokemon/other/showdown/337.gif,45,70,-1,Meteorite Pokémon,It was discovered at the site of a meteor strike 40 years ago. Its stare can lull its foes to sleep.,Yellow,Ball,Cave,Mineral,,Fast
338,1.2,154.0,161,https://raw.githubusercontent.com/PokeAPI/sprites/master/sprites/pokemon/other/official-artwork/338.png,https://raw.githubusercontent.com/PokeAPI/sprites/master/sprites/pokemon/other/showdown/338.gif,45,70,-1,Meteorite Pokémon,"Solar energy is the source of its power, so it is strong during the daytime. When it spins, its body shines.",Red,Ball,Cave,Mineral,,Fast
339,0.4,1.9,58,https://raw.githubusercontent.com/PokeAPI/sprites/master/sprites/pokemon/other/official-artwork/339.png,https://raw.githubusercontent.com/PokeAPI/sprites/master/sprites/pokemon/other/showdown/339.gif,190,70,4,Whiskers Pokémon,"Makes its home in swamps with murky water. The poor visibility hides this Pokémon from predators, and the slime on its body makes grasping it difficult.",Gray,Fish,Waters Edge,Water2,,Medium
340,0.9,23.6,164,https://raw.githubusercontent.com/PokeAPI/sprites/master/sprites/pokemon/other/official-artwork/340.png,https://raw.githubusercontent.com/PokeAPI/sprites/master/sprites/pokemon/other/showdown/340.gif,75,70,4,Whiskers Pokémon,Strikes its caudal fin against the swamp bed to shake the ground and startle its prey. It will then swallow the fleeing prey whole. People mistook this behavior as the cause of earthquakes.,Blue,Fish,Waters Edge,Water2,,Medium
341,0.6,11.5,62,https://raw.githubusercontent.com/PokeAPI/sprites/master/sprites/pokemon/other/official-artwork/341.png,https://raw.githubusercontent.com/PokeAPI/sprites/master/sprites/pokemon/other/showdown/341.gif,205,70,4,Ruffian Pokémon,It was originally a Pokémon from afar that escaped to the wild. It can adapt to the dirtiest river.,Red,Armor,Waters Edge,Water1,Water3,Fast Then Very Slow
342,1.1,32.8,164,https://raw.githubusercontent.com/PokeAPI/sprites/master/sprites/pokemon/other/official-artwork/342.png,https://raw.githubusercontent.com/PokeAPI/sprites/master/sprites/pokemon/other/showdown/342.gif,155,70,4,Rogue Pokémon,A brutish Pokémon that loves to battle. It will crash itself into any foe that approaches its nest.,Red,Armor,Waters Edge,Water1,Water3,Fast Then Very Slow
343,0.5,21.5,60,https://raw.githubusercontent.com/PokeAPI/sprites/master/sprites/pokemon/other/official-artwork/343.png,https://raw.githubusercontent.com/PokeAPI/sprites/master/sprites/pokemon/other/showdown/343.gif,255,70,-1,Clay Doll Pokémon,"It was discovered in ancient ruins. While moving, it constantly spins. It stands on one foot even when asleep.",Brown,Arms,Rough Terrain,Mineral,,Medium
344,1.5,108.0,175,https://raw.githubusercontent.com/PokeAPI/sprites/master/sprites/pokemon/other/official-artwork/344.png,https://raw.githubusercontent.com/PokeAPI/sprites/master/sprites/pokemon/other/showdown/344.gif,90,70,-1,Clay Doll Pokémon,It appears to have been born from clay dolls made by ancient people. It uses telekinesis to float and move.,Black,Arms,Rough Terrain,Mineral,,Medium
345,1.0,23.8,71,https://raw.githubusercontent.com/PokeAPI/sprites/master/sprites/pokemon/other/official-artwork/345.png,https://raw.githubusercontent.com/PokeAPI/sprites/master/sprites/pokemon/other/showdown/345.gif,45,70,1,Sea Lily Pokémon,"Lileep clings to rocks on the seabed. When prey comes close, this Pokémon entangles it with petallike tentacles.",Purple,Blob,Sea,Water3,,Slow Then Very Fast
346,1.5,60.4,173,https://raw.githubusercontent.com/PokeAPI/sprites/master/sprites/pokemon/other/official-artwork/346.png,https://raw.githubusercontent.com/PokeAPI/sprites/master/sprites/pokemon/other/showdown/346.gif,45,70,1,Barnacle Pokémon,"Once Cradily catches prey in its tentacles, it digests them whole and absorbs their nutrients.",Green,Blob,Sea,Water3,,Slow Then Very Fast
347,0.7,12.5,71,https://raw.githubusercontent.com/PokeAPI/sprites/master/sprites/pokemon/other/official-artwork/347.png,https://raw.githubusercontent.com/PokeAPI/sprites/master/sprites/pokemon/other/showdown/347.gif,45,70,1,Old Shrimp Pokémon,Anorith can swim swiftly by pulling its eight wings through the water like oars on a boat. This Pokémon is an ancestor of modern bug Pokémon.,Gray,Armor,Waters Edge,Water3,,Slow Then Very Fast
348,1.5,68.2,173,https://raw.githubusercontent.com/PokeAPI/sprites/master/sprites/pokemon/other/official-artwork/348.png,https://raw.githubusercontent.com/PokeAPI/sprites/master/sprites/pokemon/other/showdown/348.gif,45,70,1,Plate Pokémon,"Though it lives on land, it’s also a good swimmer. It dives into the ocean in search of prey, using its sharp claws to take down its quarry.",Gray,Upright,Waters Edge,Water3,,Slow Then Very Fast
349,0.6,7.4,40,https://raw.githubusercontent.com/PokeAPI/sprites/master/sprites/pokemon/other/official-artwork/349.png,https://raw.githubusercontent.com/PokeAPI/sprites/master/sprites/pokemon/other/showdown/349.gif,255,70,4,Fish Pokémon,"It is a shabby and ugly Pokémon. However, it is very hardy and can survive on little water.",Brown,Fish,Waters Edge,Water1,Dragon,Slow Then Very Fast
350,6.2,162.0,189,https://raw.githubusercontent.com/PokeAPI/sprites/master/sprites/pokemon/other/official-artwork/350.png,https://raw.githubusercontent.com/PokeAPI/sprites/master/sprites/pokemon/other/showdown/350.gif,60,70,4,Tender Pokémon,It’s said that a glimpse of a Milotic and its beauty will calm any hostile emotions you’re feeling.,Pink,Squiggle,Waters Edge,Water1,Dragon,Slow Then Very Fast
351,0.3,0.8,147,https://raw.githubusercontent.com/PokeAPI/sprites/master/sprites/pokemon/other/official-artwork/351.png,https://raw.githubusercontent.com/PokeAPI/sprites/master/sprites/pokemon/other/showdown/351.gif,45,70,4,Weather Pokémon,"Its form changes depending on the weather. The rougher conditions get, the rougher Castform’s disposition!",Gray,Ball,Grassland,Fairy,Indeterminate,Medium
352,1.0,22.0,154,https://raw.githubusercontent.com/PokeAPI/sprites/master/sprites/pokemon/other/official-artwork/352.png,https://raw.githubusercontent.com/PokeAPI/sprites/master/sprites/pokemon/other/showdown/352.gif,200,70,4,Color Swap Pokémon,"Its color changes for concealment and also when its mood or health changes. The darker the color, the healthier it is.",Green,Upright,Forest,Ground,,Medium Slow
353,0.6,2.3,59,https://raw.githubusercontent.com/PokeAPI/sprites/master/sprites/pokemon/other/official-artwork/353.png,https://raw.githubusercontent.com/PokeAPI/sprites/master/sprites/pokemon/other/showdown/353.gif,225,35,4,Puppet Pokémon,"There’s a proverb that says, “Shun the house where Shuppet gather in the growing dusk.”",Black,Ball,Urban,Indeterminate,,Fast
354,1.1,12.5,159,https://raw.githubusercontent.com/PokeAPI/sprites/master/sprites/pokemon/other/official-artwork/354.png,https://raw.githubusercontent.com/PokeAPI/sprites/master/sprites/pokemon/other/showdown/354.gif,45,35,4,Marionette Pokémon,"Resentment at being cast off made it spring into being. Some say that treating it well will satisfy it, and it will once more become a stuffed toy.",Black,Upright,Urban,Indeterminate,,Fast
355,0.8,15.0,59,https://raw.githubusercontent.com/PokeAPI/sprites/master/sprites/pokemon/other/official-artwork/355.png,https://raw.githubusercontent.com/PokeAPI/sprites/master/sprites/pokemon/other/showdown/355.gif,190,35,4,Requiem Pokémon,I've heard that the children of Hisui all begin to behave once they've been told the story of how this Pokémon roams about before the witching hour to spirit away misbehaving children.,Black,Arms,Forest,Indeterminate,,Fast
356,1.6,30.6,159,https://raw.githubusercontent.com/PokeAPI/sprites/master/sprites/pokemon/other/official-artwork/356.png,https://raw.githubusercontent.com/PokeAPI/sprites/master/sprites/pokemon/other/showdown/356.gif,90,35,4,Beckon Pokémon,"There are rumors that peeking inside its bandage-wrapped body will cause one to get pulled in through the gaps between the bandages, never to return. I've been too scared to verify.",Black,Humanoid,Forest,Indeterminate,,Fast
357,2.0,100.0,161,https://raw.githubusercontent.com/PokeAPI/sprites/master/sprites/pokemon/other/official-artwork/357.png,https://raw.githubusercontent.com/PokeAPI/sprites/master/sprites/pokemon/other/showdown/357.gif,200,70,4,Fruit Pokémon,"Bunches of delicious fruit grow around its neck. In warm areas, many ranches raise Tropius.",Green,Quadruped,Forest,Monster,Plant,Slow
358,0.6,1.0,159,https://raw.githubusercontent.com/PokeAPI/sprites/master/sprites/pokemon/other/official-artwork/358.png,https://raw.githubusercontent.com/PokeAPI/sprites/master/sprites/pokemon/other/showdown/358.gif,45,70,4,Wind Chime Pokémon,Can emit waves of air powerful enough to knock out prey taller than itself. I hypothesize that it amplifies the faint sound of wind within its body.,Blue,Arms,Grassland,Indeterminate,,Fast
359,1.2,47.0,163,https://raw.githubusercontent.com/PokeAPI/sprites/master/sprites/pokemon/other/official-artwork/359.png,https://raw.githubusercontent.com/PokeAPI/sprites/master/sprites/pokemon/other/showdown/359.gif,30,35,4,Disaster Pokémon,"Because of this Pokémon’s ability to detect danger, people mistook Absol as a bringer of doom.",White,Quadruped,Mountain,Ground,,Medium Slow
360,0.6,14.0,52,https://raw.githubusercontent.com/PokeAPI/sprites/master/sprites/pokemon/other/official-artwork/360.png,https://raw.githubusercontent.com/PokeAPI/sprites/master/sprites/pokemon/other/showdown/360.gif,125,70,4,Bright Pokémon,It tends to move in a pack with others. They cluster in a tight group to sleep in a cave.,Blue,Upright,Cave,No Eggs,,Medium
361,0.7,16.8,60,https://raw.githubusercontent.com/PokeAPI/sprites/master/sprites/pokemon/other/official-artwork/361.png,https://raw.githubusercontent.com/PokeAPI/sprites/master/sprites/pokemon/other/showdown/361.gif,190,70,4,Snow Hat Pokémon,"Arrives alongside the first snow. It's thought that homes Snorunt visit will prosper for many generations. By tradition, one might offer a lump of ice made from pure water at one's front door.",Gray,Humanoid,Cave,Fairy,Mineral,Medium
362,1.5,256.5,168,https://raw.githubusercontent.com/PokeAPI/sprites/master/sprites/pokemon/other/official-artwork/362.png,https://raw.githubusercontent.com/PokeAPI/sprites/master/sprites/pokemon/other/showdown/362.gif,75,70,4,Face Pokémon,"It covers its body with an armor of ice harder than steel. Uses its breath to freeze prey, which it then devours as if they were frozen desserts.",Gray,Ball,Cave,Fairy,Mineral,Medium
363,0.8,39.5,58,https://raw.githubusercontent.com/PokeAPI/sprites/master/sprites/pokemon/other/official-artwork/363.png,https://raw.githubusercontent.com/PokeAPI/sprites/master/sprites/pokemon/other/showdown/363.gif,255,70,4,Clap Pokémon,"During the season when drift ice approaches the shore, Spheal prefers living on the ice—where fewer predators lurk—rather than the land. Its fur retains heat superbly and resists harsh cold.",Blue,Fish,Sea,Water1,Ground,Medium Slow
364,1.1,87.6,144,https://raw.githubusercontent.com/PokeAPI/sprites/master/sprites/pokemon/other/official-artwork/364.png,https://raw.githubusercontent.com/PokeAPI/sprites/master/sprites/pokemon/other/showdown/364.gif,120,70,4,Ball Roll Pokémon,"Its white whiskers are very sensitive. Sealeo will balance Spheal on the tip of its nose, checking its scent and its feel to be sure the Spheal is healthy.",Blue,Fish,Sea,Water1,Ground,Medium Slow
365,1.4,150.6,239,https://raw.githubusercontent.com/PokeAPI/sprites/master/sprites/pokemon/other/official-artwork/365.png,https://raw.githubusercontent.com/PokeAPI/sprites/master/sprites/pokemon/other/showdown/365.gif,45,70,4,Ice Break Pokémon,"Its thick tusks are strong enough to shatter drift ice. They have been known to break, but they will grow back by the next year. The Hisui region is well known for these broken tusks.",Blue,Quadruped,Sea,Water1,Ground,Medium Slow
366,0.4,52.5,69,https://raw.githubusercontent.com/PokeAPI/sprites/master/sprites/pokemon/other/official-artwork/366.png,https://raw.githubusercontent.com/PokeAPI/sprites/master/sprites/pokemon/other/showdown/366.gif,255,70,4,Bivalve Pokémon,Clamperl’s pearls are exceedingly precious. They can be more than 10 times as costly as Shellder’s pearls.,Blue,Ball,Sea,Water1,,Slow Then Very Fast
367,1.7,27.0,170,https://raw.githubusercontent.com/PokeAPI/sprites/master/sprites/pokemon/other/official-artwork/367.png,https://raw.githubusercontent.com/PokeAPI/sprites/master/sprites/pokemon/other/showdown/367.gif,60,70,4,Deep Sea Pokémon,"Deep seas are their habitat. According to tradition, when Huntail wash up onshore, something unfortunate will happen.",Blue,Squiggle,Sea,Water1,,Slow Then Very Fast
368,1.8,22.6,170,https://raw.githubusercontent.com/PokeAPI/sprites/master/sprites/pokemon/other/official-artwork/368.png,https://raw.githubusercontent.com/PokeAPI/sprites/master/sprites/pokemon/other/showdown/368.gif,60,70,4,South Sea Pokémon,"It sucks bodily fluids out of its prey. The leftover meat sinks to the seafloor, where it becomes food for other Pokémon.",Pink,Squiggle,Sea,Water1,,Slow Then Very Fast
369,1.0,23.4,170,https://raw.githubusercontent.com/PokeAPI/sprites/master/sprites/pokemon/other/official-artwork/369.png,https://raw.githubusercontent.com/PokeAPI/sprites/master/sprites/pokemon/other/showdown/369.gif,25,70,1,Longevity Pokémon,"This Pokémon was discovered during deep-sea exploration. Its appearance hasn’t changed in 100,000,000 years, so it’s called a living fossil.",Gray,Fish,Sea,Water1,Water2,Slow
370,0.6,8.7,116,https://raw.githubusercontent.com/PokeAPI/sprites/master/sprites/pokemon/other/official-artwork/370.png,https://raw.githubusercontent.com/PokeAPI/sprites/master/sprites/pokemon/other/showdown/370.gif,225,70,6,Rendezvous Pokémon,Luvdisc makes its home in coral reefs in warm seas. It especially likes sleeping in the space between Corsola’s branches.,Pink,Fish,Sea,Water2,,Fast
371,0.6,42.1,60,https://raw.githubusercontent.com/PokeAPI/sprites/master/sprites/pokemon/other/official-artwork/371.png,https://raw.githubusercontent.com/PokeAPI/sprites/master/sprites/pokemon/other/showdown/371.gif,45,35,4,Rock Head Pokémon,Bagon is a solitary Pokémon that doesn’t form groups with others of its kind. It also has a head hard enough to cleave a boulder in one strike.,Blue,Humanoid,Rough Terrain,Dragon,,Slow
372,1.1,110.5,147,https://raw.githubusercontent.com/PokeAPI/sprites/master/sprites/pokemon/other/official-artwork/372.png,https://raw.githubusercontent.com/PokeAPI/sprites/master/sprites/pokemon/other/showdown/372.gif,45,35,4,Endurance Pokémon,"Shelgon ignores its hunger entirely, never eating any food. Apparently, Shelgon will evolve once all its energy stores are used up.",White,Quadruped,Rough Terrain,Dragon,,Slow
373,1.5,102.6,270,https://raw.githubusercontent.com/PokeAPI/sprites/master/sprites/pokemon/other/official-artwork/373.png,https://raw.githubusercontent.com/PokeAPI/sprites/master/sprites/pokemon/other/showdown/373.gif,45,35,4,Dragon Pokémon,"While basking in the joy of flight generally keeps this Pokémon in high spirits, Salamence turns into an uncontrollable menace if something angers it.",Blue,Quadruped,Rough Terrain,Dragon,,Slow
374,0.6,95.2,60,https://raw.githubusercontent.com/PokeAPI/sprites/master/sprites/pokemon/other/official-artwork/374.png,https://raw.githubusercontent.com/PokeAPI/sprites/master/sprites/pokemon/other/showdown/374.gif,3,35,-1,Iron Ball Pokémon,"The cells in this Pokémon’s body are composed of magnetic material. Instead of blood, magnetic forces flow through Beldum’s body.",Blue,Blob,Rough Terrain,Mineral,,Slow
375,1.2,202.5,147,https://raw.githubusercontent.com/PokeAPI/sprites/master/sprites/pokemon/other/official-artwork/375.png,https://raw.githubusercontent.com/PokeAPI/sprites/master/sprites/pokemon/other/showdown/375.gif,3,35,-1,Iron Claw Pokémon,"Using magnetic forces to stay aloft, this Pokémon flies at high speeds, weaving through harsh mountain terrain in pursuit of prey.",Blue,Arms,Rough Terrain,Mineral,,Slow
376,1.6,550.0,270,https://raw.githubusercontent.com/PokeAPI/sprites/master/sprites/pokemon/other/official-artwork/376.png,https://raw.githubusercontent.com/PokeAPI/sprites/master/sprites/pokemon/other/showdown/376.gif,3,35,-1,Iron Leg Pokémon,Metagross is the result of the fusion of two Metang. This Pokémon defeats its opponents through use of its supercomputer-level brain.,Blue,Heads,Rough Terrain,Mineral,,Slow
377,1.7,230.0,261,https://raw.githubusercontent.com/PokeAPI/sprites/master/sprites/pokemon/other/official-artwork/377.png,https://raw.githubusercontent.com/PokeAPI/sprites/master/sprites/pokemon/other/showdown/377.gif,3,35,-1,Rock Peak Pokémon,"Cutting-edge technology was used to study the internals of this Pokémon’s rock body, but nothing was found—not even a brain or a heart.",Brown,Humanoid,Cave,No Eggs,,Slow
378,1.8,175.0,261,https://raw.githubusercontent.com/PokeAPI/sprites/master/sprites/pokemon/other/official-artwork/378.png,https://raw.githubusercontent.com/PokeAPI/sprites/master/sprites/pokemon/other/showdown/378.gif,3,35,-1,Iceberg Pokémon,This Pokémon’s body is made of solid ice. It’s said that Regice was born beneath thick ice in the ice age.,Blue,Humanoid,Cave,No Eggs,,Slow
379,1.9,205.0,261,https://raw.githubusercontent.com/PokeAPI/sprites/master/sprites/pokemon/other/official-artwork/379.png,https://raw.githubusercontent.com/PokeAPI/sprites/master/sprites/pokemon/other/showdown/379.gif,3,35,-1,Iron Pokémon,"It’s rumored that this Pokémon was born deep underground in the planet’s mantle and that it emerged onto the surface 10,000 years ago.",Gray,Humanoid,Cave,No Eggs,,Slow
380,1.4,40.0,270,https://raw.githubusercontent.com/PokeAPI/sprites/master/sprites/pokemon/other/official-artwork/380.png,https://raw.githubusercontent.com/PokeAPI/sprites/master/sprites/pokemon/other/showdown/380.gif,3,90,8,Eon Pokémon,Latias is highly intelligent and capable of understanding human speech. It is covered with a glass-like down. The Pokémon enfolds its body with its down and refracts light to alter its appearance.,Red,Wings,Waters Edge,No Eggs,,Slow
381,2.0,60.0,270,https://raw.githubusercontent.com/PokeAPI/sprites/master/sprites/pokemon/other/official-artwork/381.png,https://raw.githubusercontent.com/PokeAPI/sprites/master/sprites/pokemon/other/showdown/381.gif,3,90,0,Eon Pokémon,Latios will only open its heart to a Trainer with a compassionate spirit. This Pokémon can fly faster than a jet plane by folding its forelegs to minimize air resistance.,Blue,Wings,Waters Edge,No Eggs,,Slow
382,4.5,352.0,302,https://raw.githubusercontent.com/PokeAPI/sprites/master/sprites/pokemon/other/official-artwork/382.png,https://raw.githubusercontent.com/PokeAPI/sprites/master/sprites/pokemon/other/showdown/382.gif,3,0,-1,Sea Basin Pokémon,"Kyogre is said to be the personification of the sea itself. Legends tell of its many clashes against Groudon, as each sought to gain the power of nature.",Blue,Fish,Sea,No Eggs,,Slow
383,3.5,950.0,302,https://raw.githubusercontent.com/PokeAPI/sprites/master/sprites/pokemon/other/official-artwork/383.png,https://raw.githubusercontent.com/PokeAPI/sprites/master/sprites/pokemon/other/showdown/383.gif,3,0,-1,Continent Pokémon,"Through Primal Reversion and with nature’s full power, it will take back its true form. It can cause magma to erupt and expand the landmass of the world.",Red,Upright,Rough Terrain,No Eggs,,Slow
384,7.0,206.5,306,https://raw.githubusercontent.com/PokeAPI/sprites/master/sprites/pokemon/other/official-artwork/384.png,https://raw.githubusercontent.com/PokeAPI/sprites/master/sprites/pokemon/other/showdown/384.gif,45,0,-1,Sky High Pokémon,"It flies forever through the ozone layer, consuming meteoroids for sustenance. The many meteoroids in its body provide the energy it needs to Mega Evolve.",Green,Squiggle,Rare,No Eggs,,Slow
385,0.3,1.1,270,https://raw.githubusercontent.com/PokeAPI/sprites/master/sprites/pokemon/other/official-artwork/385.png,https://raw.githubusercontent.com/PokeAPI/sprites/master/sprites/pokemon/other/showdown/385.gif,3,100,-1,Wish Pokémon,"It’s believed that when this Pokémon wakes from its 1,000-year slumber, it will grant any wishes written on the notes attached to its head.",Yellow,Humanoid,Mountain,No Eggs,,Slow
386,1.7,60.8,270,https://raw.githubusercontent.com/PokeAPI/sprites/master/sprites/pokemon/other/official-artwork/386.png,https://raw.githubusercontent.com/PokeAPI/sprites/master/sprites/pokemon/other/showdown/386.gif,3,0,-1,DNA Pokémon,Deoxys emerged from a virus that came from space. It is highly intelligent and wields psychokinetic powers. This Pokémon shoots lasers from the crystalline organ on its chest.,Red,Humanoid,Rare,No Eggs,,Slow
387,0.4,10.2,64,https://raw.githubusercontent.com/PokeAPI/sprites/master/sprites/pokemon/other/official-artwork/387.png,https://raw.githubusercontent.com/PokeAPI/sprites/master/sprites/pokemon/other/showdown/387.gif,45,70,1,Tiny Leaf Pokémon,This Pokémon becomes more energetic the more sunlight there is. The part resembling a shell is similar to silt and is slightly damp and warm to the touch.,Green,Quadruped,Unknown,Monster,Plant,Medium Slow
388,1.1,97.0,142,https://raw.githubusercontent.com/PokeAPI/sprites/master/sprites/pokemon/other/official-artwork/388.png,https://raw.githubusercontent.com/PokeAPI/sprites/master/sprites/pokemon/other/showdown/388.gif,45,70,1,Grove Pokémon,"Appears where there is clean spring water. The fruit that grows on the shrubs on its shell is sweet, nutritious, and truly delicious.",Green,Quadruped,Unknown,Monster,Plant,Medium Slow
389,2.2,310.0,236,https://raw.githubusercontent.com/PokeAPI/sprites/master/sprites/pokemon/other/official-artwork/389.png,https://raw.githubusercontent.com/PokeAPI/sprites/master/sprites/pokemon/other/showdown/389.gif,45,70,1,Continent Pokémon,"This remarkable, large-bodied Pokémon would serve beautifully as borrowed scenery for a garden, and its strength is peerless. Torterra roams the wilderness in search of clean water.",Green,Quadruped,Unknown,Monster,Plant,Medium Slow
390,0.5,6.2,62,https://raw.githubusercontent.com/PokeAPI/sprites/master/sprites/pokemon/other/official-artwork/390.png,https://raw.githubusercontent.com/PokeAPI/sprites/master/sprites/pokemon/other/showdown/390.gif,45,70,1,Chimp Pokémon,Full of vigor and always in high spirits. It was once known by the name ”Lantern-Tail” and feared as some kind of apparition.,Brown,Upright,Unknown,Ground,Humanshape,Medium Slow
391,0.9,22.0,142,https://raw.githubusercontent.com/PokeAPI/sprites/master/sprites/pokemon/other/official-artwork/391.png,https://raw.githubusercontent.com/PokeAPI/sprites/master/sprites/pokemon/other/showdown/391.gif,45,70,1,Playful Pokémon,"The deeper the blue on its face, the more powerful it will grow to become. It leaps about every which way and lands powerful blows against its opponents with the flame on its tail.",Brown,Upright,Unknown,Ground,Humanshape,Medium Slow
392,1.2,55.0,240,https://raw.githubusercontent.com/PokeAPI/sprites/master/sprites/pokemon/other/official-artwork/392.png,https://raw.githubusercontent.com/PokeAPI/sprites/master/sprites/pokemon/other/showdown/392.gif,45,70,1,Flame Pokémon,"A tall, hardy Pokémon with a dazzling appearance. It shrouds itself in flame and battles as if engaged in dance—truly a sight to behold.",Brown,Upright,Unknown,Ground,Humanshape,Medium Slow
393,0.4,5.2,63,https://raw.githubusercontent.com/PokeAPI/sprites/master/sprites/pokemon/other/official-artwork/393.png,https://raw.githubusercontent.com/PokeAPI/sprites/master/sprites/pokemon/other/showdown/393.gif,45,70,1,Penguin Pokémon,"Prefers cold climes and appears along coasts. It's an adorable little thing—as cute as any child—but it's also prideful, unwilling to accept handouts from people.",Blue,Humanoid,Unknown,Water1,Ground,Medium Slow
394,0.8,23.0,142,https://raw.githubusercontent.com/PokeAPI/sprites/master/sprites/pokemon/other/official-artwork/394.png,https://raw.githubusercontent.com/PokeAPI/sprites/master/sprites/pokemon/other/showdown/394.gif,45,70,1,Penguin Pokémon,"It swims gracefully through the frigid sea and sings with a voice like the roaring tide. It has powerful, sturdy wings and dignity to match.",Blue,Upright,Unknown,Water1,Ground,Medium Slow
395,1.7,84.5,239,https://raw.githubusercontent.com/PokeAPI/sprites/master/sprites/pokemon/other/official-artwork/395.png,https://raw.githubusercontent.com/PokeAPI/sprites/master/sprites/pokemon/other/showdown/395.gif,45,70,1,Emperor Pokémon,"Since ancient times, it has been revered by the people of Hisui, who call it the Master of the Waves. Its wings are a match for even master-crafted blades.",Blue,Upright,Unknown,Water1,Ground,Medium Slow
396,0.3,2.0,49,https://raw.githubusercontent.com/PokeAPI/sprites/master/sprites/pokemon/other/official-artwork/396.png,https://raw.githubusercontent.com/PokeAPI/sprites/master/sprites/pokemon/other/showdown/396.gif,255,70,4,Starling Pokémon,"They live in the fields and mountains, gathering in large flocks. Their cries are quite obnoxious. Though small, their wings are strong—a strike from them leaves pain that persists for a week.",Brown,Wings,Unknown,Flying,,Medium Slow
397,0.6,15.5,119,https://raw.githubusercontent.com/PokeAPI/sprites/master/sprites/pokemon/other/official-artwork/397.png,https://raw.githubusercontent.com/PokeAPI/sprites/master/sprites/pokemon/other/showdown/397.gif,120,70,4,Starling Pokémon,They form remarkably large flocks and are constantly fighting amongst themselves. I suspect that those with magnificent plumes on their heads are the strong ones.,Brown,Wings,Unknown,Flying,,Medium Slow
398,1.2,24.9,218,https://raw.githubusercontent.com/PokeAPI/sprites/master/sprites/pokemon/other/official-artwork/398.png,https://raw.githubusercontent.com/PokeAPI/sprites/master/sprites/pokemon/other/showdown/398.gif,45,70,4,Predator Pokémon,"It has left the flock, having gained strength enough to survive on its own. The astounding force with which Staraptor flies through the air allows it to carry away large, burly targets.",Brown,Wings,Unknown,Flying,,Medium Slow
399,0.5,20.0,50,https://raw.githubusercontent.com/PokeAPI/sprites/master/sprites/pokemon/other/official-artwork/399.png,https://raw.githubusercontent.com/PokeAPI/sprites/master/sprites/pokemon/other/showdown/399.gif,255,70,4,Plump Mouse Pokémon,Bidoof has an unsophisticated face and is rarely flustered by anything. There have been incidents involving Bidoof sauntering into villages and gnawing on the houses without a single care.,Brown,Quadruped,Unknown,Water1,Ground,Medium
400,1.0,31.5,144,https://raw.githubusercontent.com/PokeAPI/sprites/master/sprites/pokemon/other/official-artwork/400.png,https://raw.githubusercontent.com/PokeAPI/sprites/master/sprites/pokemon/other/showdown/400.gif,127,70,4,Beaver Pokémon,Bibarel fur repels water and is also a fantastic material for heat retention. These Pokémon create dams on rivers to live in.,Brown,Upright,Unknown,Water1,Ground,Medium
401,0.3,2.2,39,https://raw.githubusercontent.com/PokeAPI/sprites/master/sprites/pokemon/other/official-artwork/401.png,https://raw.githubusercontent.com/PokeAPI/sprites/master/sprites/pokemon/other/showdown/401.gif,255,70,4,Cricket Pokémon,"When the trees take on new hues, more of these Pokémon appear. The tone they create by striking their antennae together resembles that of the marimba, an instrument of foreign lands.",Red,Humanoid,Unknown,Bug,,Medium Slow
402,1.0,25.5,134,https://raw.githubusercontent.com/PokeAPI/sprites/master/sprites/pokemon/other/official-artwork/402.png,https://raw.githubusercontent.com/PokeAPI/sprites/master/sprites/pokemon/other/showdown/402.gif,45,70,4,Cricket Pokémon,"It uses its cutlass-like arms to produce sound, the melody of which varies from individual to individual. It is a worthwhile endeavor to seek out one's favorite tunes.",Red,Bug Wings,Unknown,Bug,,Medium Slow
403,0.5,9.5,53,https://raw.githubusercontent.com/PokeAPI/sprites/master/sprites/pokemon/other/official-artwork/403.png,https://raw.githubusercontent.com/PokeAPI/sprites/master/sprites/pokemon/other/showdown/403.gif,235,70,4,Flash Pokémon,Shakes its body to generate electricity. Its stature belies its aggression—one must be patient to tame this Pokémon.,Blue,Quadruped,Unknown,Ground,,Medium Slow
404,0.9,30.5,127,https://raw.githubusercontent.com/PokeAPI/sprites/master/sprites/pokemon/other/official-artwork/404.png,https://raw.githubusercontent.com/PokeAPI/sprites/master/sprites/pokemon/other/showdown/404.gif,120,100,4,Spark Pokémon,"Proudly uses its electrified claws as weapons. It seems to be a gracious Pokémon, evenly sharing the spoils of the hunt with others of its kind.",Blue,Quadruped,Unknown,Ground,,Medium Slow
405,1.4,42.0,235,https://raw.githubusercontent.com/PokeAPI/sprites/master/sprites/pokemon/other/official-artwork/405.png,https://raw.githubusercontent.com/PokeAPI/sprites/master/sprites/pokemon/other/showdown/405.gif,45,70,4,Gleam Eyes Pokémon,"They form packs, each having one male as leader. Legends say that when Luxray's two eyes shimmer with gold, the Pokémon can see through anything.",Blue,Quadruped,Unknown,Ground,,Medium Slow
406,0.2,1.2,56,https://raw.githubusercontent.com/PokeAPI/sprites/master/sprites/pokemon/other/official-artwork/406.png,https://raw.githubusercontent.com/PokeAPI/sprites/master/sprites/pokemon/other/showdown/406.gif,255,70,4,Bud Pokémon,"When the sun's light strengthens, the bud atop this Pokémon's head opens. This is a sign to the people that the harsh winter is over, and the season of budding has begun.",Green,Humanoid,Unknown,No Eggs,,Medium Slow
407,0.9,14.5,232,https://raw.githubusercontent.com/PokeAPI/sprites/master/sprites/pokemon/other/official-artwork/407.png,https://raw.githubusercontent.com/PokeAPI/sprites/master/sprites/pokemon/other/showdown/407.gif,75,70,4,Bouquet Pokémon,Hidden within the bouquet on each hand are thorned whips loaded with virulent poison. Roserade moves gracefully as it corners its prey and mercilessly lashes them with its whips.,Green,Humanoid,Unknown,Fairy,Plant,Medium Slow
408,0.9,31.5,70,https://raw.githubusercontent.com/PokeAPI/sprites/master/sprites/pokemon/other/official-artwork/408.png,https://raw.githubusercontent.com/PokeAPI/sprites/master/sprites/pokemon/other/showdown/408.gif,45,70,1,Head Butt Pokémon,"An incredibly rare sight. They duel each other by ramming their heads together, and the resulting sound echoes throughout the area like the pealing of a bell.",Blue,Upright,Unknown,Monster,,Slow Then Very Fast
409,1.6,102.5,173,https://raw.githubusercontent.com/PokeAPI/sprites/master/sprites/pokemon/other/official-artwork/409.png,https://raw.githubusercontent.com/PokeAPI/sprites/master/sprites/pokemon/other/showdown/409.gif,45,70,1,Head Butt Pokémon,"Very little is known about its biology. Can knock down massive trees by smashing its beautiful, pearl-like crown against them.",Blue,Upright,Unknown,Monster,,Slow Then Very Fast
410,0.5,57.0,70,https://raw.githubusercontent.com/PokeAPI/sprites/master/sprites/pokemon/other/official-artwork/410.png,https://raw.githubusercontent.com/PokeAPI/sprites/master/sprites/pokemon/other/showdown/410.gif,45,70,1,Shield Pokémon,"Much remains unknown about this Pokémon, as few have ever seen it. However, we know that it is calm and dislikes conflict, and it enjoys polishing its face against trees and rocks.",Gray,Quadruped,Unknown,Monster,,Slow Then Very Fast
411,1.3,149.5,173,https://raw.githubusercontent.com/PokeAPI/sprites/master/sprites/pokemon/other/official-artwork/411.png,https://raw.githubusercontent.com/PokeAPI/sprites/master/sprites/pokemon/other/showdown/411.gif,45,70,1,Shield Pokémon,"Its face is sturdy—as strong as diamond—and this hardness offers a very stable defense. Much about this species is still unknown, such as its natural habitat.",Gray,Quadruped,Unknown,Monster,,Slow Then Very Fast
412,0.2,3.4,45,https://raw.githubusercontent.com/PokeAPI/sprites/master/sprites/pokemon/other/official-artwork/412.png,https://raw.githubusercontent.com/PokeAPI/sprites/master/sprites/pokemon/other/showdown/412.gif,120,70,4,Bagworm Pokémon,"If its cloak is even slightly damaged, Burmy will immediately repair it with whatever is close at hand. The Pokémon within the cloak is scrawny and vulnerable to the cold.",Green,Blob,Unknown,Bug,,Medium
413,0.5,6.5,148,https://raw.githubusercontent.com/PokeAPI/sprites/master/sprites/pokemon/other/official-artwork/413.png,https://raw.githubusercontent.com/PokeAPI/sprites/master/sprites/pokemon/other/showdown/413.gif,45,70,8,Bagworm Pokémon,"When Burmy evolved, its cloak became a part of this Pokémon’s body. The cloak is never shed.",Green,Blob,Unknown,Bug,,Medium
414,0.9,23.3,148,https://raw.githubusercontent.com/PokeAPI/sprites/master/sprites/pokemon/other/official-artwork/414.png,https://raw.githubusercontent.com/PokeAPI/sprites/master/sprites/pokemon/other/showdown/414.gif,45,70,0,Moth Pokémon,"Scatters steel-colored scales as it flaps its wings. Despite being observed feeding primarily on the nectar of flowers, Mothim is not often seen around flower gardens.",Yellow,Bug Wings,Unknown,Bug,,Medium
415,0.3,5.5,49,https://raw.githubusercontent.com/PokeAPI/sprites/master/sprites/pokemon/other/official-artwork/415.png,https://raw.githubusercontent.com/PokeAPI/sprites/master/sprites/pokemon/other/showdown/415.gif,120,70,1,Tiny Bee Pokémon,They swear fealty to a queen Pokémon and work diligently to gather nectar. Each swarm produces a different flavor of honey.,Yellow,Heads,Unknown,Bug,,Medium Slow
416,1.2,38.5,166,https://raw.githubusercontent.com/PokeAPI/sprites/master/sprites/pokemon/other/official-artwork/416.png,https://raw.githubusercontent.com/PokeAPI/sprites/master/sprites/pokemon/other/showdown/416.gif,45,70,8,Beehive Pokémon,Commands its subjects to build its hive. It will dispatch any interlopers who dare sneak into its nest and use them as nourishment for itself.,Yellow,Bug Wings,Unknown,Bug,,Medium Slow
417,0.4,3.9,142,https://raw.githubusercontent.com/PokeAPI/sprites/master/sprites/pokemon/other/official-artwork/417.png,https://raw.githubusercontent.com/PokeAPI/sprites/master/sprites/pokemon/other/showdown/417.gif,200,100,4,EleSquirrel Pokémon,"A species related to the Pikachu line. Though Pachirisu is a calm Pokémon, it still presents a danger should one touch its electrified tail or cheeks.",White,Quadruped,Unknown,Ground,Fairy,Medium
418,0.7,29.5,66,https://raw.githubusercontent.com/PokeAPI/sprites/master/sprites/pokemon/other/official-artwork/418.png,https://raw.githubusercontent.com/PokeAPI/sprites/master/sprites/pokemon/other/showdown/418.gif,190,70,4,Sea Weasel Pokémon,It moves freely in the water by spinning its forked tail for propulsion. The resemblance to the screw of a steamboat is coincidental.,Brown,Quadruped,Unknown,Water1,Ground,Medium
419,1.1,33.5,173,https://raw.githubusercontent.com/PokeAPI/sprites/master/sprites/pokemon/other/official-artwork/419.png,https://raw.githubusercontent.com/PokeAPI/sprites/master/sprites/pokemon/other/showdown/419.gif,75,70,4,Sea Weasel Pokémon,"Has a long, rather splendid flotation sac, which prevents Floatzel from drowning even in stormy seas. One might glimpse this species around fishing hamlets from time to time.",Brown,Quadruped,Unknown,Water1,Ground,Medium
420,0.4,3.3,55,https://raw.githubusercontent.com/PokeAPI/sprites/master/sprites/pokemon/other/official-artwork/420.png,https://raw.githubusercontent.com/PokeAPI/sprites/master/sprites/pokemon/other/showdown/420.gif,190,70,4,Cherry Pokémon,"Once the fruit growing alongside the main body is large and plump, Cherubi will use the nutrients within to evolve. The fruit then detaches, becoming nourishment for other creatures.",Pink,Heads,Unknown,Fairy,Plant,Medium
421,0.5,9.3,158,https://raw.githubusercontent.com/PokeAPI/sprites/master/sprites/pokemon/other/official-artwork/421.png,https://raw.githubusercontent.com/PokeAPI/sprites/master/sprites/pokemon/other/showdown/421.gif,75,70,4,Blossom Pokémon,"Motionless, save for the occasional quiver. A rich array of Pokémon can be found gathered around it, drawn by the scent exuded from Cherrim's folded petals.",Purple,Legs,Unknown,Fairy,Plant,Medium
422,0.3,6.3,65,https://raw.githubusercontent.com/PokeAPI/sprites/master/sprites/pokemon/other/official-artwork/422.png,https://raw.githubusercontent.com/PokeAPI/sprites/master/sprites/pokemon/other/showdown/422.gif,190,70,4,Sea Slug Pokémon,Found in abundance on seashores bordering warm waters. Shellos are unexpectedly friendly and will crawl toward any person they see. Take care not to get coated in mucus!,Purple,Squiggle,Unknown,Water1,Indeterminate,Medium
423,0.9,29.9,166,https://raw.githubusercontent.com/PokeAPI/sprites/master/sprites/pokemon/other/official-artwork/423.png,https://raw.githubusercontent.com/PokeAPI/sprites/master/sprites/pokemon/other/showdown/423.gif,75,70,4,Sea Slug Pokémon,"Eats beach sand for nourishment. Should one Gastrodon encounter another of a different color, a fierce battle will inevitably ensue.",Purple,Squiggle,Unknown,Water1,Indeterminate,Medium
424,1.2,20.3,169,https://raw.githubusercontent.com/PokeAPI/sprites/master/sprites/pokemon/other/official-artwork/424.png,https://raw.githubusercontent.com/PokeAPI/sprites/master/sprites/pokemon/other/showdown/424.gif,45,100,4,Long Tail Pokémon,"To affirm their kinship, members of this species will form a ring by linking their newly doubled tails together. On rare occasions, humans have been accepted into such rings.",Purple,Upright,Unknown,Ground,,Fast
425,0.4,1.2,70,https://raw.githubusercontent.com/PokeAPI/sprites/master/sprites/pokemon/other/official-artwork/425.png,https://raw.githubusercontent.com/PokeAPI/sprites/master/sprites/pokemon/other/showdown/425.gif,125,70,4,Balloon Pokémon,"Said to lure away young children and carry them off to the afterlife. Some whisper that Drifloon are formed of reincarnated human souls, but these rumors are as yet unconfirmed.",Purple,Arms,Unknown,Indeterminate,,Fast Then Very Slow
426,1.2,15.0,174,https://raw.githubusercontent.com/PokeAPI/sprites/master/sprites/pokemon/other/official-artwork/426.png,https://raw.githubusercontent.com/PokeAPI/sprites/master/sprites/pokemon/other/showdown/426.gif,60,70,4,Blimp Pokémon,"It drifts along at dusk, perfectly silent. Its transient, melancholy aspect touches some people deeply—every so often, one will come upon a song or poem devoted to Drifblim.",Purple,Arms,Unknown,Indeterminate,,Fast Then Very Slow
427,0.4,5.5,70,https://raw.githubusercontent.com/PokeAPI/sprites/master/sprites/pokemon/other/official-artwork/427.png,https://raw.githubusercontent.com/PokeAPI/sprites/master/sprites/pokemon/other/showdown/427.gif,190,0,4,Rabbit Pokémon,My hypothesis as to why Buneary rolls up its ears is that its hearing is far too keen. I surmise that the Pokémon protects its hearing by limiting the sound that may enter its ears.,Brown,Upright,Unknown,Ground,Humanshape,Medium
428,1.2,33.3,168,https://raw.githubusercontent.com/PokeAPI/sprites/master/sprites/pokemon/other/official-artwork/428.png,https://raw.githubusercontent.com/PokeAPI/sprites/master/sprites/pokemon/other/showdown/428.gif,60,140,4,Rabbit Pokémon,"Its fur is warm and yet remarkably light. This Pokémon kicks as though it were a master of karate, driving back its opponents with ease.",Brown,Upright,Unknown,Ground,Humanshape,Medium
429,0.9,4.4,173,https://raw.githubusercontent.com/PokeAPI/sprites/master/sprites/pokemon/other/official-artwork/429.png,https://raw.githubusercontent.com/PokeAPI/sprites/master/sprites/pokemon/other/showdown/429.gif,45,35,4,Magical Pokémon,"The incantations Mismagius chants can ward against misfortune, so a custom exists of inviting it into one's home. Incur the Pokémon's displeasure, however, and disaster will surely ensue.",Purple,Ball,Unknown,Indeterminate,,Fast
430,0.9,27.3,177,https://raw.githubusercontent.com/PokeAPI/sprites/master/sprites/pokemon/other/official-artwork/430.png,https://raw.githubusercontent.com/PokeAPI/sprites/master/sprites/pokemon/other/showdown/430.gif,30,35,4,Big Boss Pokémon,"One cry from this Pokémon, and a murder of Murkrow come flying. At such times, one would think the curtain of night had fallen, plunging the world into jet-black darkness.",Black,Wings,Unknown,Flying,,Medium Slow
431,0.5,3.9,62,https://raw.githubusercontent.com/PokeAPI/sprites/master/sprites/pokemon/other/official-artwork/431.png,https://raw.githubusercontent.com/PokeAPI/sprites/master/sprites/pokemon/other/showdown/431.gif,190,70,6,Catty Pokémon,"Bewitches humans with its helical tail and piercing gaze. Its hidden claws are quite sharp as well, making this Pokémon an exceedingly tricky opponent if antagonized.",Gray,Quadruped,Unknown,Ground,,Fast
432,1.0,43.8,158,https://raw.githubusercontent.com/PokeAPI/sprites/master/sprites/pokemon/other/official-artwork/432.png,https://raw.githubusercontent.com/PokeAPI/sprites/master/sprites/pokemon/other/showdown/432.gif,75,70,6,Tiger Cat Pokémon,"Though impudent and difficult to tame, Purugly enjoys great popularity due to its fur, the beauty of which surpasses even velveteen.",Gray,Quadruped,Unknown,Ground,,Fast
433,0.2,0.6,57,https://raw.githubusercontent.com/PokeAPI/sprites/master/sprites/pokemon/other/official-artwork/433.png,https://raw.githubusercontent.com/PokeAPI/sprites/master/sprites/pokemon/other/showdown/433.gif,120,70,4,Bell Pokémon,This Pokémon gave me an excruciating headache when it seemingly cried out without making a sound. Perhaps there are some sounds that the human ear is simply incapable of hearing.,Yellow,Humanoid,Unknown,No Eggs,,Fast
434,0.4,19.2,66,https://raw.githubusercontent.com/PokeAPI/sprites/master/sprites/pokemon/other/official-artwork/434.png,https://raw.githubusercontent.com/PokeAPI/sprites/master/sprites/pokemon/other/showdown/434.gif,225,70,4,Skunk Pokémon,The poison that gushes from its aft end is accompanied by an utterly evil-smelling odor with such potency that one whiff can induce memory loss.,Purple,Quadruped,Unknown,Ground,,Medium
435,1.0,38.0,168,https://raw.githubusercontent.com/PokeAPI/sprites/master/sprites/pokemon/other/official-artwork/435.png,https://raw.githubusercontent.com/PokeAPI/sprites/master/sprites/pokemon/other/showdown/435.gif,60,70,4,Skunk Pokémon,"Sprays a poisonous fluid to take down prey. Sometimes, unable to stomach the stench of its own fluid, it leaves the bested prey uneaten.",Purple,Quadruped,Unknown,Ground,,Medium
436,0.5,60.5,60,https://raw.githubusercontent.com/PokeAPI/sprites/master/sprites/pokemon/other/official-artwork/436.png,https://raw.githubusercontent.com/PokeAPI/sprites/master/sprites/pokemon/other/showdown/436.gif,255,70,-1,Bronze Pokémon,Floats using a mysterious energy. The pattern engraved upon its back is held as sacred and can sometimes be found in imagery from ancient cemeteries and other such timeworn places.,Green,Ball,Unknown,Mineral,,Medium
437,1.3,187.0,175,https://raw.githubusercontent.com/PokeAPI/sprites/master/sprites/pokemon/other/official-artwork/437.png,https://raw.githubusercontent.com/PokeAPI/sprites/master/sprites/pokemon/other/showdown/437.gif,90,70,-1,Bronze Bell Pokémon,Some believe that its bell-like cry opens holes to another world. It has been revered as a deity since ancient times.,Green,Arms,Unknown,Mineral,,Medium
438,0.5,15.0,58,https://raw.githubusercontent.com/PokeAPI/sprites/master/sprites/pokemon/other/official-artwork/438.png,https://raw.githubusercontent.com/PokeAPI/sprites/master/sprites/pokemon/other/showdown/438.gif,255,70,4,Bonsai Pokémon,"Its tears elicit sympathy from those who see them, but do not be deceived! This expulsion of body water is merely a physiological mechanism for keeping itself in good health.",Brown,Legs,Unknown,No Eggs,,Medium
439,0.6,13.0,62,https://raw.githubusercontent.com/PokeAPI/sprites/master/sprites/pokemon/other/official-artwork/439.png,https://raw.githubusercontent.com/PokeAPI/sprites/master/sprites/pokemon/other/showdown/439.gif,145,70,4,Mime Pokémon,"Known to turn up in bustling marketplaces now and again. It mimics people much as a child would, then watches how they react, eyes sparkling.",Pink,Humanoid,Unknown,No Eggs,,Medium
440,0.6,24.4,110,https://raw.githubusercontent.com/PokeAPI/sprites/master/sprites/pokemon/other/official-artwork/440.png,https://raw.githubusercontent.com/PokeAPI/sprites/master/sprites/pokemon/other/showdown/440.gif,130,140,8,Playhouse Pokémon,"In imitation of Chansey, it keeps a round stone tucked into its belly pouch and cherishes it dearly. It gets along well with children and will sometimes play house with them for fun.",Pink,Humanoid,Unknown,No Eggs,,Fast
441,0.5,1.9,144,https://raw.githubusercontent.com/PokeAPI/sprites/master/sprites/pokemon/other/official-artwork/441.png,https://raw.githubusercontent.com/PokeAPI/sprites/master/sprites/pokemon/other/showdown/441.gif,30,35,4,Music Note Pokémon,"A versatile performer skilled in the imitation of human speech. It is said that older, more experienced Chatot can even understand the meaning of the words they mimic.",Black,Wings,Unknown,Flying,,Medium Slow
442,1.0,108.0,170,https://raw.githubusercontent.com/PokeAPI/sprites/master/sprites/pokemon/other/official-artwork/442.png,https://raw.githubusercontent.com/PokeAPI/sprites/master/sprites/pokemon/other/showdown/442.gif,100,70,4,Forbidden Pokémon,It lays curses by thinking wicked thoughts. Writings tell that this Pokémon was born out of the assembly of five score and eight malevolent spirits.,Purple,Blob,Unknown,Indeterminate,,Medium
443,0.7,20.5,60,https://raw.githubusercontent.com/PokeAPI/sprites/master/sprites/pokemon/other/official-artwork/443.png,https://raw.githubusercontent.com/PokeAPI/sprites/master/sprites/pokemon/other/showdown/443.gif,45,70,4,Land Shark Pokémon,"It nests in caves untouched by sunlight. Its sharp teeth may fall out when worn away or after an impact, but they regrow within a few days.",Blue,Upright,Unknown,Monster,Dragon,Slow
444,1.4,56.0,144,https://raw.githubusercontent.com/PokeAPI/sprites/master/sprites/pokemon/other/official-artwork/444.png,https://raw.githubusercontent.com/PokeAPI/sprites/master/sprites/pokemon/other/showdown/444.gif,45,70,4,Cave Pokémon,"Though Gabite are usually of a violent disposition, when I gave one a glass bead it had been eyeing covetously, it suddenly became quite docile.",Blue,Upright,Unknown,Monster,Dragon,Slow
445,1.9,95.0,270,https://raw.githubusercontent.com/PokeAPI/sprites/master/sprites/pokemon/other/official-artwork/445.png,https://raw.githubusercontent.com/PokeAPI/sprites/master/sprites/pokemon/other/showdown/445.gif,45,70,4,Mach Pokémon,Soars across the heavens at blinding speed—a magnificent sight! It has a feral disposition. Utmost caution is required if one meets a Garchomp out in the wilds.,Blue,Upright,Unknown,Monster,Dragon,Slow
446,0.6,105.0,78,https://raw.githubusercontent.com/PokeAPI/sprites/master/sprites/pokemon/other/official-artwork/446.png,https://raw.githubusercontent.com/PokeAPI/sprites/master/sprites/pokemon/other/showdown/446.gif,50,70,1,Big Eater Pokémon,"Its robust stomach allows it to nonchalantly devour even rotted matter. It pays frequent visits to villages, seeking out food scraps intended for compost.",Black,Humanoid,Unknown,No Eggs,,Slow
447,0.7,20.2,57,https://raw.githubusercontent.com/PokeAPI/sprites/master/sprites/pokemon/other/official-artwork/447.png,https://raw.githubusercontent.com/PokeAPI/sprites/master/sprites/pokemon/other/showdown/447.gif,75,70,1,Emanation Pokémon,"Though infantile in appearance, it has the mysterious ability to read the minds of humans. The pure of heart are met with Riolu's approval, while those of ill nature earn only its loathing.",Blue,Upright,Unknown,No Eggs,,Medium Slow
448,1.2,54.0,184,https://raw.githubusercontent.com/PokeAPI/sprites/master/sprites/pokemon/other/official-artwork/448.png,https://raw.githubusercontent.com/PokeAPI/sprites/master/sprites/pokemon/other/showdown/448.gif,45,70,1,Aura Pokémon,"A most gallant-looking creature. It emits energy waves and controls them with precision, using them to sense even faraway beings. I have given the name ”aura” to this power.",Blue,Upright,Unknown,Ground,Humanshape,Medium Slow
449,0.8,49.5,66,https://raw.githubusercontent.com/PokeAPI/sprites/master/sprites/pokemon/other/official-artwork/449.png,https://raw.githubusercontent.com/PokeAPI/sprites/master/sprites/pokemon/other/showdown/449.gif,140,70,4,Hippo Pokémon,"Though large and languid, Hippopotas is difficult to detect due to its tendency to burrow into and lurk beneath the soil. When agitated or excited, it expels sand from its nostrils.",Brown,Quadruped,Unknown,Ground,,Slow
450,2.0,300.0,184,https://raw.githubusercontent.com/PokeAPI/sprites/master/sprites/pokemon/other/official-artwork/450.png,https://raw.githubusercontent.com/PokeAPI/sprites/master/sprites/pokemon/other/showdown/450.gif,60,70,4,Heavyweight Pokémon,"Short-tempered and easily moved to violence. It whips up whirlwinds of sand to crush its foes' spirits, then goes in for the attack.",Brown,Quadruped,Unknown,Ground,,Slow
451,0.8,12.0,66,https://raw.githubusercontent.com/PokeAPI/sprites/master/sprites/pokemon/other/official-artwork/451.png,https://raw.githubusercontent.com/PokeAPI/sprites/master/sprites/pokemon/other/showdown/451.gif,120,70,4,Scorpion Pokémon,"Its claws are not only razor-sharp but poisonous, making Skorupi a highly dangerous Pokémon. It seems to be weakened by cold temperatures, however.",Purple,Armor,Unknown,Bug,Water3,Slow
452,1.3,61.5,175,https://raw.githubusercontent.com/PokeAPI/sprites/master/sprites/pokemon/other/official-artwork/452.png,https://raw.githubusercontent.com/PokeAPI/sprites/master/sprites/pokemon/other/showdown/452.gif,45,70,4,Ogre Scorpion Pokémon,"Has a brutish, ferocious temperament. With immense strength and a sturdy shell off which swords will bounce, it rampages about and wreaks havoc.",Purple,Armor,Unknown,Bug,Water3,Slow
453,0.7,23.0,60,https://raw.githubusercontent.com/PokeAPI/sprites/master/sprites/pokemon/other/official-artwork/453.png,https://raw.githubusercontent.com/PokeAPI/sprites/master/sprites/pokemon/other/showdown/453.gif,140,100,4,Toxic Mouth Pokémon,"A poison wielder with a dastardly personality. Despite such qualities, this species is afforded a measure of popularity due to its peculiar cry and comical features.",Blue,Humanoid,Unknown,Humanshape,,Medium
454,1.3,44.4,172,https://raw.githubusercontent.com/PokeAPI/sprites/master/sprites/pokemon/other/official-artwork/454.png,https://raw.githubusercontent.com/PokeAPI/sprites/master/sprites/pokemon/other/showdown/454.gif,75,70,4,Toxic Mouth Pokémon,"Its crimson claws contain a virulent toxin. This toxin can be made into a tonic by diluting it, mixing it with several types of wild grass, and boiling it down over two days.",Blue,Humanoid,Unknown,Humanshape,,Medium
455,1.4,27.0,159,https://raw.githubusercontent.com/PokeAPI/sprites/master/sprites/pokemon/other/official-artwork/455.png,https://raw.githubusercontent.com/PokeAPI/sprites/master/sprites/pokemon/other/showdown/455.gif,200,70,4,Bug Catcher Pokémon,"Though this is a plant Pokémon, it has a gluttonous and unruly temperament. Carnivine attacks its prey with its cavernous maw wide open.",Green,Tentacles,Unknown,Plant,,Slow
456,0.4,7.0,66,https://raw.githubusercontent.com/PokeAPI/sprites/master/sprites/pokemon/other/official-artwork/456.png,https://raw.githubusercontent.com/PokeAPI/sprites/master/sprites/pokemon/other/showdown/456.gif,190,70,4,Wing Fish Pokémon,"What a gorgeous sight this Pokémon is as it swims with its long, pink-painted caudal fins fluttering behind it. Finneon's beautiful appearance has led to its nickname: ”finery fish.”",Blue,Fish,Unknown,Water2,,Slow Then Very Fast
457,1.2,24.0,161,https://raw.githubusercontent.com/PokeAPI/sprites/master/sprites/pokemon/other/official-artwork/457.png,https://raw.githubusercontent.com/PokeAPI/sprites/master/sprites/pokemon/other/showdown/457.gif,75,70,4,Neon Pokémon,Uses its gleaming fins to hunt its prey. The view of Lumineon schooling near the surface of the sea at night is breathtaking— it's as though there were shining stars right there.,Blue,Fish,Unknown,Water2,,Slow Then Very Fast
458,1.0,65.0,69,https://raw.githubusercontent.com/PokeAPI/sprites/master/sprites/pokemon/other/official-artwork/458.png,https://raw.githubusercontent.com/PokeAPI/sprites/master/sprites/pokemon/other/showdown/458.gif,25,70,4,Kite Pokémon,"Though ball-like in shape, this Pokémon is a proficient swimmer. I have discovered that if a Mantyke spends much time with schools of Remoraid, it will eventually achieve evolution.",Blue,Wings,Unknown,No Eggs,,Slow
459,1.0,50.5,67,https://raw.githubusercontent.com/PokeAPI/sprites/master/sprites/pokemon/other/official-artwork/459.png,https://raw.githubusercontent.com/PokeAPI/sprites/master/sprites/pokemon/other/showdown/459.gif,120,70,4,Frost Tree Pokémon,"One is likely to encounter this Pokémon while out in the snow. There are stories of Snover appearing in human settlements but doing no harm—rather, they bond with the children.",White,Upright,Unknown,Monster,Plant,Slow
460,2.2,135.5,173,https://raw.githubusercontent.com/PokeAPI/sprites/master/sprites/pokemon/other/official-artwork/460.png,https://raw.githubusercontent.com/PokeAPI/sprites/master/sprites/pokemon/other/showdown/460.gif,60,70,4,Frost Tree Pokémon,"A powerful Pokémon that can split huge boulders with ease. Dislikes associating with others and chooses to live quietly deep within the mountains, playing with the snow.",White,Upright,Unknown,Monster,Plant,Slow
461,1.1,34.0,179,https://raw.githubusercontent.com/PokeAPI/sprites/master/sprites/pokemon/other/official-artwork/461.png,https://raw.githubusercontent.com/PokeAPI/sprites/master/sprites/pokemon/other/showdown/461.gif,45,35,4,Sharp Claw Pokémon,"This species corners prey as a pack, under the guidance of a leader. Weavile displays increased cunning, leading me to speculate that its evolution caused further brain development.",Black,Upright,Unknown,Ground,,Medium Slow
462,1.2,180.0,241,https://raw.githubusercontent.com/PokeAPI/sprites/master/sprites/pokemon/other/official-artwork/462.png,https://raw.githubusercontent.com/PokeAPI/sprites/master/sprites/pokemon/other/showdown/462.gif,30,70,-1,Magnet Area Pokémon,"I theorize that a special magnetic field influenced this Pokémon, changing its molecular structure and causing it to evolve. It emits strange radio waves toward space from its antenna.",Gray,Arms,Unknown,Mineral,,Medium
463,1.7,140.0,180,https://raw.githubusercontent.com/PokeAPI/sprites/master/sprites/pokemon/other/official-artwork/463.png,https://raw.githubusercontent.com/PokeAPI/sprites/master/sprites/pokemon/other/showdown/463.gif,30,70,4,Licking Pokémon,"Its tongue can extend and contract freely, and it is capable of reaching lengths over 10 times Lickilicky's height. Beware of the saliva, as it contains corrosive elements.",Pink,Humanoid,Unknown,Monster,,Medium
464,2.4,282.8,241,https://raw.githubusercontent.com/PokeAPI/sprites/master/sprites/pokemon/other/official-artwork/464.png,https://raw.githubusercontent.com/PokeAPI/sprites/master/sprites/pokemon/other/showdown/464.gif,30,70,4,Drill Pokémon,This Pokémon evolved through use of a curious item. Its rocklike hide is composed of a mysterious substance and can withstand a blow from a masterwork sword with nary a scratch.,Gray,Upright,Unknown,Monster,Ground,Slow
465,2.0,128.6,187,https://raw.githubusercontent.com/PokeAPI/sprites/master/sprites/pokemon/other/official-artwork/465.png,https://raw.githubusercontent.com/PokeAPI/sprites/master/sprites/pokemon/other/showdown/465.gif,30,70,4,Vine Pokémon,"Draped with long vines, it resembles a shrub in appearance. It swings bundles of vines as though they were arms, wrapping them around prey to ensnare them.",Blue,Humanoid,Unknown,Plant,,Medium
466,1.8,138.6,243,https://raw.githubusercontent.com/PokeAPI/sprites/master/sprites/pokemon/other/official-artwork/466.png,https://raw.githubusercontent.com/PokeAPI/sprites/master/sprites/pokemon/other/showdown/466.gif,30,70,2,Thunderbolt Pokémon,"Its evolution was induced by an unusual item, and its electrical output rises along with its heart rate. From its tails, it can unleash an electric current measuring 20,000 volts.",Yellow,Upright,Unknown,Humanshape,,Medium
467,1.6,68.0,243,https://raw.githubusercontent.com/PokeAPI/sprites/master/sprites/pokemon/other/official-artwork/467.png,https://raw.githubusercontent.com/PokeAPI/sprites/master/sprites/pokemon/other/showdown/467.gif,30,70,2,Blast Pokémon,Use of a strange item caused this Pokémon to evolve. Fireballs launched from the ends of its tubelike arms are hot enough to melt an iron pot in an instant.,Red,Upright,Unknown,Humanshape,,Medium
468,1.5,38.0,245,https://raw.githubusercontent.com/PokeAPI/sprites/master/sprites/pokemon/other/official-artwork/468.png,https://raw.githubusercontent.com/PokeAPI/sprites/master/sprites/pokemon/other/showdown/468.gif,30,70,1,Jubilee Pokémon,"Scant few have ever sighted this Pokémon. After studying what literature remains, I am certain Togekiss will reveal itself when peace reigns in the land.",White,Wings,Unknown,Flying,Fairy,Fast
469,1.9,51.5,180,https://raw.githubusercontent.com/PokeAPI/sprites/master/sprites/pokemon/other/official-artwork/469.png,https://raw.githubusercontent.com/PokeAPI/sprites/master/sprites/pokemon/other/showdown/469.gif,30,70,4,Ogre Darner Pokémon,"Extremely violent. When hunting, it wastes none of its energy, aiming only for prey's most vulnerable spots. Any who manage to tame this Pokémon must be of incredible bravery.",Green,Bug Wings,Unknown,Bug,,Medium
470,1.0,25.5,184,https://raw.githubusercontent.com/PokeAPI/sprites/master/sprites/pokemon/other/official-artwork/470.png,https://raw.githubusercontent.com/PokeAPI/sprites/master/sprites/pokemon/other/showdown/470.gif,45,35,1,Verdant Pokémon,"Cells similar to those of plants have been found in its fur. Its hard tail can fell a large tree with one stroke, and the tail's sharpness exceeds even that of a sword crafted by a master.",Green,Quadruped,Unknown,Ground,,Medium
471,0.8,25.9,184,https://raw.githubusercontent.com/PokeAPI/sprites/master/sprites/pokemon/other/official-artwork/471.png,https://raw.githubusercontent.com/PokeAPI/sprites/master/sprites/pokemon/other/showdown/471.gif,45,35,1,Fresh Snow Pokémon,"Glaceon is able to lower its body temperature very quickly. It freezes the atmosphere, creating diamond dust that glitters like gems while it flutters and dances around.",Blue,Quadruped,Unknown,Ground,,Medium
472,2.0,42.5,179,https://raw.githubusercontent.com/PokeAPI/sprites/master/sprites/pokemon/other/official-artwork/472.png,https://raw.githubusercontent.com/PokeAPI/sprites/master/sprites/pokemon/other/showdown/472.gif,30,70,4,Fang Scorpion Pokémon,It glides soundlessly on pitch-black wings and sinks sharp fangs into the throat of its prey. It takes on a look of satisfaction once it has entirely drained its prey of blood.,Purple,Wings,Unknown,Bug,,Medium Slow
473,2.5,291.0,239,https://raw.githubusercontent.com/PokeAPI/sprites/master/sprites/pokemon/other/official-artwork/473.png,https://raw.githubusercontent.com/PokeAPI/sprites/master/sprites/pokemon/other/showdown/473.gif,50,70,4,Twin Tusk Pokémon,"This species reached its zenith during the period known as the ice age. I suspect that Hisui's frigid climate is in harmony with Mamoswine's constitution, thus awakening hidden potential.",Brown,Quadruped,Unknown,Ground,,Slow
474,0.9,34.0,241,https://raw.githubusercontent.com/PokeAPI/sprites/master/sprites/pokemon/other/official-artwork/474.png,https://raw.githubusercontent.com/PokeAPI/sprites/master/sprites/pokemon/other/showdown/474.gif,30,70,-1,Virtual Pokémon,"A curious item induced this evolution. The Pokémon's offensive capabilities have greatly increased, but the strangeness of its behavior has magnified in equal measure. This worries me.",Red,Arms,Unknown,Mineral,,Medium
475,1.6,52.0,233,https://raw.githubusercontent.com/PokeAPI/sprites/master/sprites/pokemon/other/official-artwork/475.png,https://raw.githubusercontent.com/PokeAPI/sprites/master/sprites/pokemon/other/showdown/475.gif,45,35,0,Blade Pokémon,"The blades extending from its elbows are sharper than the finest swords. Its swordsmanship, albeit self-taught, is astonishingly impressive.",White,Humanoid,Unknown,Humanshape,Indeterminate,Slow
476,1.4,340.0,184,https://raw.githubusercontent.com/PokeAPI/sprites/master/sprites/pokemon/other/official-artwork/476.png,https://raw.githubusercontent.com/PokeAPI/sprites/master/sprites/pokemon/other/showdown/476.gif,60,70,4,Compass Pokémon,"It is able to emit powerful magnetism, allowing it control over the iron sand that forms its luscious mustache. Using this iron sand, Probopass forms hard stones with which it smites its prey.",Gray,Heads,Unknown,Mineral,,Medium
477,2.2,106.6,236,https://raw.githubusercontent.com/PokeAPI/sprites/master/sprites/pokemon/other/official-artwork/477.png,https://raw.githubusercontent.com/PokeAPI/sprites/master/sprites/pokemon/other/showdown/477.gif,45,35,4,Gripper Pokémon,"Comes to those whose lives have come to an end and escorts their souls to the afterlife. Known to mistakenly take the souls of those who yet have life left in them, albeit rarely.",Black,Arms,Unknown,Indeterminate,,Fast
478,1.3,26.6,168,https://raw.githubusercontent.com/PokeAPI/sprites/master/sprites/pokemon/other/official-artwork/478.png,https://raw.githubusercontent.com/PokeAPI/sprites/master/sprites/pokemon/other/showdown/478.gif,75,70,8,Snow Land Pokémon,A Pokémon inhabited by the soul of a woman who died bearing a grudge in the snowy mountains. Legends of Froslass placing deathly curses on misbehaving men send shivers down my spine.,White,Arms,Unknown,Fairy,Mineral,Medium
479,0.3,0.3,154,https://raw.githubusercontent.com/PokeAPI/sprites/master/sprites/pokemon/other/official-artwork/479.png,https://raw.githubusercontent.com/PokeAPI/sprites/master/sprites/pokemon/other/showdown/479.gif,45,70,-1,Plasma Pokémon,"This bizarre Pokémon appears to be a will-o'-the-wisp powered by electricity. Be wary, as Rotom is both smart and mischievous.",Red,Ball,Unknown,Indeterminate,,Medium
480,0.3,0.3,261,https://raw.githubusercontent.com/PokeAPI/sprites/master/sprites/pokemon/other/official-artwork/480.png,https://raw.githubusercontent.com/PokeAPI/sprites/master/sprites/pokemon/other/showdown/480.gif,3,140,-1,Knowledge Pokémon,A Pokémon feared but also respected for stealing away the memories of evildoers. I have found records that suggest Uxie holds dominion over knowledge.,Yellow,Upright,Unknown,No Eggs,,Slow
481,0.3,0.3,261,https://raw.githubusercontent.com/PokeAPI/sprites/master/sprites/pokemon/other/official-artwork/481.png,https://raw.githubusercontent.com/PokeAPI/sprites/master/sprites/pokemon/other/showdown/481.gif,3,140,-1,Emotion Pokémon,"Known as the Being of Emotion. In legend, this Pokémon was feared, as any who showed disrespect would have their emotions thrown into disarray.",Pink,Upright,Unknown,No Eggs,,Slow
482,0.3,0.3,261,https://raw.githubusercontent.com/PokeAPI/sprites/master/sprites/pokemon/other/official-artwork/482.png,https://raw.githubusercontent.com/PokeAPI/sprites/master/sprites/pokemon/other/showdown/482.gif,3,140,-1,Willpower Pokémon,The dreaded Being of Willpower. Legends tell of this Pokémon manipulating the will of its adversaries and turning them into puppets of its own.,Blue,Upright,Unknown,No Eggs,,Slow
483,5.4,683.0,306,https://raw.githubusercontent.com/PokeAPI/sprites/master/sprites/pokemon/other/official-artwork/483.png,https://raw.githubusercontent.com/PokeAPI/sprites/master/sprites/pokemon/other/showdown/483.gif,3,0,-1,Temporal Pokémon,This Pokémon is revered as a deity in Hisuian legend. The birth of Dialga was what caused the vast river of time to begin flowing in our world.,White,Quadruped,Unknown,No Eggs,,Slow
484,4.2,336.0,306,https://raw.githubusercontent.com/PokeAPI/sprites/master/sprites/pokemon/other/official-artwork/484.png,https://raw.githubusercontent.com/PokeAPI/sprites/master/sprites/pokemon/other/showdown/484.gif,3,0,-1,Spatial Pokémon,"This Pokémon is feared as a deity in Hisuian legend. The birth of Palkia was what caused the walls of our world to disappear, creating a sky that spans for infinity.",Purple,Upright,Unknown,No Eggs,,Slow
485,1.7,430.0,270,https://raw.githubusercontent.com/PokeAPI/sprites/master/sprites/pokemon/other/official-artwork/485.png,https://raw.githubusercontent.com/PokeAPI/sprites/master/sprites/pokemon/other/showdown/485.gif,3,100,4,Lava Dome Pokémon,Stories tell of this Pokémon being birthed from the boiling magma within Mount Coronet. Its molten-steel body holds many mysteries.,Brown,Quadruped,Unknown,No Eggs,,Slow
486,3.7,420.0,302,https://raw.githubusercontent.com/PokeAPI/sprites/master/sprites/pokemon/other/official-artwork/486.png,https://raw.githubusercontent.com/PokeAPI/sprites/master/sprites/pokemon/other/showdown/486.gif,3,0,-1,Colossal Pokémon,"According to legend, Regigigas pulled landmasses together and bound them with rope to create the continent of Hisui. Though I have my doubts, the story could well contain a shred of truth.",White,Humanoid,Unknown,No Eggs,,Slow
487,4.5,750.0,306,https://raw.githubusercontent.com/PokeAPI/sprites/master/sprites/pokemon/other/official-artwork/487.png,https://raw.githubusercontent.com/PokeAPI/sprites/master/sprites/pokemon/other/showdown/487.gif,3,0,-1,Renegade Pokémon,There is one Hisuian verse that tells of a powerful light creating a deep shadow. I imagine that this deep shadow is Giratina.,Black,Tentacles,Unknown,No Eggs,,Slow
488,1.5,85.6,270,https://raw.githubusercontent.com/PokeAPI/sprites/master/sprites/pokemon/other/official-artwork/488.png,https://raw.githubusercontent.com/PokeAPI/sprites/master/sprites/pokemon/other/showdown/488.gif,3,100,8,Lunar Pokémon,Cresselia is reminiscent of the crescent moon. It leaves a brilliant line of light in its wake as it flies across the night sky. I daresay it resembles the heavenly maiden who created the Milky Way.,Yellow,Squiggle,Unknown,No Eggs,,Slow
489,0.4,3.1,216,https://raw.githubusercontent.com/PokeAPI/sprites/master/sprites/pokemon/other/official-artwork/489.png,https://raw.githubusercontent.com/PokeAPI/sprites/master/sprites/pokemon/other/showdown/489.gif,30,70,-1,Sea Drifter Pokémon,Can be seen floating offshore during seasons when the seas are warm. Its azure body blends in with the ocean waters—logic suggests this is a defense mechanism against natural predators.,Blue,Arms,Unknown,Water1,Fairy,Slow
490,0.3,1.4,270,https://raw.githubusercontent.com/PokeAPI/sprites/master/sprites/pokemon/other/official-artwork/490.png,https://raw.githubusercontent.com/PokeAPI/sprites/master/sprites/pokemon/other/showdown/490.gif,3,70,-1,Seafaring Pokémon,"Rumored to migrate across the oceans and visit Hisui's coastal waters only rarely. Although Manaphy resembles Phione, it is also quite different. The relation between the two is unclear.",Blue,Humanoid,Unknown,Water1,Fairy,Slow
491,1.5,50.5,270,https://raw.githubusercontent.com/PokeAPI/sprites/master/sprites/pokemon/other/official-artwork/491.png,https://raw.githubusercontent.com/PokeAPI/sprites/master/sprites/pokemon/other/showdown/491.gif,3,0,-1,Pitch-Black Pokémon,"On a moonless night, a strange incident occurred in which every one of a village's inhabitants suffered nightmares. The villagers attested that Darkrai appeared before them in these nightmares.",Black,Humanoid,Unknown,No Eggs,,Slow
492,0.2,2.1,270,https://raw.githubusercontent.com/PokeAPI/sprites/master/sprites/pokemon/other/official-artwork/492.png,https://raw.githubusercontent.com/PokeAPI/sprites/master/sprites/pokemon/other/showdown/492.gif,45,100,-1,Gratitude Pokémon,"When the turning of seasons brings the cruel winter to its end and the joyous people give thanks to the heavens, Shaymin appears and covers the withered land with flowers.",Green,Quadruped,Unknown,No Eggs,,Medium Slow
493,3.2,320.0,324,https://raw.githubusercontent.com/PokeAPI/sprites/master/sprites/pokemon/other/official-artwork/493.png,https://raw.githubusercontent.com/PokeAPI/sprites/master/sprites/pokemon/other/showdown/493.gif,3,0,-1,Alpha Pokémon,It is the heavenly fount from which pours the light that shines across Hisui. Its luminance guides and protects all Pokémon. Hisuian mythology states that Arceus is the creator of all things.,White,Quadruped,Unknown,No Eggs,,Slow
494,0.4,4.0,270,https://raw.githubusercontent.com/PokeAPI/sprites/master/sprites/pokemon/other/official-artwork/494.png,https://raw.githubusercontent.com/PokeAPI/sprites/master/sprites/pokemon/other/showdown/494.gif,3,100,-1,Victory Pokémon,"When it shares the infinite energy it creates, that being’s entire body will be overflowing with power.",Yellow,Humanoid,Unknown,No Eggs,,Slow
495,0.6,8.1,62,https://raw.githubusercontent.com/PokeAPI/sprites/master/sprites/pokemon/other/official-artwork/495.png,https://raw.githubusercontent.com/PokeAPI/sprites/master/sprites/pokemon/other/showdown/495.gif,45,70,1,Grass Snake Pokémon,"They photosynthesize by bathing their tails in sunlight. When they are not feeling well, their tails droop.",Green,Upright,Unknown,Ground,Plant,Medium Slow
496,0.8,16.0,145,https://raw.githubusercontent.com/PokeAPI/sprites/master/sprites/pokemon/other/official-artwork/496.png,https://raw.githubusercontent.com/PokeAPI/sprites/master/sprites/pokemon/other/showdown/496.gif,45,70,1,Grass Snake Pokémon,"When it gets dirty, its leaves can’t be used in photosynthesis, so it always keeps itself clean.",Green,Upright,Unknown,Ground,Plant,Medium Slow
497,3.3,63.0,238,https://raw.githubusercontent.com/PokeAPI/sprites/master/sprites/pokemon/other/official-artwork/497.png,https://raw.githubusercontent.com/PokeAPI/sprites/master/sprites/pokemon/other/showdown/497.gif,45,70,1,Regal Pokémon,It can stop its opponents’ movements with just a glare. It takes in solar energy and boosts it internally.,Green,Squiggle,Unknown,Ground,Plant,Medium Slow
498,0.5,9.9,62,https://raw.githubusercontent.com/PokeAPI/sprites/master/sprites/pokemon/other/official-artwork/498.png,https://raw.githubusercontent.com/PokeAPI/sprites/master/sprites/pokemon/other/showdown/498.gif,45,70,1,Fire Pig Pokémon,"It loves to eat roasted berries, but sometimes it gets too excited and burns them to a crisp.",Red,Quadruped,Unknown,Ground,,Medium Slow
499,1.0,55.5,146,https://raw.githubusercontent.com/PokeAPI/sprites/master/sprites/pokemon/other/official-artwork/499.png,https://raw.githubusercontent.com/PokeAPI/sprites/master/sprites/pokemon/other/showdown/499.gif,45,70,1,Fire Pig Pokémon,"When its internal fire flares up, its movements grow sharper and faster. When in trouble, it emits smoke.",Red,Upright,Unknown,Ground,,Medium Slow
500,1.6,150.0,238,https://raw.githubusercontent.com/PokeAPI/sprites/master/sprites/pokemon/other/official-artwork/500.png,https://raw.githubusercontent.com/PokeAPI/sprites/master/sprites/pokemon/other/showdown/500.gif,45,70,1,Mega Fire Pig Pokémon,It has mastered fast and powerful fighting moves. It grows a beard of fire.,Red,Upright,Unknown,Ground,,Medium Slow
501,0.5,5.9,62,https://raw.githubusercontent.com/PokeAPI/sprites/master/sprites/pokemon/other/official-artwork/501.png,https://raw.githubusercontent.com/PokeAPI/sprites/master/sprites/pokemon/other/showdown/501.gif,45,70,1,Sea Otter Pokémon,"This Pokémon from the Unova region uses the shell on its belly as a weapon to cut down its foes. Thus, I've conferred upon this shell the name ”scalchop”.",Blue,Upright,Unknown,Ground,,Medium Slow
502,0.8,24.5,145,https://raw.githubusercontent.com/PokeAPI/sprites/master/sprites/pokemon/other/official-artwork/502.png,https://raw.githubusercontent.com/PokeAPI/sprites/master/sprites/pokemon/other/showdown/502.gif,45,70,1,Discipline Pokémon,"Its exquisite double-scalchop technique is likely the result of daily training, and it can send even masters of the blade fleeing in defeat.",Blue,Upright,Unknown,Ground,,Medium Slow
503,1.5,94.6,238,https://raw.githubusercontent.com/PokeAPI/sprites/master/sprites/pokemon/other/official-artwork/503.png,https://raw.githubusercontent.com/PokeAPI/sprites/master/sprites/pokemon/other/showdown/503.gif,45,70,1,Formidable Pokémon,"Hard of heart and deft of blade, this rare form of Samurott is a product of the Pokémon's evolution in the region of Hisui. Its turbulent blows crash into foes like ceaseless pounding waves.",Blue,Quadruped,Unknown,Ground,,Medium Slow
504,0.5,11.6,51,https://raw.githubusercontent.com/PokeAPI/sprites/master/sprites/pokemon/other/official-artwork/504.png,https://raw.githubusercontent.com/PokeAPI/sprites/master/sprites/pokemon/other/showdown/504.gif,255,70,4,Scout Pokémon,"Extremely cautious, one of them will always be on the lookout, but it won’t notice a foe coming from behind.",Brown,Quadruped,Unknown,Ground,,Medium
505,1.1,27.0,147,https://raw.githubusercontent.com/PokeAPI/sprites/master/sprites/pokemon/other/official-artwork/505.png,https://raw.githubusercontent.com/PokeAPI/sprites/master/sprites/pokemon/other/showdown/505.gif,255,70,4,Lookout Pokémon,"When they see an enemy, their tails stand high, and they spit the seeds of berries stored in their cheek pouches.",Brown,Upright,Unknown,Ground,,Medium
506,0.4,4.1,55,https://raw.githubusercontent.com/PokeAPI/sprites/master/sprites/pokemon/other/official-artwork/506.png,https://raw.githubusercontent.com/PokeAPI/sprites/master/sprites/pokemon/other/showdown/506.gif,255,70,4,Puppy Pokémon,"This Pokémon is far brighter than the average child, and Lillipup won’t forget the love it receives or any abuse it suffers.",Brown,Quadruped,Unknown,Ground,,Medium Slow
507,0.9,14.7,130,https://raw.githubusercontent.com/PokeAPI/sprites/master/sprites/pokemon/other/official-artwork/507.png,https://raw.githubusercontent.com/PokeAPI/sprites/master/sprites/pokemon/other/showdown/507.gif,120,70,4,Loyal Dog Pokémon,The black fur that covers this Pokémon’s body is dense and springy. Even sharp fangs bounce right off.,Gray,Quadruped,Unknown,Ground,,Medium Slow
508,1.2,61.0,225,https://raw.githubusercontent.com/PokeAPI/sprites/master/sprites/pokemon/other/official-artwork/508.png,https://raw.githubusercontent.com/PokeAPI/sprites/master/sprites/pokemon/other/showdown/508.gif,45,70,4,Big-Hearted Pokémon,Stoutland is immensely proud of its impressive moustache. It’s said that moustache length is what determines social standing among this species.,Gray,Quadruped,Unknown,Ground,,Medium Slow
509,0.4,10.1,56,https://raw.githubusercontent.com/PokeAPI/sprites/master/sprites/pokemon/other/official-artwork/509.png,https://raw.githubusercontent.com/PokeAPI/sprites/master/sprites/pokemon/other/showdown/509.gif,255,70,4,Devious Pokémon,Opponents that get drawn in by its adorable behavior come away with stinging scratches from its claws and stinging pride from its laughter.,Purple,Quadruped,Unknown,Ground,,Medium
510,1.1,37.5,156,https://raw.githubusercontent.com/PokeAPI/sprites/master/sprites/pokemon/other/official-artwork/510.png,https://raw.githubusercontent.com/PokeAPI/sprites/master/sprites/pokemon/other/showdown/510.gif,90,70,4,Cruel Pokémon,This stealthy Pokémon sneaks up behind prey without making any sound at all. It competes with Thievul for territory.,Purple,Quadruped,Unknown,Ground,,Medium
511,0.6,10.5,63,https://raw.githubusercontent.com/PokeAPI/sprites/master/sprites/pokemon/other/official-artwork/511.png,https://raw.githubusercontent.com/PokeAPI/sprites/master/sprites/pokemon/other/showdown/511.gif,190,70,1,Grass Monkey Pokémon,It’s good at finding berries and gathers them from all over. It’s kind enough to share them with friends.,Green,Upright,Unknown,Ground,,Medium
512,1.1,30.5,174,https://raw.githubusercontent.com/PokeAPI/sprites/master/sprites/pokemon/other/official-artwork/512.png,https://raw.githubusercontent.com/PokeAPI/sprites/master/sprites/pokemon/other/showdown/512.gif,75,70,1,Thorn Monkey Pokémon,"Ill tempered, it fights by swinging its barbed tail around wildly. The leaf growing on its head is very bitter.",Green,Upright,Unknown,Ground,,Medium
513,0.6,11.0,63,https://raw.githubusercontent.com/PokeAPI/sprites/master/sprites/pokemon/other/official-artwork/513.png,https://raw.githubusercontent.com/PokeAPI/sprites/master/sprites/pokemon/other/showdown/513.gif,190,70,1,High Temp Pokémon,This Pokémon lives in caves in volcanoes. The fire within the tuft on its head can reach 600 degrees Fahrenheit.,Red,Upright,Unknown,Ground,,Medium
514,1.0,28.0,174,https://raw.githubusercontent.com/PokeAPI/sprites/master/sprites/pokemon/other/official-artwork/514.png,https://raw.githubusercontent.com/PokeAPI/sprites/master/sprites/pokemon/other/showdown/514.gif,75,70,1,Ember Pokémon,"When it gets excited, embers rise from its head and tail and it gets hot. For some reason, it loves sweets.",Red,Upright,Unknown,Ground,,Medium
515,0.6,13.5,63,https://raw.githubusercontent.com/PokeAPI/sprites/master/sprites/pokemon/other/official-artwork/515.png,https://raw.githubusercontent.com/PokeAPI/sprites/master/sprites/pokemon/other/showdown/515.gif,190,70,1,Spray Pokémon,The water stored inside the tuft on its head is full of nutrients. Plants that receive its water grow large.,Blue,Upright,Unknown,Ground,,Medium
516,1.0,29.0,174,https://raw.githubusercontent.com/PokeAPI/sprites/master/sprites/pokemon/other/official-artwork/516.png,https://raw.githubusercontent.com/PokeAPI/sprites/master/sprites/pokemon/other/showdown/516.gif,75,70,1,Geyser Pokémon,"It prefers places with clean water. When its tuft runs low, it replenishes it by siphoning up water with its tail.",Blue,Upright,Unknown,Ground,,Medium
517,0.6,23.3,58,https://raw.githubusercontent.com/PokeAPI/sprites/master/sprites/pokemon/other/official-artwork/517.png,https://raw.githubusercontent.com/PokeAPI/sprites/master/sprites/pokemon/other/showdown/517.gif,190,70,4,Dream Eater Pokémon,"It eats dreams and releases mist. The mist is pink when it’s eating a good dream, and black when it’s eating a nightmare.",Pink,Quadruped,Unknown,Ground,,Fast
518,1.1,60.5,170,https://raw.githubusercontent.com/PokeAPI/sprites/master/sprites/pokemon/other/official-artwork/518.png,https://raw.githubusercontent.com/PokeAPI/sprites/master/sprites/pokemon/other/showdown/518.gif,75,70,4,Drowsing Pokémon,"It drowses and dreams all the time. It’s best to leave it be if it’s just woken up, as it’s a terrible grump when freshly roused from sleep.",Pink,Humanoid,Unknown,Ground,,Fast
519,0.3,2.1,53,https://raw.githubusercontent.com/PokeAPI/sprites/master/sprites/pokemon/other/official-artwork/519.png,https://raw.githubusercontent.com/PokeAPI/sprites/master/sprites/pokemon/other/showdown/519.gif,255,70,4,Tiny Pigeon Pokémon,"It’s forgetful and not very bright, but many Trainers love it anyway for its friendliness and sincerity.",Gray,Wings,Unknown,Flying,,Medium Slow
520,0.6,15.0,125,https://raw.githubusercontent.com/PokeAPI/sprites/master/sprites/pokemon/other/official-artwork/520.png,https://raw.githubusercontent.com/PokeAPI/sprites/master/sprites/pokemon/other/showdown/520.gif,120,70,4,Wild Pigeon Pokémon,These bright Pokémon have acute memories. Apparently delivery workers often choose them as their partners.,Gray,Wings,Unknown,Flying,,Medium Slow
521,1.2,29.0,220,https://raw.githubusercontent.com/PokeAPI/sprites/master/sprites/pokemon/other/official-artwork/521.png,https://raw.githubusercontent.com/PokeAPI/sprites/master/sprites/pokemon/other/showdown/521.gif,45,70,4,Proud Pokémon,This Pokémon is intelligent and intensely proud. People will sit up and take notice if you become the Trainer of one.,Gray,Wings,Unknown,Flying,,Medium Slow
522,0.8,29.8,59,https://raw.githubusercontent.com/PokeAPI/sprites/master/sprites/pokemon/other/official-artwork/522.png,https://raw.githubusercontent.com/PokeAPI/sprites/master/sprites/pokemon/other/showdown/522.gif,190,70,4,Electrified Pokémon,Its mane shines when it discharges electricity. They use the frequency and rhythm of these flashes to communicate.,Black,Quadruped,Unknown,Ground,,Medium
523,1.6,79.5,174,https://raw.githubusercontent.com/PokeAPI/sprites/master/sprites/pokemon/other/official-artwork/523.png,https://raw.githubusercontent.com/PokeAPI/sprites/master/sprites/pokemon/other/showdown/523.gif,75,70,4,Thunderbolt Pokémon,"They have lightning-like movements. When Zebstrika run at full speed, the sound of thunder reverberates.",Black,Quadruped,Unknown,Ground,,Medium
524,0.4,18.0,56,https://raw.githubusercontent.com/PokeAPI/sprites/master/sprites/pokemon/other/official-artwork/524.png,https://raw.githubusercontent.com/PokeAPI/sprites/master/sprites/pokemon/other/showdown/524.gif,255,70,4,Mantle Pokémon,"When it detects a noise, it starts to move. The energy core inside it makes this Pokémon slightly warm to the touch.",Blue,Legs,Unknown,Mineral,,Medium Slow
525,0.9,102.0,137,https://raw.githubusercontent.com/PokeAPI/sprites/master/sprites/pokemon/other/official-artwork/525.png,https://raw.githubusercontent.com/PokeAPI/sprites/master/sprites/pokemon/other/showdown/525.gif,120,70,4,Ore Pokémon,"It relies on sound in order to monitor what’s in its vicinity. When angered, it will attack without ever changing the direction it’s facing.",Blue,Tentacles,Unknown,Mineral,,Medium Slow
526,1.7,260.0,232,https://raw.githubusercontent.com/PokeAPI/sprites/master/sprites/pokemon/other/official-artwork/526.png,https://raw.githubusercontent.com/PokeAPI/sprites/master/sprites/pokemon/other/showdown/526.gif,45,70,4,Compressed Pokémon,"Although its energy blasts can blow away a dump truck, they have a limitation— they can only be fired when the sun is out.",Blue,Tentacles,Unknown,Mineral,,Medium Slow
527,0.4,2.1,65,https://raw.githubusercontent.com/PokeAPI/sprites/master/sprites/pokemon/other/official-artwork/527.png,https://raw.githubusercontent.com/PokeAPI/sprites/master/sprites/pokemon/other/showdown/527.gif,190,70,4,Bat Pokémon,"It emits ultrasonic waves as it flutters about, searching for its prey—bug Pokémon.",Blue,Wings,Unknown,Ground,Flying,Medium
528,0.9,10.5,149,https://raw.githubusercontent.com/PokeAPI/sprites/master/sprites/pokemon/other/official-artwork/528.png,https://raw.githubusercontent.com/PokeAPI/sprites/master/sprites/pokemon/other/showdown/528.gif,45,70,4,Courting Pokémon,The auspicious shape of this Pokémon’s nose apparently led some regions to consider Swoobat a symbol of good luck.,Blue,Wings,Unknown,Ground,Flying,Medium
529,0.3,8.5,66,https://raw.githubusercontent.com/PokeAPI/sprites/master/sprites/pokemon/other/official-artwork/529.png,https://raw.githubusercontent.com/PokeAPI/sprites/master/sprites/pokemon/other/showdown/529.gif,120,70,4,Mole Pokémon,"It’s a digger, using its claws to burrow through the ground. It causes damage to vegetable crops, so many farmers have little love for it.",Gray,Upright,Unknown,Ground,,Medium
530,0.7,40.4,178,https://raw.githubusercontent.com/PokeAPI/sprites/master/sprites/pokemon/other/official-artwork/530.png,https://raw.githubusercontent.com/PokeAPI/sprites/master/sprites/pokemon/other/showdown/530.gif,60,70,4,Subterrene Pokémon,"Known as the Drill King, this Pokémon can tunnel through the terrain at speeds of over 90 mph.",Gray,Humanoid,Unknown,Ground,,Medium
531,1.1,31.0,390,https://raw.githubusercontent.com/PokeAPI/sprites/master/sprites/pokemon/other/official-artwork/531.png,https://raw.githubusercontent.com/PokeAPI/sprites/master/sprites/pokemon/other/showdown/531.gif,255,70,4,Hearing Pokémon,"This Pokémon has a kind heart. By touching with its feelers, Audino can gauge other creatures’ feelings and physical conditions.",Pink,Upright,Unknown,Fairy,,Fast
532,0.6,12.5,61,https://raw.githubusercontent.com/PokeAPI/sprites/master/sprites/pokemon/other/official-artwork/532.png,https://raw.githubusercontent.com/PokeAPI/sprites/master/sprites/pokemon/other/showdown/532.gif,180,70,2,Muscular Pokémon,Timburr that have started carrying logs that are about three times their size are nearly ready to evolve.,Gray,Humanoid,Unknown,Humanshape,,Medium Slow
533,1.2,40.0,142,https://raw.githubusercontent.com/PokeAPI/sprites/master/sprites/pokemon/other/official-artwork/533.png,https://raw.githubusercontent.com/PokeAPI/sprites/master/sprites/pokemon/other/showdown/533.gif,90,70,2,Muscular Pokémon,"Gurdurr excels at demolition—construction is not its forte. In any case, there’s skill in the way this Pokémon wields its metal beam.",Gray,Humanoid,Unknown,Humanshape,,Medium Slow
534,1.4,87.0,227,https://raw.githubusercontent.com/PokeAPI/sprites/master/sprites/pokemon/other/official-artwork/534.png,https://raw.githubusercontent.com/PokeAPI/sprites/master/sprites/pokemon/other/showdown/534.gif,45,70,2,Muscular Pokémon,"When going all out, this Pokémon throws aside its concrete pillars and leaps at opponents to pummel them with its fists.",Brown,Humanoid,Unknown,Humanshape,,Medium Slow
535,0.5,4.5,59,https://raw.githubusercontent.com/PokeAPI/sprites/master/sprites/pokemon/other/official-artwork/535.png,https://raw.githubusercontent.com/PokeAPI/sprites/master/sprites/pokemon/other/showdown/535.gif,255,70,4,Tadpole Pokémon,It uses sound waves to communicate with others of its kind. People and other Pokémon species can’t hear its cries of warning.,Blue,Fish,Unknown,Water1,,Medium Slow
536,0.8,17.0,134,https://raw.githubusercontent.com/PokeAPI/sprites/master/sprites/pokemon/other/official-artwork/536.png,https://raw.githubusercontent.com/PokeAPI/sprites/master/sprites/pokemon/other/showdown/536.gif,120,70,4,Vibration Pokémon,"On occasion, their cries are sublimely pleasing to the ear. Palpitoad with larger lumps on their bodies can sing with a wider range of sounds.",Blue,Upright,Unknown,Water1,,Medium Slow
537,1.5,62.0,229,https://raw.githubusercontent.com/PokeAPI/sprites/master/sprites/pokemon/other/official-artwork/537.png,https://raw.githubusercontent.com/PokeAPI/sprites/master/sprites/pokemon/other/showdown/537.gif,45,70,4,Vibration Pokémon,"This Pokémon is popular among the elderly, who say the vibrations of its lumps are great for massages.",Blue,Humanoid,Unknown,Water1,,Medium Slow
538,1.3,55.5,163,https://raw.githubusercontent.com/PokeAPI/sprites/master/sprites/pokemon/other/official-artwork/538.png,https://raw.githubusercontent.com/PokeAPI/sprites/master/sprites/pokemon/other/showdown/538.gif,45,70,0,Judo Pokémon,They train in groups of five. Any member that can’t keep up will discard its belt and leave the group.,Red,Humanoid,Unknown,Humanshape,,Medium
539,1.4,51.0,163,https://raw.githubusercontent.com/PokeAPI/sprites/master/sprites/pokemon/other/official-artwork/539.png,https://raw.githubusercontent.com/PokeAPI/sprites/master/sprites/pokemon/other/showdown/539.gif,45,70,0,Karate Pokémon,The karate chops of a Sawk that’s trained itself to the limit can cleave the ocean itself.,Blue,Humanoid,Unknown,Humanshape,,Medium
540,0.3,2.5,62,https://raw.githubusercontent.com/PokeAPI/sprites/master/sprites/pokemon/other/official-artwork/540.png,https://raw.githubusercontent.com/PokeAPI/sprites/master/sprites/pokemon/other/showdown/540.gif,255,70,4,Sewing Pokémon,"Since this Pokémon makes its own clothes out of leaves, it is a popular mascot for fashion designers.",Yellow,Armor,Unknown,Bug,,Medium Slow
541,0.5,7.3,133,https://raw.githubusercontent.com/PokeAPI/sprites/master/sprites/pokemon/other/official-artwork/541.png,https://raw.githubusercontent.com/PokeAPI/sprites/master/sprites/pokemon/other/showdown/541.gif,120,70,4,Leaf-Wrapped Pokémon,"It protects itself from the cold by wrapping up in leaves. It stays on the move, eating leaves in forests.",Green,Arms,Unknown,Bug,,Medium Slow
542,1.2,20.5,225,https://raw.githubusercontent.com/PokeAPI/sprites/master/sprites/pokemon/other/official-artwork/542.png,https://raw.githubusercontent.com/PokeAPI/sprites/master/sprites/pokemon/other/showdown/542.gif,45,70,4,Nurturing Pokémon,It keeps its eggs warm with heat from fermenting leaves. It also uses leaves to make warm wrappings for Sewaddle.,Yellow,Humanoid,Unknown,Bug,,Medium Slow
543,0.4,5.3,52,https://raw.githubusercontent.com/PokeAPI/sprites/master/sprites/pokemon/other/official-artwork/543.png,https://raw.githubusercontent.com/PokeAPI/sprites/master/sprites/pokemon/other/showdown/543.gif,255,70,4,Centipede Pokémon,"Its fangs are highly venomous. If this Pokémon finds prey it thinks it can eat, it leaps for them without any thought of how things might turn out.",Red,Armor,Unknown,Bug,,Medium Slow
544,1.2,58.5,126,https://raw.githubusercontent.com/PokeAPI/sprites/master/sprites/pokemon/other/official-artwork/544.png,https://raw.githubusercontent.com/PokeAPI/sprites/master/sprites/pokemon/other/showdown/544.gif,120,70,4,Curlipede Pokémon,Whirlipede protects itself with a sturdy shell and poisonous spikes while it stores up the energy it’ll need for evolution.,Gray,Ball,Unknown,Bug,,Medium Slow
545,2.5,200.5,218,https://raw.githubusercontent.com/PokeAPI/sprites/master/sprites/pokemon/other/official-artwork/545.png,https://raw.githubusercontent.com/PokeAPI/sprites/master/sprites/pokemon/other/showdown/545.gif,45,70,4,Megapede Pokémon,"Scolipede engage in fierce territorial battles with Centiskorch. At the end of one of these battles, the victor makes a meal of the loser.",Red,Armor,Unknown,Bug,,Medium Slow
546,0.3,0.6,56,https://raw.githubusercontent.com/PokeAPI/sprites/master/sprites/pokemon/other/official-artwork/546.png,https://raw.githubusercontent.com/PokeAPI/sprites/master/sprites/pokemon/other/showdown/546.gif,190,70,4,Cotton Puff Pokémon,Weaving together the cotton of both Cottonee and Eldegoss produces exquisite cloth that’s highly prized by many luxury brands.,Green,Ball,Unknown,Plant,Fairy,Medium
547,0.7,6.6,168,https://raw.githubusercontent.com/PokeAPI/sprites/master/sprites/pokemon/other/official-artwork/547.png,https://raw.githubusercontent.com/PokeAPI/sprites/master/sprites/pokemon/other/showdown/547.gif,75,70,4,Windveiled Pokémon,"As long as this Pokémon bathes in sunlight, its cotton keeps growing. If too much cotton fluff builds up, Whimsicott tears it off and scatters it.",Green,Humanoid,Unknown,Plant,Fairy,Medium
548,0.5,6.6,56,https://raw.githubusercontent.com/PokeAPI/sprites/master/sprites/pokemon/other/official-artwork/548.png,https://raw.githubusercontent.com/PokeAPI/sprites/master/sprites/pokemon/other/showdown/548.gif,190,70,8,Bulb Pokémon,"The leaves on its head are highly valued for medicinal purposes. Dry the leaves in the sun, boil them, and then drink the bitter decoction for remarkably effective relief from fatigue.",Green,Blob,Unknown,Plant,,Medium
549,1.1,16.3,168,https://raw.githubusercontent.com/PokeAPI/sprites/master/sprites/pokemon/other/official-artwork/549.png,https://raw.githubusercontent.com/PokeAPI/sprites/master/sprites/pokemon/other/showdown/549.gif,75,70,8,Flowering Pokémon,I suspect that its well-developed legs are the result of a life spent on mountains covered in deep snow. The scent it exudes from its flower crown heartens those in proximity.,Green,Blob,Unknown,Plant,,Medium
550,1.0,18.0,161,https://raw.githubusercontent.com/PokeAPI/sprites/master/sprites/pokemon/other/official-artwork/550.png,https://raw.githubusercontent.com/PokeAPI/sprites/master/sprites/pokemon/other/showdown/550.gif,25,70,4,Hostile Pokémon,"Though it differs from other Basculin in several respects, including demeanor—this one is gentle—I have categorized it as a regional form given the vast array of shared qualities.",Green,Fish,Unknown,Water2,,Medium
551,0.7,15.2,58,https://raw.githubusercontent.com/PokeAPI/sprites/master/sprites/pokemon/other/official-artwork/551.png,https://raw.githubusercontent.com/PokeAPI/sprites/master/sprites/pokemon/other/showdown/551.gif,180,70,4,Desert Croc Pokémon,"Sandile is small, but its legs and lower body are powerful. Pushing sand aside as it goes, Sandile moves through the desert as if it’s swimming.",Brown,Quadruped,Unknown,Ground,,Medium Slow
552,1.0,33.4,123,https://raw.githubusercontent.com/PokeAPI/sprites/master/sprites/pokemon/other/official-artwork/552.png,https://raw.githubusercontent.com/PokeAPI/sprites/master/sprites/pokemon/other/showdown/552.gif,90,70,4,Desert Croc Pokémon,"Although this Pokémon has specialized eyes that allow it to see in the dark, Krokorok won’t move much at night—the desert gets cold after sunset.",Brown,Quadruped,Unknown,Ground,,Medium Slow
553,1.5,96.3,234,https://raw.githubusercontent.com/PokeAPI/sprites/master/sprites/pokemon/other/official-artwork/553.png,https://raw.githubusercontent.com/PokeAPI/sprites/master/sprites/pokemon/other/showdown/553.gif,45,70,4,Intimidation Pokémon,"While terribly aggressive, Krookodile also has the patience to stay hidden under sand for days, lying in wait for prey.",Red,Upright,Unknown,Ground,,Medium Slow
554,0.6,37.5,63,https://raw.githubusercontent.com/PokeAPI/sprites/master/sprites/pokemon/other/official-artwork/554.png,https://raw.githubusercontent.com/PokeAPI/sprites/master/sprites/pokemon/other/showdown/554.gif,120,70,4,Zen Charm Pokémon,"This popular symbol of good fortune will never fall over in its sleep, no matter how it’s pushed or pulled.",Red,Humanoid,Unknown,Ground,,Medium Slow
555,1.3,92.9,168,https://raw.githubusercontent.com/PokeAPI/sprites/master/sprites/pokemon/other/official-artwork/555.png,https://raw.githubusercontent.com/PokeAPI/sprites/master/sprites/pokemon/other/showdown/555.gif,60,70,4,Blazing Pokémon,"This Pokémon’s power level rises along with the temperature of its fire, which can reach 2,500 degrees Fahrenheit.",Red,Quadruped,Unknown,Ground,,Medium Slow
556,1.0,28.0,161,https://raw.githubusercontent.com/PokeAPI/sprites/master/sprites/pokemon/other/official-artwork/556.png,https://raw.githubusercontent.com/PokeAPI/sprites/master/sprites/pokemon/other/showdown/556.gif,255,70,4,Cactus Pokémon,"Once each year, this Pokémon scatters its seeds. They’re jam-packed with nutrients, making them a precious food source out in the desert.",Green,Blob,Unknown,Plant,,Medium
557,0.3,14.5,65,https://raw.githubusercontent.com/PokeAPI/sprites/master/sprites/pokemon/other/official-artwork/557.png,https://raw.githubusercontent.com/PokeAPI/sprites/master/sprites/pokemon/other/showdown/557.gif,190,70,4,Rock Inn Pokémon,"It first tries to find a rock to live in, but if there are no suitable rocks to be found, Dwebble may move in to the ports of a Hippowdon.",Red,Armor,Unknown,Bug,Mineral,Medium
558,1.4,200.0,170,https://raw.githubusercontent.com/PokeAPI/sprites/master/sprites/pokemon/other/official-artwork/558.png,https://raw.githubusercontent.com/PokeAPI/sprites/master/sprites/pokemon/other/showdown/558.gif,75,70,4,Stone Home Pokémon,Its thick claws are its greatest weapons. They’re mighty enough to crack Rhyperior’s carapace.,Red,Armor,Unknown,Bug,Mineral,Medium
559,0.6,11.8,70,https://raw.githubusercontent.com/PokeAPI/sprites/master/sprites/pokemon/other/official-artwork/559.png,https://raw.githubusercontent.com/PokeAPI/sprites/master/sprites/pokemon/other/showdown/559.gif,180,35,4,Shedding Pokémon,It protects itself with its durable skin. It’s thought that this Pokémon will evolve once its skin has completely stretched out.,Yellow,Upright,Unknown,Ground,Dragon,Medium
560,1.1,30.0,171,https://raw.githubusercontent.com/PokeAPI/sprites/master/sprites/pokemon/other/official-artwork/560.png,https://raw.githubusercontent.com/PokeAPI/sprites/master/sprites/pokemon/other/showdown/560.gif,90,70,4,Hoodlum Pokémon,"While mostly known for having the temperament of an aggressive ruffian, this Pokémon takes very good care of its family, friends, and territory.",Red,Upright,Unknown,Ground,Dragon,Medium
561,1.4,14.0,172,https://raw.githubusercontent.com/PokeAPI/sprites/master/sprites/pokemon/other/official-artwork/561.png,https://raw.githubusercontent.com/PokeAPI/sprites/master/sprites/pokemon/other/showdown/561.gif,45,70,4,Avianoid Pokémon,A discovery was made in the desert where Sigilyph fly. The ruins of what may have been an ancient city were found beneath the sands.,Black,Wings,Unknown,Flying,,Medium
562,0.5,1.5,61,https://raw.githubusercontent.com/PokeAPI/sprites/master/sprites/pokemon/other/official-artwork/562.png,https://raw.githubusercontent.com/PokeAPI/sprites/master/sprites/pokemon/other/showdown/562.gif,190,70,4,Spirit Pokémon,"The spirit of a person from a bygone age became this Pokémon. It rambles through ruins, searching for someone who knows its face.",Black,Arms,Unknown,Mineral,Indeterminate,Medium
563,1.7,76.5,169,https://raw.githubusercontent.com/PokeAPI/sprites/master/sprites/pokemon/other/official-artwork/563.png,https://raw.githubusercontent.com/PokeAPI/sprites/master/sprites/pokemon/other/showdown/563.gif,90,70,4,Coffin Pokémon,There are many depictions of Cofagrigus decorating ancient tombs. They’re symbols of the wealth that kings of bygone eras had.,Yellow,Blob,Unknown,Mineral,Indeterminate,Medium
564,0.7,16.5,71,https://raw.githubusercontent.com/PokeAPI/sprites/master/sprites/pokemon/other/official-artwork/564.png,https://raw.githubusercontent.com/PokeAPI/sprites/master/sprites/pokemon/other/showdown/564.gif,45,70,1,Prototurtle Pokémon,Tirtouga is considered to be the ancestor of many turtle Pokémon. It was restored to life from a fossil.,Blue,Quadruped,Unknown,Water1,Water3,Medium
565,1.2,81.0,173,https://raw.githubusercontent.com/PokeAPI/sprites/master/sprites/pokemon/other/official-artwork/565.png,https://raw.githubusercontent.com/PokeAPI/sprites/master/sprites/pokemon/other/showdown/565.gif,45,70,1,Prototurtle Pokémon,This Pokémon emerges from the water in search of prey despite the fact that it moves more slowly on land.,Blue,Upright,Unknown,Water1,Water3,Medium
566,0.5,9.5,71,https://raw.githubusercontent.com/PokeAPI/sprites/master/sprites/pokemon/other/official-artwork/566.png,https://raw.githubusercontent.com/PokeAPI/sprites/master/sprites/pokemon/other/showdown/566.gif,45,70,1,First Bird Pokémon,"Archen is said to be the ancestor of bird Pokémon. It lived in treetops, eating berries and bug Pokémon.",Yellow,Wings,Unknown,Flying,Water3,Medium
567,1.4,32.0,177,https://raw.githubusercontent.com/PokeAPI/sprites/master/sprites/pokemon/other/official-artwork/567.png,https://raw.githubusercontent.com/PokeAPI/sprites/master/sprites/pokemon/other/showdown/567.gif,45,70,1,First Bird Pokémon,"Though capable of flight, Archeops was apparently better at hunting on the ground.",Yellow,Wings,Unknown,Flying,Water3,Medium
568,0.6,31.0,66,https://raw.githubusercontent.com/PokeAPI/sprites/master/sprites/pokemon/other/official-artwork/568.png,https://raw.githubusercontent.com/PokeAPI/sprites/master/sprites/pokemon/other/showdown/568.gif,190,70,4,Trash Bag Pokémon,This Pokémon was born from a bag stuffed with trash. Galarian Weezing relish the fumes belched by Trubbish.,Green,Humanoid,Unknown,Mineral,,Medium
569,1.9,107.3,166,https://raw.githubusercontent.com/PokeAPI/sprites/master/sprites/pokemon/other/official-artwork/569.png,https://raw.githubusercontent.com/PokeAPI/sprites/master/sprites/pokemon/other/showdown/569.gif,60,70,4,Trash Heap Pokémon,The toxic liquid it launches from its right arm is so virulent that it can kill a weakened creature instantly.,Green,Humanoid,Unknown,Mineral,,Medium
570,0.7,12.5,66,https://raw.githubusercontent.com/PokeAPI/sprites/master/sprites/pokemon/other/official-artwork/570.png,https://raw.githubusercontent.com/PokeAPI/sprites/master/sprites/pokemon/other/showdown/570.gif,75,70,1,Tricky Fox Pokémon,"A once-departed soul, returned to life in Hisui. Derives power from resentment, which rises as energy atop its head and takes on the forms of foes. In this way, Zorua vents lingering malice.",Gray,Quadruped,Unknown,Ground,,Medium Slow
571,1.6,81.1,179,https://raw.githubusercontent.com/PokeAPI/sprites/master/sprites/pokemon/other/official-artwork/571.png,https://raw.githubusercontent.com/PokeAPI/sprites/master/sprites/pokemon/other/showdown/571.gif,45,70,1,Illusion Fox Pokémon,"With its disheveled white fur, it looks like an embodiment of death. Heedless of its own safety, Zoroark attacks its nemeses with a bitter energy so intense, it lacerates Zoroark's own body.",Gray,Upright,Unknown,Ground,,Medium Slow
572,0.4,5.8,60,https://raw.githubusercontent.com/PokeAPI/sprites/master/sprites/pokemon/other/official-artwork/572.png,https://raw.githubusercontent.com/PokeAPI/sprites/master/sprites/pokemon/other/showdown/572.gif,255,70,6,Chinchilla Pokémon,"They pet each other with their tails as a form of greeting. Of the two, the one whose tail is fluffier is a bit more boastful.",Gray,Quadruped,Unknown,Ground,,Fast
573,0.5,7.5,165,https://raw.githubusercontent.com/PokeAPI/sprites/master/sprites/pokemon/other/official-artwork/573.png,https://raw.githubusercontent.com/PokeAPI/sprites/master/sprites/pokemon/other/showdown/573.gif,60,70,6,Scarf Pokémon,A special oil that seeps through their fur helps them avoid attacks. The oil fetches a high price at market.,Gray,Quadruped,Unknown,Ground,,Fast
574,0.4,5.8,58,https://raw.githubusercontent.com/PokeAPI/sprites/master/sprites/pokemon/other/official-artwork/574.png,https://raw.githubusercontent.com/PokeAPI/sprites/master/sprites/pokemon/other/showdown/574.gif,200,70,6,Fixation Pokémon,"Even when nobody seems to be around, Gothita can still be heard making a muted cry. Many believe it’s speaking to something only it can see.",Purple,Humanoid,Unknown,Humanshape,,Medium Slow
575,0.7,18.0,137,https://raw.githubusercontent.com/PokeAPI/sprites/master/sprites/pokemon/other/official-artwork/575.png,https://raw.githubusercontent.com/PokeAPI/sprites/master/sprites/pokemon/other/showdown/575.gif,100,70,6,Manipulate Pokémon,"On nights when the stars shine, this Pokémon’s psychic power is at its strongest. It’s unknown just what link Gothorita has to the greater universe.",Purple,Humanoid,Unknown,Humanshape,,Medium Slow
576,1.5,44.0,221,https://raw.githubusercontent.com/PokeAPI/sprites/master/sprites/pokemon/other/official-artwork/576.png,https://raw.githubusercontent.com/PokeAPI/sprites/master/sprites/pokemon/other/showdown/576.gif,50,70,6,Astral Body Pokémon,A criminal who was shown his fate by a Gothitelle went missing that same day and was never seen again.,Purple,Humanoid,Unknown,Humanshape,,Medium Slow
577,0.3,1.0,58,https://raw.githubusercontent.com/PokeAPI/sprites/master/sprites/pokemon/other/official-artwork/577.png,https://raw.githubusercontent.com/PokeAPI/sprites/master/sprites/pokemon/other/showdown/577.gif,200,70,4,Cell Pokémon,Many say that the special liquid covering this Pokémon’s body would allow it to survive in the vacuum of space.,Green,Ball,Unknown,Indeterminate,,Medium Slow
578,0.6,8.0,130,https://raw.githubusercontent.com/PokeAPI/sprites/master/sprites/pokemon/other/official-artwork/578.png,https://raw.githubusercontent.com/PokeAPI/sprites/master/sprites/pokemon/other/showdown/578.gif,100,70,4,Mitosis Pokémon,"Its brain has split into two, and the two halves rarely think alike. Its actions are utterly unpredictable.",Green,Ball,Unknown,Indeterminate,,Medium Slow
579,1.0,20.1,221,https://raw.githubusercontent.com/PokeAPI/sprites/master/sprites/pokemon/other/official-artwork/579.png,https://raw.githubusercontent.com/PokeAPI/sprites/master/sprites/pokemon/other/showdown/579.gif,50,70,4,Multiplying Pokémon,"It’s said that drinking the liquid surrounding Reuniclus grants wisdom. Problem is, the liquid is highly toxic to anything besides Reuniclus itself.",Green,Arms,Unknown,Indeterminate,,Medium Slow
580,0.5,5.5,61,https://raw.githubusercontent.com/PokeAPI/sprites/master/sprites/pokemon/other/official-artwork/580.png,https://raw.githubusercontent.com/PokeAPI/sprites/master/sprites/pokemon/other/showdown/580.gif,190,70,4,Water Bird Pokémon,"They are better at swimming than flying, and they happily eat their favorite food, peat moss, as they dive underwater.",Blue,Wings,Unknown,Water1,Flying,Medium
581,1.3,24.2,166,https://raw.githubusercontent.com/PokeAPI/sprites/master/sprites/pokemon/other/official-artwork/581.png,https://raw.githubusercontent.com/PokeAPI/sprites/master/sprites/pokemon/other/showdown/581.gif,45,70,4,White Bird Pokémon,Swanna start to dance at dusk. The one dancing in the middle is the leader of the flock.,White,Wings,Unknown,Water1,Flying,Medium
582,0.4,5.7,61,https://raw.githubusercontent.com/PokeAPI/sprites/master/sprites/pokemon/other/official-artwork/582.png,https://raw.githubusercontent.com/PokeAPI/sprites/master/sprites/pokemon/other/showdown/582.gif,255,70,4,Fresh Snow Pokémon,"Supposedly, this Pokémon was born from an icicle. It spews out freezing air at −58 degrees Fahrenheit to make itself more comfortable.",White,Blob,Unknown,Mineral,,Slow
583,1.1,41.0,138,https://raw.githubusercontent.com/PokeAPI/sprites/master/sprites/pokemon/other/official-artwork/583.png,https://raw.githubusercontent.com/PokeAPI/sprites/master/sprites/pokemon/other/showdown/583.gif,120,70,4,Icy Snow Pokémon,"It blasts enemies with cold air reaching −148 degrees Fahrenheit, freezing them solid. But it spares their lives afterward—it’s a kind Pokémon.",White,Blob,Unknown,Mineral,,Slow
584,1.3,57.5,241,https://raw.githubusercontent.com/PokeAPI/sprites/master/sprites/pokemon/other/official-artwork/584.png,https://raw.githubusercontent.com/PokeAPI/sprites/master/sprites/pokemon/other/showdown/584.gif,45,70,4,Snowstorm Pokémon,People believe this Pokémon formed when two Vanillish stuck together. Its body temperature is roughly 21 degrees Fahrenheit.,White,Heads,Unknown,Mineral,,Slow
585,0.6,19.5,67,https://raw.githubusercontent.com/PokeAPI/sprites/master/sprites/pokemon/other/official-artwork/585.png,https://raw.githubusercontent.com/PokeAPI/sprites/master/sprites/pokemon/other/showdown/585.gif,190,70,4,Season Pokémon,The turning of the seasons changes the color and scent of this Pokémon’s fur. People use it to mark the seasons.,Pink,Quadruped,Unknown,Ground,,Medium
586,1.9,92.5,166,https://raw.githubusercontent.com/PokeAPI/sprites/master/sprites/pokemon/other/official-artwork/586.png,https://raw.githubusercontent.com/PokeAPI/sprites/master/sprites/pokemon/other/showdown/586.gif,75,70,4,Season Pokémon,"They migrate according to the seasons, so some people call Sawsbuck the harbingers of spring.",Brown,Quadruped,Unknown,Ground,,Medium
587,0.4,5.0,150,https://raw.githubusercontent.com/PokeAPI/sprites/master/sprites/pokemon/other/official-artwork/587.png,https://raw.githubusercontent.com/PokeAPI/sprites/master/sprites/pokemon/other/showdown/587.gif,200,70,4,Sky Squirrel Pokémon,This Pokémon absolutely loves sweet berries. Sometimes it stuffs its cheeks full of so much food that it can’t fly properly.,White,Quadruped,Unknown,Ground,,Medium
588,0.5,5.9,63,https://raw.githubusercontent.com/PokeAPI/sprites/master/sprites/pokemon/other/official-artwork/588.png,https://raw.githubusercontent.com/PokeAPI/sprites/master/sprites/pokemon/other/showdown/588.gif,200,70,4,Clamping Pokémon,It spits a liquid from its mouth to melt through Shelmet’s shell. Karrablast doesn’t eat the shell— it eats only the contents.,Blue,Humanoid,Unknown,Bug,,Medium
589,1.0,33.0,173,https://raw.githubusercontent.com/PokeAPI/sprites/master/sprites/pokemon/other/official-artwork/589.png,https://raw.githubusercontent.com/PokeAPI/sprites/master/sprites/pokemon/other/showdown/589.gif,75,70,4,Cavalry Pokémon,"It charges its enemies, lances at the ready. An image of one of its duels is captured in a famous painting of Escavalier clashing with Sirfetch’d.",Gray,Arms,Unknown,Bug,,Medium
590,0.2,1.0,59,https://raw.githubusercontent.com/PokeAPI/sprites/master/sprites/pokemon/other/official-artwork/590.png,https://raw.githubusercontent.com/PokeAPI/sprites/master/sprites/pokemon/other/showdown/590.gif,190,70,4,Mushroom Pokémon,"The spores released from this Pokémon’s hands are highly poisonous, but when thoroughly dried, the spores can be used as stomach medicine.",White,Arms,Unknown,Plant,,Medium
591,0.6,10.5,162,https://raw.githubusercontent.com/PokeAPI/sprites/master/sprites/pokemon/other/official-artwork/591.png,https://raw.githubusercontent.com/PokeAPI/sprites/master/sprites/pokemon/other/showdown/591.gif,75,70,4,Mushroom Pokémon,Amoonguss generally doesn’t move much. It tends to stand still near Poké Balls that have been dropped on the ground.,White,Arms,Unknown,Plant,,Medium
592,1.2,33.0,67,https://raw.githubusercontent.com/PokeAPI/sprites/master/sprites/pokemon/other/official-artwork/592.png,https://raw.githubusercontent.com/PokeAPI/sprites/master/sprites/pokemon/other/showdown/592.gif,190,70,4,Floating Pokémon,Legend has it that the residents of a sunken ancient city changed into these Pokémon.,White,Tentacles,Unknown,Indeterminate,,Medium
593,2.2,135.0,168,https://raw.githubusercontent.com/PokeAPI/sprites/master/sprites/pokemon/other/official-artwork/593.png,https://raw.githubusercontent.com/PokeAPI/sprites/master/sprites/pokemon/other/showdown/593.gif,60,70,4,Floating Pokémon,"Whenever a full moon hangs in the night sky, schools of Jellicent gather near the surface of the sea, waiting for their prey to appear.",White,Tentacles,Unknown,Indeterminate,,Medium
594,1.2,31.6,165,https://raw.githubusercontent.com/PokeAPI/sprites/master/sprites/pokemon/other/official-artwork/594.png,https://raw.githubusercontent.com/PokeAPI/sprites/master/sprites/pokemon/other/showdown/594.gif,75,70,4,Caring Pokémon,The reason it helps Pokémon in a weakened condition is that any Pokémon coming after them may also attack Alomomola.,Pink,Fish,Unknown,Water1,Water2,Fast
595,0.1,0.6,64,https://raw.githubusercontent.com/PokeAPI/sprites/master/sprites/pokemon/other/official-artwork/595.png,https://raw.githubusercontent.com/PokeAPI/sprites/master/sprites/pokemon/other/showdown/595.gif,190,70,4,Attaching Pokémon,Joltik latch on to other Pokémon and suck out static electricity. They’re often found sticking to Yamper’s hindquarters.,Yellow,Armor,Unknown,Bug,,Medium
596,0.8,14.3,165,https://raw.githubusercontent.com/PokeAPI/sprites/master/sprites/pokemon/other/official-artwork/596.png,https://raw.githubusercontent.com/PokeAPI/sprites/master/sprites/pokemon/other/showdown/596.gif,75,70,4,EleSpider Pokémon,"It lays traps of electrified threads near the nests of bird Pokémon, aiming to snare chicks that are not yet good at flying.",Yellow,Armor,Unknown,Bug,,Medium
597,0.6,18.8,61,https://raw.githubusercontent.com/PokeAPI/sprites/master/sprites/pokemon/other/official-artwork/597.png,https://raw.githubusercontent.com/PokeAPI/sprites/master/sprites/pokemon/other/showdown/597.gif,255,70,4,Thorn Seed Pokémon,Mossy caves are their preferred dwellings. Enzymes contained in mosses help Ferroseed’s spikes grow big and strong.,Gray,Ball,Unknown,Plant,Mineral,Medium
598,1.0,110.0,171,https://raw.githubusercontent.com/PokeAPI/sprites/master/sprites/pokemon/other/official-artwork/598.png,https://raw.githubusercontent.com/PokeAPI/sprites/master/sprites/pokemon/other/showdown/598.gif,90,70,4,Thorn Pod Pokémon,Its spikes are harder than steel. This Pokémon crawls across rock walls by stabbing the spikes on its feelers into the stone.,Gray,Tentacles,Unknown,Plant,Mineral,Medium
599,0.3,21.0,60,https://raw.githubusercontent.com/PokeAPI/sprites/master/sprites/pokemon/other/official-artwork/599.png,https://raw.githubusercontent.com/PokeAPI/sprites/master/sprites/pokemon/other/showdown/599.gif,130,70,-1,Gear Pokémon,It’s suspected that Klink were the inspiration behind ancient people’s invention of the first gears.,Gray,Heads,Unknown,Mineral,,Medium Slow
600,0.6,51.0,154,https://raw.githubusercontent.com/PokeAPI/sprites/master/sprites/pokemon/other/official-artwork/600.png,https://raw.githubusercontent.com/PokeAPI/sprites/master/sprites/pokemon/other/showdown/600.gif,60,70,-1,Gear Pokémon,Many companies in the Galar region choose Klang as their logo. This Pokémon is considered the symbol of industrial technology.,Gray,Heads,Unknown,Mineral,,Medium Slow
601,0.6,81.0,234,https://raw.githubusercontent.com/PokeAPI/sprites/master/sprites/pokemon/other/official-artwork/601.png,https://raw.githubusercontent.com/PokeAPI/sprites/master/sprites/pokemon/other/showdown/601.gif,30,70,-1,Gear Pokémon,The three gears that compose this Pokémon spin at high speed. Its new spiked gear isn’t a living creature.,Gray,Heads,Unknown,Mineral,,Medium Slow
602,0.2,0.3,55,https://raw.githubusercontent.com/PokeAPI/sprites/master/sprites/pokemon/other/official-artwork/602.png,https://raw.githubusercontent.com/PokeAPI/sprites/master/sprites/pokemon/other/showdown/602.gif,190,70,4,EleFish Pokémon,"One alone can emit only a trickle of electricity, so a group of them gathers to unleash a powerful electric shock.",White,Fish,Unknown,Indeterminate,,Slow
603,1.2,22.0,142,https://raw.githubusercontent.com/PokeAPI/sprites/master/sprites/pokemon/other/official-artwork/603.png,https://raw.githubusercontent.com/PokeAPI/sprites/master/sprites/pokemon/other/showdown/603.gif,60,70,4,EleFish Pokémon,"These Pokémon have a big appetite. When they spot their prey, they attack it and paralyze it with electricity.",Blue,Fish,Unknown,Indeterminate,,Slow
604,2.1,80.5,232,https://raw.githubusercontent.com/PokeAPI/sprites/master/sprites/pokemon/other/official-artwork/604.png,https://raw.githubusercontent.com/PokeAPI/sprites/master/sprites/pokemon/other/showdown/604.gif,30,70,4,EleFish Pokémon,They crawl out of the ocean using their arms. They will attack prey on shore and immediately drag it into the ocean.,Blue,Fish,Unknown,Indeterminate,,Slow
605,0.5,9.0,67,https://raw.githubusercontent.com/PokeAPI/sprites/master/sprites/pokemon/other/official-artwork/605.png,https://raw.githubusercontent.com/PokeAPI/sprites/master/sprites/pokemon/other/showdown/605.gif,255,70,4,Cerebral Pokémon,This Pokémon was discovered about 50 years ago. Its highly developed brain enables it to exert its psychic powers.,Blue,Upright,Unknown,Humanshape,,Medium
606,1.0,34.5,170,https://raw.githubusercontent.com/PokeAPI/sprites/master/sprites/pokemon/other/official-artwork/606.png,https://raw.githubusercontent.com/PokeAPI/sprites/master/sprites/pokemon/other/showdown/606.gif,90,70,4,Cerebral Pokémon,"Sometimes found drifting above wheat fields, this Pokémon can control the memories of its opponents.",Brown,Humanoid,Unknown,Humanshape,,Medium
607,0.3,3.1,55,https://raw.githubusercontent.com/PokeAPI/sprites/master/sprites/pokemon/other/official-artwork/607.png,https://raw.githubusercontent.com/PokeAPI/sprites/master/sprites/pokemon/other/showdown/607.gif,190,70,4,Candle Pokémon,"The younger the life this Pokémon absorbs, the brighter and eerier the flame on its head burns.",White,Blob,Unknown,Indeterminate,,Medium Slow
608,0.6,13.0,130,https://raw.githubusercontent.com/PokeAPI/sprites/master/sprites/pokemon/other/official-artwork/608.png,https://raw.githubusercontent.com/PokeAPI/sprites/master/sprites/pokemon/other/showdown/608.gif,90,70,4,Lamp Pokémon,"It lurks in cities, pretending to be a lamp. Once it finds someone whose death is near, it will trail quietly after them.",Black,Arms,Unknown,Indeterminate,,Medium Slow
609,1.0,34.3,234,https://raw.githubusercontent.com/PokeAPI/sprites/master/sprites/pokemon/other/official-artwork/609.png,https://raw.githubusercontent.com/PokeAPI/sprites/master/sprites/pokemon/other/showdown/609.gif,45,70,4,Luring Pokémon,"In homes illuminated by Chandelure instead of lights, funerals were a constant occurrence— or so it’s said.",Black,Arms,Unknown,Indeterminate,,Medium Slow
610,0.6,18.0,64,https://raw.githubusercontent.com/PokeAPI/sprites/master/sprites/pokemon/other/official-artwork/610.png,https://raw.githubusercontent.com/PokeAPI/sprites/master/sprites/pokemon/other/showdown/610.gif,75,35,4,Tusk Pokémon,"They play with each other by knocking their large tusks together. Their tusks break sometimes, but they grow back so quickly that it isn’t a concern.",Green,Upright,Unknown,Monster,Dragon,Slow
611,1.0,36.0,144,https://raw.githubusercontent.com/PokeAPI/sprites/master/sprites/pokemon/other/official-artwork/611.png,https://raw.githubusercontent.com/PokeAPI/sprites/master/sprites/pokemon/other/showdown/611.gif,60,35,4,Axe Jaw Pokémon,"Its skin is as hard as a suit of armor. Fraxure’s favorite strategy is to tackle its opponents, stabbing them with its tusks at the same time.",Green,Upright,Unknown,Monster,Dragon,Slow
612,1.8,105.5,243,https://raw.githubusercontent.com/PokeAPI/sprites/master/sprites/pokemon/other/official-artwork/612.png,https://raw.githubusercontent.com/PokeAPI/sprites/master/sprites/pokemon/other/showdown/612.gif,45,35,4,Axe Jaw Pokémon,"While usually kindhearted, it can be terrifying if angered. Tusks that can slice through steel beams are how Haxorus deals with its adversaries.",Yellow,Upright,Unknown,Monster,Dragon,Slow
613,0.5,8.5,61,https://raw.githubusercontent.com/PokeAPI/sprites/master/sprites/pokemon/other/official-artwork/613.png,https://raw.githubusercontent.com/PokeAPI/sprites/master/sprites/pokemon/other/showdown/613.gif,120,70,4,Chill Pokémon,"It sniffles before performing a move, using its frosty snot to provide an icy element to any move that needs it.",White,Upright,Unknown,Ground,,Medium
614,2.6,260.0,177,https://raw.githubusercontent.com/PokeAPI/sprites/master/sprites/pokemon/other/official-artwork/614.png,https://raw.githubusercontent.com/PokeAPI/sprites/master/sprites/pokemon/other/showdown/614.gif,60,70,4,Freezing Pokémon,"It swims energetically through frigid seas. When it gets tired, it freezes the seawater with its breath so it can rest on the ice.",White,Quadruped,Unknown,Ground,,Medium
615,1.1,148.0,180,https://raw.githubusercontent.com/PokeAPI/sprites/master/sprites/pokemon/other/official-artwork/615.png,https://raw.githubusercontent.com/PokeAPI/sprites/master/sprites/pokemon/other/showdown/615.gif,25,70,-1,Crystallizing Pokémon,"When the weather gets hot, these Pokémon turn into water vapor. Cryogonal are almost never seen during summer.",Blue,Ball,Unknown,Mineral,,Medium
616,0.4,7.7,61,https://raw.githubusercontent.com/PokeAPI/sprites/master/sprites/pokemon/other/official-artwork/616.png,https://raw.githubusercontent.com/PokeAPI/sprites/master/sprites/pokemon/other/showdown/616.gif,200,70,4,Snail Pokémon,"It has a strange physiology that responds to electricity. When together with Karrablast, Shelmet evolves for some reason.",Red,Ball,Unknown,Bug,,Medium
617,0.8,25.3,173,https://raw.githubusercontent.com/PokeAPI/sprites/master/sprites/pokemon/other/official-artwork/617.png,https://raw.githubusercontent.com/PokeAPI/sprites/master/sprites/pokemon/other/showdown/617.gif,75,70,4,Shell Out Pokémon,"Discarding its shell made it nimble. To keep itself from dehydrating, it wraps its body in bands of membrane.",Red,Arms,Unknown,Bug,,Medium
618,0.7,11.0,165,https://raw.githubusercontent.com/PokeAPI/sprites/master/sprites/pokemon/other/official-artwork/618.png,https://raw.githubusercontent.com/PokeAPI/sprites/master/sprites/pokemon/other/showdown/618.gif,75,70,4,Trap Pokémon,"For some reason, this Pokémon smiles slightly when it emits a strong electric current from the yellow markings on its body.",Brown,Fish,Unknown,Water1,Indeterminate,Medium
619,0.9,20.0,70,https://raw.githubusercontent.com/PokeAPI/sprites/master/sprites/pokemon/other/official-artwork/619.png,https://raw.githubusercontent.com/PokeAPI/sprites/master/sprites/pokemon/other/showdown/619.gif,180,70,4,Martial Arts Pokémon,"Though small, Mienfoo’s temperament is fierce. Any creature that approaches Mienfoo carelessly will be greeted with a flurry of graceful attacks.",Yellow,Upright,Unknown,Ground,Humanshape,Medium Slow
620,1.4,35.5,179,https://raw.githubusercontent.com/PokeAPI/sprites/master/sprites/pokemon/other/official-artwork/620.png,https://raw.githubusercontent.com/PokeAPI/sprites/master/sprites/pokemon/other/showdown/620.gif,45,70,4,Martial Arts Pokémon,"Delivered at blinding speeds, kicks from this Pokémon can shatter massive boulders into tiny pieces.",Purple,Upright,Unknown,Ground,Humanshape,Medium Slow
621,1.6,139.0,170,https://raw.githubusercontent.com/PokeAPI/sprites/master/sprites/pokemon/other/official-artwork/621.png,https://raw.githubusercontent.com/PokeAPI/sprites/master/sprites/pokemon/other/showdown/621.gif,45,70,4,Cave Pokémon,"Druddigon are vicious and cunning. They take up residence in nests dug out by other Pokémon, treating the stolen nests as their own lairs.",Red,Upright,Unknown,Dragon,Monster,Medium
622,1.0,92.0,61,https://raw.githubusercontent.com/PokeAPI/sprites/master/sprites/pokemon/other/official-artwork/622.png,https://raw.githubusercontent.com/PokeAPI/sprites/master/sprites/pokemon/other/showdown/622.gif,190,70,-1,Automaton Pokémon,"This Pokémon was created from clay. It received orders from its master many thousands of years ago, and it still follows those orders to this day.",Green,Humanoid,Unknown,Mineral,,Medium
623,2.8,330.0,169,https://raw.githubusercontent.com/PokeAPI/sprites/master/sprites/pokemon/other/official-artwork/623.png,https://raw.githubusercontent.com/PokeAPI/sprites/master/sprites/pokemon/other/showdown/623.gif,90,70,-1,Automaton Pokémon,"There’s a theory that inside Golurk is a perpetual motion machine that produces limitless energy, but this belief hasn’t been proven.",Green,Humanoid,Unknown,Mineral,,Medium
624,0.5,10.2,68,https://raw.githubusercontent.com/PokeAPI/sprites/master/sprites/pokemon/other/official-artwork/624.png,https://raw.githubusercontent.com/PokeAPI/sprites/master/sprites/pokemon/other/showdown/624.gif,120,35,4,Sharp Blade Pokémon,"A pack of these Pokémon forms to serve a Bisharp boss. Each Pawniard trains diligently, dreaming of one day taking the lead.",Red,Humanoid,Unknown,Humanshape,,Medium
625,1.6,70.0,172,https://raw.githubusercontent.com/PokeAPI/sprites/master/sprites/pokemon/other/official-artwork/625.png,https://raw.githubusercontent.com/PokeAPI/sprites/master/sprites/pokemon/other/showdown/625.gif,45,35,4,Sword Blade Pokémon,Violent conflicts erupt between Bisharp and Fraxure over places where sharpening stones can be found.,Red,Humanoid,Unknown,Humanshape,,Medium
626,1.6,94.6,172,https://raw.githubusercontent.com/PokeAPI/sprites/master/sprites/pokemon/other/official-artwork/626.png,https://raw.githubusercontent.com/PokeAPI/sprites/master/sprites/pokemon/other/showdown/626.gif,45,70,4,Bash Buffalo Pokémon,These Pokémon live in herds of about 20 individuals. Bouffalant that betray the herd will lose the hair on their heads for some reason.,Brown,Quadruped,Unknown,Ground,,Medium
627,0.5,10.5,70,https://raw.githubusercontent.com/PokeAPI/sprites/master/sprites/pokemon/other/official-artwork/627.png,https://raw.githubusercontent.com/PokeAPI/sprites/master/sprites/pokemon/other/showdown/627.gif,190,70,0,Eaglet Pokémon,"Its chick-like looks belie its hotheadedness. It challenges its parents at every opportunity, desperate to prove its strength.",White,Wings,Unknown,Flying,,Slow
628,1.5,41.0,179,https://raw.githubusercontent.com/PokeAPI/sprites/master/sprites/pokemon/other/official-artwork/628.png,https://raw.githubusercontent.com/PokeAPI/sprites/master/sprites/pokemon/other/showdown/628.gif,60,70,0,Valiant Pokémon,"Screaming a bloodcurdling battle cry, this huge and ferocious bird Pokémon goes out on the hunt. It blasts lakes with shock waves, then scoops up any prey that float to the water's surface.",Red,Wings,Unknown,Flying,,Slow
629,0.5,9.0,74,https://raw.githubusercontent.com/PokeAPI/sprites/master/sprites/pokemon/other/official-artwork/629.png,https://raw.githubusercontent.com/PokeAPI/sprites/master/sprites/pokemon/other/showdown/629.gif,190,35,8,Diapered Pokémon,Vullaby grow quickly. Bones that have gotten too small for older Vullaby to wear often get passed down to younger ones in the nest.,Brown,Wings,Unknown,Flying,,Slow
630,1.2,39.5,179,https://raw.githubusercontent.com/PokeAPI/sprites/master/sprites/pokemon/other/official-artwork/630.png,https://raw.githubusercontent.com/PokeAPI/sprites/master/sprites/pokemon/other/showdown/630.gif,60,35,8,Bone Vulture Pokémon,"They adorn themselves with bones. There seem to be fashion trends among them, as different bones come into and fall out of popularity.",Brown,Wings,Unknown,Flying,,Slow
631,1.4,58.0,169,https://raw.githubusercontent.com/PokeAPI/sprites/master/sprites/pokemon/other/official-artwork/631.png,https://raw.githubusercontent.com/PokeAPI/sprites/master/sprites/pokemon/other/showdown/631.gif,90,70,4,Anteater Pokémon,"A flame serves as its tongue, melting through the hard shell of Durant so that Heatmor can devour their insides.",Red,Upright,Unknown,Ground,,Medium
632,0.3,33.0,169,https://raw.githubusercontent.com/PokeAPI/sprites/master/sprites/pokemon/other/official-artwork/632.png,https://raw.githubusercontent.com/PokeAPI/sprites/master/sprites/pokemon/other/showdown/632.gif,90,70,4,Iron Ant Pokémon,"With their large mandibles, these Pokémon can crunch their way through rock. They work together to protect their eggs from Sandaconda.",Gray,Armor,Unknown,Bug,,Medium
633,0.8,17.3,60,https://raw.githubusercontent.com/PokeAPI/sprites/master/sprites/pokemon/other/official-artwork/633.png,https://raw.githubusercontent.com/PokeAPI/sprites/master/sprites/pokemon/other/showdown/633.gif,45,35,4,Irate Pokémon,"Because it can’t see, this Pokémon is constantly biting at everything it touches, trying to keep track of its surroundings.",Blue,Quadruped,Unknown,Dragon,,Slow
634,1.4,50.0,147,https://raw.githubusercontent.com/PokeAPI/sprites/master/sprites/pokemon/other/official-artwork/634.png,https://raw.githubusercontent.com/PokeAPI/sprites/master/sprites/pokemon/other/showdown/634.gif,45,35,4,Hostile Pokémon,Their two heads will fight each other over a single piece of food. Zweilous are covered in scars even without battling others.,Blue,Quadruped,Unknown,Dragon,,Slow
635,1.8,160.0,270,https://raw.githubusercontent.com/PokeAPI/sprites/master/sprites/pokemon/other/official-artwork/635.png,https://raw.githubusercontent.com/PokeAPI/sprites/master/sprites/pokemon/other/showdown/635.gif,45,35,4,Brutal Pokémon,The three heads take turns sinking their teeth into the opponent. Their attacks won’t slow until their target goes down.,Blue,Upright,Unknown,Dragon,,Slow
636,1.1,28.8,72,https://raw.githubusercontent.com/PokeAPI/sprites/master/sprites/pokemon/other/official-artwork/636.png,https://raw.githubusercontent.com/PokeAPI/sprites/master/sprites/pokemon/other/showdown/636.gif,45,70,4,Torch Pokémon,Larvesta’s body is warm all over. It spouts fire from the tips of its horns to intimidate predators and scare prey.,White,Armor,Unknown,Bug,,Slow
637,1.6,46.0,248,https://raw.githubusercontent.com/PokeAPI/sprites/master/sprites/pokemon/other/official-artwork/637.png,https://raw.githubusercontent.com/PokeAPI/sprites/master/sprites/pokemon/other/showdown/637.gif,15,70,4,Sun Pokémon,This Pokémon emerges from a cocoon formed of raging flames. Ancient murals depict Volcarona as a deity of fire.,White,Bug Wings,Unknown,Bug,,Slow
638,2.1,250.0,261,https://raw.githubusercontent.com/PokeAPI/sprites/master/sprites/pokemon/other/official-artwork/638.png,https://raw.githubusercontent.com/PokeAPI/sprites/master/sprites/pokemon/other/showdown/638.gif,3,35,-1,Iron Will Pokémon,"From the moment it’s born, this Pokémon radiates the air of a leader. Its presence will calm even vicious foes.",Blue,Quadruped,Unknown,No Eggs,,Slow
639,1.9,260.0,261,https://raw.githubusercontent.com/PokeAPI/sprites/master/sprites/pokemon/other/official-artwork/639.png,https://raw.githubusercontent.com/PokeAPI/sprites/master/sprites/pokemon/other/showdown/639.gif,3,35,-1,Cavern Pokémon,"In Unovan legend, Terrakion battled against humans in an effort to protect other Pokémon.",Gray,Quadruped,Unknown,No Eggs,,Slow
640,2.0,200.0,261,https://raw.githubusercontent.com/PokeAPI/sprites/master/sprites/pokemon/other/official-artwork/640.png,https://raw.githubusercontent.com/PokeAPI/sprites/master/sprites/pokemon/other/showdown/640.gif,3,35,-1,Grassland Pokémon,"It darts around opponents with a flurry of quick movements, slicing them up with its horns.",Green,Quadruped,Unknown,No Eggs,,Slow
641,1.5,63.0,261,https://raw.githubusercontent.com/PokeAPI/sprites/master/sprites/pokemon/other/official-artwork/641.png,https://raw.githubusercontent.com/PokeAPI/sprites/master/sprites/pokemon/other/showdown/641.gif,3,90,0,Cyclone Pokémon,This storm-stirring Pokémon is said to cause the seasons to turn by whipping up the air. I suspect its humanlike form to be a false one.,Green,Arms,Unknown,No Eggs,,Slow
642,1.5,61.0,261,https://raw.githubusercontent.com/PokeAPI/sprites/master/sprites/pokemon/other/official-artwork/642.png,https://raw.githubusercontent.com/PokeAPI/sprites/master/sprites/pokemon/other/showdown/642.gif,3,90,0,Bolt Strike Pokémon,"They say this wielder of electricity has waged war with its nemesis, Tornadus, since time immemorial. The lightning bolts it hurls pierce the very earth and enrich the soil.",Blue,Arms,Unknown,No Eggs,,Slow
643,3.2,330.0,306,https://raw.githubusercontent.com/PokeAPI/sprites/master/sprites/pokemon/other/official-artwork/643.png,https://raw.githubusercontent.com/PokeAPI/sprites/master/sprites/pokemon/other/showdown/643.gif,3,0,-1,Vast White Pokémon,"According to myth, if people ignore truth and let themselves become consumed by greed, Reshiram will arrive to burn their kingdoms down.",White,Wings,Unknown,No Eggs,,Slow
644,2.9,345.0,306,https://raw.githubusercontent.com/PokeAPI/sprites/master/sprites/pokemon/other/official-artwork/644.png,https://raw.githubusercontent.com/PokeAPI/sprites/master/sprites/pokemon/other/showdown/644.gif,3,0,-1,Deep Black Pokémon,"Mythology tells us that if people lose the righteousness in their hearts, their kingdoms will be razed by Zekrom’s lightning.",Black,Upright,Unknown,No Eggs,,Slow
645,1.5,68.0,270,https://raw.githubusercontent.com/PokeAPI/sprites/master/sprites/pokemon/other/official-artwork/645.png,https://raw.githubusercontent.com/PokeAPI/sprites/master/sprites/pokemon/other/showdown/645.gif,3,90,0,Abundance Pokémon,"When the incarnations of wind and of lightning clash, Landorus arrives to quell the conflict. After the tempests and thunderbolts abate, the land is sure to be blessed with bountiful harvests.",Brown,Arms,Unknown,No Eggs,,Slow
646,3.0,325.0,297,https://raw.githubusercontent.com/PokeAPI/sprites/master/sprites/pokemon/other/official-artwork/646.png,https://raw.githubusercontent.com/PokeAPI/sprites/master/sprites/pokemon/other/showdown/646.gif,3,0,-1,Boundary Pokémon,It appears that this Pokémon uses its powers over ice to freeze its own body in order to stabilize its cellular structure.,Gray,Upright,Unknown,No Eggs,,Slow
647,1.4,48.5,261,https://raw.githubusercontent.com/PokeAPI/sprites/master/sprites/pokemon/other/official-artwork/647.png,https://raw.githubusercontent.com/PokeAPI/sprites/master/sprites/pokemon/other/showdown/647.gif,3,35,-1,Colt Pokémon,They say that Keldeo must survive harsh battles and fully develop the horn on its forehead before this Pokémon’s true power will awaken.,Yellow,Quadruped,Unknown,No Eggs,,Slow
648,0.6,6.5,270,https://raw.githubusercontent.com/PokeAPI/sprites/master/sprites/pokemon/other/official-artwork/648.png,https://raw.githubusercontent.com/PokeAPI/sprites/master/sprites/pokemon/other/showdown/648.gif,3,100,-1,Melody Pokémon,Its melodies are sung with a special vocalization method that can control the feelings of those who hear it.,White,Humanoid,Unknown,No Eggs,,Slow
649,1.5,82.5,270,https://raw.githubusercontent.com/PokeAPI/sprites/master/sprites/pokemon/other/official-artwork/649.png,https://raw.githubusercontent.com/PokeAPI/sprites/master/sprites/pokemon/other/showdown/649.gif,3,0,-1,Paleozoic Pokémon,This Pokémon existed 300 million years ago. Team Plasma altered it and attached a cannon to its back.,Purple,Humanoid,Unknown,No Eggs,,Slow
650,0.4,9.0,63,https://raw.githubusercontent.com/PokeAPI/sprites/master/sprites/pokemon/other/official-artwork/650.png,https://raw.githubusercontent.com/PokeAPI/sprites/master/sprites/pokemon/other/showdown/650.gif,45,70,1,Spiny Nut Pokémon,Such a thick shell of wood covers its head and back that even a direct hit from a truck wouldn’t faze it.,Green,Upright,Unknown,Ground,,Medium Slow
651,0.7,29.0,142,https://raw.githubusercontent.com/PokeAPI/sprites/master/sprites/pokemon/other/official-artwork/651.png,https://raw.githubusercontent.com/PokeAPI/sprites/master/sprites/pokemon/other/showdown/651.gif,45,70,1,Spiny Armor Pokémon,They strengthen their lower bodies by running into one another. They are very kind and won’t start fights.,Green,Upright,Unknown,Ground,,Medium Slow
652,1.6,90.0,239,https://raw.githubusercontent.com/PokeAPI/sprites/master/sprites/pokemon/other/official-artwork/652.png,https://raw.githubusercontent.com/PokeAPI/sprites/master/sprites/pokemon/other/showdown/652.gif,45,70,1,Spiny Armor Pokémon,"When it takes a defensive posture with its fists guarding its face, it could withstand a bomb blast.",Green,Upright,Unknown,Ground,,Medium Slow
653,0.4,9.4,61,https://raw.githubusercontent.com/PokeAPI/sprites/master/sprites/pokemon/other/official-artwork/653.png,https://raw.githubusercontent.com/PokeAPI/sprites/master/sprites/pokemon/other/showdown/653.gif,45,70,1,Fox Pokémon,"As it walks, it munches on a twig in place of a snack. It intimidates opponents by puffing hot air out of its ears.",Red,Quadruped,Unknown,Ground,,Medium Slow
654,1.0,14.5,143,https://raw.githubusercontent.com/PokeAPI/sprites/master/sprites/pokemon/other/official-artwork/654.png,https://raw.githubusercontent.com/PokeAPI/sprites/master/sprites/pokemon/other/showdown/654.gif,45,70,1,Fox Pokémon,"When the twig is plucked from its tail, friction sets the twig alight. The flame is used to send signals to its allies.",Red,Upright,Unknown,Ground,,Medium Slow
655,1.5,39.0,240,https://raw.githubusercontent.com/PokeAPI/sprites/master/sprites/pokemon/other/official-artwork/655.png,https://raw.githubusercontent.com/PokeAPI/sprites/master/sprites/pokemon/other/showdown/655.gif,45,70,1,Fox Pokémon,"Using psychic power, it generates a fiery vortex of 5,400 degrees Fahrenheit, incinerating foes swept into this whirl of flame.",Red,Upright,Unknown,Ground,,Medium Slow
656,0.3,7.0,63,https://raw.githubusercontent.com/PokeAPI/sprites/master/sprites/pokemon/other/official-artwork/656.png,https://raw.githubusercontent.com/PokeAPI/sprites/master/sprites/pokemon/other/showdown/656.gif,45,70,1,Bubble Frog Pokémon,"It protects its skin by covering its body in delicate bubbles. Beneath its happy-go-lucky air, it keeps a watchful eye on its surroundings.",Blue,Quadruped,Unknown,Water1,,Medium Slow
657,0.6,10.9,142,https://raw.githubusercontent.com/PokeAPI/sprites/master/sprites/pokemon/other/official-artwork/657.png,https://raw.githubusercontent.com/PokeAPI/sprites/master/sprites/pokemon/other/showdown/657.gif,45,70,1,Bubble Frog Pokémon,"Its swiftness is unparalleled. It can scale a tower of more than 2,000 feet in a minute’s time.",Blue,Humanoid,Unknown,Water1,,Medium Slow
658,1.5,40.0,239,https://raw.githubusercontent.com/PokeAPI/sprites/master/sprites/pokemon/other/official-artwork/658.png,https://raw.githubusercontent.com/PokeAPI/sprites/master/sprites/pokemon/other/showdown/658.gif,45,70,1,Ninja Pokémon,"It appears and vanishes with a ninja’s grace. It toys with its enemies using swift movements, while slicing them with throwing stars of sharpest water.",Blue,Humanoid,Unknown,Water1,,Medium Slow
659,0.4,5.0,47,https://raw.githubusercontent.com/PokeAPI/sprites/master/sprites/pokemon/other/official-artwork/659.png,https://raw.githubusercontent.com/PokeAPI/sprites/master/sprites/pokemon/other/showdown/659.gif,255,70,4,Digging Pokémon,It’s very sensitive to danger. The sound of Corviknight’s flapping will have Bunnelby digging a hole to hide underground in moments.,Brown,Upright,Unknown,Ground,,Medium
660,1.0,42.4,148,https://raw.githubusercontent.com/PokeAPI/sprites/master/sprites/pokemon/other/official-artwork/660.png,https://raw.githubusercontent.com/PokeAPI/sprites/master/sprites/pokemon/other/showdown/660.gif,127,70,4,Digging Pokémon,The fur on its belly retains heat exceptionally well. People used to make heavy winter clothing from fur shed by this Pokémon.,Brown,Upright,Unknown,Ground,,Medium
661,0.3,1.7,56,https://raw.githubusercontent.com/PokeAPI/sprites/master/sprites/pokemon/other/official-artwork/661.png,https://raw.githubusercontent.com/PokeAPI/sprites/master/sprites/pokemon/other/showdown/661.gif,255,70,4,Tiny Robin Pokémon,"When this Pokémon gets excited, its body temperature increases sharply. If you touch a Fletchling with bare hands, you might get burned.",Red,Wings,Unknown,Flying,,Medium Slow
662,0.7,16.0,134,https://raw.githubusercontent.com/PokeAPI/sprites/master/sprites/pokemon/other/official-artwork/662.png,https://raw.githubusercontent.com/PokeAPI/sprites/master/sprites/pokemon/other/showdown/662.gif,120,70,4,Ember Pokémon,Fletchinder are exceedingly territorial and aggressive. These Pokémon fight among themselves over feeding grounds.,Red,Wings,Unknown,Flying,,Medium Slow
663,1.2,24.5,175,https://raw.githubusercontent.com/PokeAPI/sprites/master/sprites/pokemon/other/official-artwork/663.png,https://raw.githubusercontent.com/PokeAPI/sprites/master/sprites/pokemon/other/showdown/663.gif,45,70,4,Scorching Pokémon,"Talonflame dives toward prey at speeds of up to 310 mph and assaults them with powerful kicks, giving the prey no chance to escape.",Red,Wings,Unknown,Flying,,Medium Slow
664,0.3,2.5,40,https://raw.githubusercontent.com/PokeAPI/sprites/master/sprites/pokemon/other/official-artwork/664.png,https://raw.githubusercontent.com/PokeAPI/sprites/master/sprites/pokemon/other/showdown/664.gif,255,70,4,Scatterdust Pokémon,"The powder that covers its body regulates its temperature, so it can live in any region or climate.",Black,Armor,Unknown,Bug,,Medium
665,0.3,8.4,75,https://raw.githubusercontent.com/PokeAPI/sprites/master/sprites/pokemon/other/official-artwork/665.png,https://raw.githubusercontent.com/PokeAPI/sprites/master/sprites/pokemon/other/showdown/665.gif,120,70,4,Scatterdust Pokémon,"The beaks of bird Pokémon can’t begin to scratch its stalwart body. To defend itself, it spews powder.",Black,Blob,Unknown,Bug,,Medium
666,1.2,17.0,185,https://raw.githubusercontent.com/PokeAPI/sprites/master/sprites/pokemon/other/official-artwork/666.png,https://raw.githubusercontent.com/PokeAPI/sprites/master/sprites/pokemon/other/showdown/666.gif,45,70,4,Scale Pokémon,The patterns on this Pokémon’s wings depend on the climate and topography of its habitat. It scatters colorful scales.,White,Bug Wings,Unknown,Bug,,Medium
667,0.6,13.5,74,https://raw.githubusercontent.com/PokeAPI/sprites/master/sprites/pokemon/other/official-artwork/667.png,https://raw.githubusercontent.com/PokeAPI/sprites/master/sprites/pokemon/other/showdown/667.gif,220,70,7,Lion Cub Pokémon,"This hot-blooded Pokémon is filled with curiosity. When it gets angry or starts fighting, its short mane gets hot.",Brown,Quadruped,Unknown,Ground,,Medium Slow
668,1.5,81.5,177,https://raw.githubusercontent.com/PokeAPI/sprites/master/sprites/pokemon/other/official-artwork/668.png,https://raw.githubusercontent.com/PokeAPI/sprites/master/sprites/pokemon/other/showdown/668.gif,65,70,7,Royal Pokémon,"The temperature of its breath is over 10,000 degrees Fahrenheit, but Pyroar doesn’t use it on its prey. This Pokémon prefers to eat raw meat.",Brown,Quadruped,Unknown,Ground,,Medium Slow
669,0.1,0.1,61,https://raw.githubusercontent.com/PokeAPI/sprites/master/sprites/pokemon/other/official-artwork/669.png,https://raw.githubusercontent.com/PokeAPI/sprites/master/sprites/pokemon/other/showdown/669.gif,225,70,8,Single Bloom Pokémon,Flabébé wears a crown made from pollen it’s collected from its flower. The crown has hidden healing properties.,White,Arms,Unknown,Fairy,,Medium
670,0.2,0.9,130,https://raw.githubusercontent.com/PokeAPI/sprites/master/sprites/pokemon/other/official-artwork/670.png,https://raw.githubusercontent.com/PokeAPI/sprites/master/sprites/pokemon/other/showdown/670.gif,120,70,8,Single Bloom Pokémon,"It gives its own power to flowers, pouring its heart into caring for them. Floette never forgives anyone who messes up a flower bed.",White,Arms,Unknown,Fairy,,Medium
671,1.1,10.0,248,https://raw.githubusercontent.com/PokeAPI/sprites/master/sprites/pokemon/other/official-artwork/671.png,https://raw.githubusercontent.com/PokeAPI/sprites/master/sprites/pokemon/other/showdown/671.gif,45,70,8,Garden Pokémon,Its life can span several hundred years. It’s said to devote its entire life to protecting gardens.,White,Arms,Unknown,Fairy,,Medium
672,0.9,31.0,70,https://raw.githubusercontent.com/PokeAPI/sprites/master/sprites/pokemon/other/official-artwork/672.png,https://raw.githubusercontent.com/PokeAPI/sprites/master/sprites/pokemon/other/showdown/672.gif,200,70,4,Mount Pokémon,"If it has sunshine and water, it doesn’t need to eat, because it can generate energy from the leaves on its back.",Brown,Quadruped,Unknown,Ground,,Medium
673,1.7,91.0,186,https://raw.githubusercontent.com/PokeAPI/sprites/master/sprites/pokemon/other/official-artwork/673.png,https://raw.githubusercontent.com/PokeAPI/sprites/master/sprites/pokemon/other/showdown/673.gif,45,70,4,Mount Pokémon,They inhabit mountainous regions. The leader of the herd is decided by a battle of clashing horns.,Brown,Quadruped,Unknown,Ground,,Medium
674,0.6,8.0,70,https://raw.githubusercontent.com/PokeAPI/sprites/master/sprites/pokemon/other/official-artwork/674.png,https://raw.githubusercontent.com/PokeAPI/sprites/master/sprites/pokemon/other/showdown/674.gif,220,70,4,Playful Pokémon,"Wanting to make sure it’s taken seriously, Pancham’s always giving others a glare. But if it’s not focusing, it ends up smiling.",White,Upright,Unknown,Ground,Humanshape,Medium
675,2.1,136.0,173,https://raw.githubusercontent.com/PokeAPI/sprites/master/sprites/pokemon/other/official-artwork/675.png,https://raw.githubusercontent.com/PokeAPI/sprites/master/sprites/pokemon/other/showdown/675.gif,65,70,4,Daunting Pokémon,"Using its leaf, Pangoro can predict the moves of its opponents. It strikes with punches that can turn a dump truck into scrap with just one hit.",White,Humanoid,Unknown,Ground,Humanshape,Medium
676,1.2,28.0,165,https://raw.githubusercontent.com/PokeAPI/sprites/master/sprites/pokemon/other/official-artwork/676.png,https://raw.githubusercontent.com/PokeAPI/sprites/master/sprites/pokemon/other/showdown/676.gif,160,70,4,Poodle Pokémon,"Left alone, its fur will grow longer and longer, but it will only allow someone it trusts to cut it.",White,Quadruped,Unknown,Ground,,Medium
677,0.3,3.5,71,https://raw.githubusercontent.com/PokeAPI/sprites/master/sprites/pokemon/other/official-artwork/677.png,https://raw.githubusercontent.com/PokeAPI/sprites/master/sprites/pokemon/other/showdown/677.gif,190,70,4,Restraint Pokémon,"There’s enough psychic power in Espurr to send a wrestler flying, but because this power can’t be controlled, Espurr finds it troublesome.",Gray,Upright,Unknown,Ground,,Medium
678,0.6,8.5,163,https://raw.githubusercontent.com/PokeAPI/sprites/master/sprites/pokemon/other/official-artwork/678.png,https://raw.githubusercontent.com/PokeAPI/sprites/master/sprites/pokemon/other/showdown/678.gif,75,70,4,Constraint Pokémon,The defensive instinct of the males is strong. It’s when they’re protecting themselves or their partners that they unleash their full power.,Blue,Upright,Unknown,Ground,,Medium
679,0.8,2.0,65,https://raw.githubusercontent.com/PokeAPI/sprites/master/sprites/pokemon/other/official-artwork/679.png,https://raw.githubusercontent.com/PokeAPI/sprites/master/sprites/pokemon/other/showdown/679.gif,180,70,4,Sword Pokémon,"The blue eye on the sword’s handguard is the true body of Honedge. With its old cloth, it drains people’s lives away.",Brown,Blob,Unknown,Mineral,,Medium
680,0.8,4.5,157,https://raw.githubusercontent.com/PokeAPI/sprites/master/sprites/pokemon/other/official-artwork/680.png,https://raw.githubusercontent.com/PokeAPI/sprites/master/sprites/pokemon/other/showdown/680.gif,90,70,4,Sword Pokémon,The two swords employ a strategy of rapidly alternating between offense and defense to bring down their prey.,Brown,Heads,Unknown,Mineral,,Medium
681,1.7,53.0,234,https://raw.githubusercontent.com/PokeAPI/sprites/master/sprites/pokemon/other/official-artwork/681.png,https://raw.githubusercontent.com/PokeAPI/sprites/master/sprites/pokemon/other/showdown/681.gif,45,70,4,Royal Sword Pokémon,Its potent spectral powers allow it to manipulate others. It once used its powers to force people and Pokémon to build a kingdom to its liking.,Brown,Blob,Unknown,Mineral,,Medium
682,0.2,0.5,68,https://raw.githubusercontent.com/PokeAPI/sprites/master/sprites/pokemon/other/official-artwork/682.png,https://raw.githubusercontent.com/PokeAPI/sprites/master/sprites/pokemon/other/showdown/682.gif,200,70,4,Perfume Pokémon,The scent its body gives off enraptures those who smell it. Noble ladies had no shortage of love for Spritzee.,Pink,Arms,Unknown,Fairy,,Medium
683,0.8,15.5,162,https://raw.githubusercontent.com/PokeAPI/sprites/master/sprites/pokemon/other/official-artwork/683.png,https://raw.githubusercontent.com/PokeAPI/sprites/master/sprites/pokemon/other/showdown/683.gif,140,70,4,Fragrance Pokémon,The scents Aromatisse can produce range from sweet smells that bolster allies to foul smells that sap an opponent’s will to fight.,Pink,Humanoid,Unknown,Fairy,,Medium
684,0.4,3.5,68,https://raw.githubusercontent.com/PokeAPI/sprites/master/sprites/pokemon/other/official-artwork/684.png,https://raw.githubusercontent.com/PokeAPI/sprites/master/sprites/pokemon/other/showdown/684.gif,200,70,4,Cotton Candy Pokémon,The sweet smell of cotton candy perfumes Swirlix’s fluffy fur. This Pokémon spits out sticky string to tangle up its enemies.,White,Legs,Unknown,Fairy,,Medium
685,0.8,5.0,168,https://raw.githubusercontent.com/PokeAPI/sprites/master/sprites/pokemon/other/official-artwork/685.png,https://raw.githubusercontent.com/PokeAPI/sprites/master/sprites/pokemon/other/showdown/685.gif,140,70,4,Meringue Pokémon,"Slurpuff’s fur contains a lot of air, making it soft to the touch and lighter than it looks.",White,Humanoid,Unknown,Fairy,,Medium
686,0.4,3.5,58,https://raw.githubusercontent.com/PokeAPI/sprites/master/sprites/pokemon/other/official-artwork/686.png,https://raw.githubusercontent.com/PokeAPI/sprites/master/sprites/pokemon/other/showdown/686.gif,190,70,4,Revolving Pokémon,"By exposing foes to the blinking of its luminescent spots, Inkay demoralizes them, and then it seizes the chance to flee.",Blue,Tentacles,Unknown,Water1,Water2,Medium
687,1.5,47.0,169,https://raw.githubusercontent.com/PokeAPI/sprites/master/sprites/pokemon/other/official-artwork/687.png,https://raw.githubusercontent.com/PokeAPI/sprites/master/sprites/pokemon/other/showdown/687.gif,80,70,4,Overturning Pokémon,It’s said that Malamar’s hypnotic powers played a role in certain history-changing events.,Blue,Blob,Unknown,Water1,Water2,Medium
688,0.5,31.0,61,https://raw.githubusercontent.com/PokeAPI/sprites/master/sprites/pokemon/other/official-artwork/688.png,https://raw.githubusercontent.com/PokeAPI/sprites/master/sprites/pokemon/other/showdown/688.gif,120,70,4,Two-Handed Pokémon,"If the two don’t work well together, both their offense and defense fall apart. Without good teamwork, they won’t survive.",Brown,Heads,Unknown,Water3,,Medium
689,1.3,96.0,175,https://raw.githubusercontent.com/PokeAPI/sprites/master/sprites/pokemon/other/official-artwork/689.png,https://raw.githubusercontent.com/PokeAPI/sprites/master/sprites/pokemon/other/showdown/689.gif,45,70,4,Collective Pokémon,"Having an eye on each palm allows it to keep watch in all directions. In a pinch, its limbs start to act on their own to ensure the enemy’s defeat.",Brown,Heads,Unknown,Water3,,Medium
690,0.5,7.3,64,https://raw.githubusercontent.com/PokeAPI/sprites/master/sprites/pokemon/other/official-artwork/690.png,https://raw.githubusercontent.com/PokeAPI/sprites/master/sprites/pokemon/other/showdown/690.gif,225,70,4,Mock Kelp Pokémon,"Skrelp looks like a piece of rotten seaweed, so it can blend in with seaweed drifting on the ocean and avoid being detected by enemies.",Brown,Blob,Unknown,Water1,Dragon,Medium
691,1.8,81.5,173,https://raw.githubusercontent.com/PokeAPI/sprites/master/sprites/pokemon/other/official-artwork/691.png,https://raw.githubusercontent.com/PokeAPI/sprites/master/sprites/pokemon/other/showdown/691.gif,55,70,4,Mock Kelp Pokémon,Dragalge generates dragon energy by sticking the plume on its head out above the ocean’s surface and bathing it in sunlight.,Brown,Blob,Unknown,Water1,Dragon,Medium
692,0.5,8.3,66,https://raw.githubusercontent.com/PokeAPI/sprites/master/sprites/pokemon/other/official-artwork/692.png,https://raw.githubusercontent.com/PokeAPI/sprites/master/sprites/pokemon/other/showdown/692.gif,225,70,4,Water Gun Pokémon,"By detonating gas that accumulates in its right claw, this Pokémon launches water like a bullet. This is how Clauncher defeats its enemies.",Blue,Armor,Unknown,Water1,Water3,Slow
693,1.3,35.3,100,https://raw.githubusercontent.com/PokeAPI/sprites/master/sprites/pokemon/other/official-artwork/693.png,https://raw.githubusercontent.com/PokeAPI/sprites/master/sprites/pokemon/other/showdown/693.gif,55,70,4,Howitzer Pokémon,Clawitzer’s right arm is a cannon that launches projectiles made of seawater. Shots from a Clawitzer’s cannon arm can sink a tanker.,Blue,Squiggle,Unknown,Water1,Water3,Slow
694,0.5,6.0,58,https://raw.githubusercontent.com/PokeAPI/sprites/master/sprites/pokemon/other/official-artwork/694.png,https://raw.githubusercontent.com/PokeAPI/sprites/master/sprites/pokemon/other/showdown/694.gif,190,70,4,Generator Pokémon,The sun powers this Pokémon’s electricity generation. Interruption of that process stresses Helioptile to the point of weakness.,Yellow,Upright,Unknown,Monster,Dragon,Medium
695,1.0,21.0,168,https://raw.githubusercontent.com/PokeAPI/sprites/master/sprites/pokemon/other/official-artwork/695.png,https://raw.githubusercontent.com/PokeAPI/sprites/master/sprites/pokemon/other/showdown/695.gif,75,70,4,Generator Pokémon,One Heliolisk basking in the sun with its frill outspread is all it would take to produce enough electricity to power a city.,Yellow,Upright,Unknown,Monster,Dragon,Medium
696,0.8,26.0,72,https://raw.githubusercontent.com/PokeAPI/sprites/master/sprites/pokemon/other/official-artwork/696.png,https://raw.githubusercontent.com/PokeAPI/sprites/master/sprites/pokemon/other/showdown/696.gif,45,70,1,Royal Heir Pokémon,This Pokémon is selfish and likes to be pampered. It can also inflict grievous wounds on its Trainer just by playing around.,Brown,Upright,Unknown,Monster,Dragon,Medium
697,2.5,270.0,182,https://raw.githubusercontent.com/PokeAPI/sprites/master/sprites/pokemon/other/official-artwork/697.png,https://raw.githubusercontent.com/PokeAPI/sprites/master/sprites/pokemon/other/showdown/697.gif,45,70,1,Despot Pokémon,A single bite of Tyrantrum’s massive jaws will demolish a car. This Pokémon was the king of the ancient world.,Red,Upright,Unknown,Monster,Dragon,Medium
698,1.3,25.2,72,https://raw.githubusercontent.com/PokeAPI/sprites/master/sprites/pokemon/other/official-artwork/698.png,https://raw.githubusercontent.com/PokeAPI/sprites/master/sprites/pokemon/other/showdown/698.gif,45,70,1,Tundra Pokémon,Amaura is an ancient Pokémon that has gone extinct. Specimens of this species can sometimes be found frozen in ice.,Blue,Quadruped,Unknown,Monster,,Medium
699,2.7,225.0,104,https://raw.githubusercontent.com/PokeAPI/sprites/master/sprites/pokemon/other/official-artwork/699.png,https://raw.githubusercontent.com/PokeAPI/sprites/master/sprites/pokemon/other/showdown/699.gif,45,70,1,Tundra Pokémon,"When gripped by rage, Aurorus will emanate freezing air, covering everything around it in ice.",Blue,Quadruped,Unknown,Monster,,Medium
700,1.0,23.5,184,https://raw.githubusercontent.com/PokeAPI/sprites/master/sprites/pokemon/other/official-artwork/700.png,https://raw.githubusercontent.com/PokeAPI/sprites/master/sprites/pokemon/other/showdown/700.gif,45,70,1,Intertwining Pokémon,It emits a soothing aura from its ribbon-shaped organs. It wraps these appendages around quarrelers to instantly restore calm to the situation.,Pink,Quadruped,Unknown,Ground,,Medium
701,0.8,21.5,175,https://raw.githubusercontent.com/PokeAPI/sprites/master/sprites/pokemon/other/official-artwork/701.png,https://raw.githubusercontent.com/PokeAPI/sprites/master/sprites/pokemon/other/showdown/701.gif,100,70,4,Wrestling Pokémon,It always strikes a pose before going for its finishing move. Sometimes opponents take advantage of that time to counterattack.,Green,Humanoid,Unknown,Flying,Humanshape,Medium
702,0.2,2.2,151,https://raw.githubusercontent.com/PokeAPI/sprites/master/sprites/pokemon/other/official-artwork/702.png,https://raw.githubusercontent.com/PokeAPI/sprites/master/sprites/pokemon/other/showdown/702.gif,180,70,4,Antenna Pokémon,"Since Dedenne can’t generate much electricity on its own, it steals electricity from outlets or other electric Pokémon.",Yellow,Upright,Unknown,Ground,Fairy,Medium
703,0.3,5.7,100,https://raw.githubusercontent.com/PokeAPI/sprites/master/sprites/pokemon/other/official-artwork/703.png,https://raw.githubusercontent.com/PokeAPI/sprites/master/sprites/pokemon/other/showdown/703.gif,60,70,-1,Jewel Pokémon,"It’s said that somewhere in the world, there’s a mineral vein housing a large pack of slumbering Carbink. It’s also said that this pack has a queen.",Gray,Ball,Unknown,Fairy,Mineral,Slow
704,0.3,2.8,60,https://raw.githubusercontent.com/PokeAPI/sprites/master/sprites/pokemon/other/official-artwork/704.png,https://raw.githubusercontent.com/PokeAPI/sprites/master/sprites/pokemon/other/showdown/704.gif,45,35,4,Soft Tissue Pokémon,"Goomy hides away in the shade of trees, where it's nice and humid. If the slime coating its body dries out, the Pokémon instantly becomes lethargic.",Purple,Squiggle,Unknown,Dragon,,Slow
705,0.8,17.5,158,https://raw.githubusercontent.com/PokeAPI/sprites/master/sprites/pokemon/other/official-artwork/705.png,https://raw.githubusercontent.com/PokeAPI/sprites/master/sprites/pokemon/other/showdown/705.gif,45,35,4,Soft Tissue Pokémon,A creature given to melancholy. I suspect its metallic shell developed as a result of the mucus on its skin reacting with the iron in Hisui's water.,Purple,Squiggle,Unknown,Dragon,,Slow
706,2.0,150.5,270,https://raw.githubusercontent.com/PokeAPI/sprites/master/sprites/pokemon/other/official-artwork/706.png,https://raw.githubusercontent.com/PokeAPI/sprites/master/sprites/pokemon/other/showdown/706.gif,45,35,4,Dragon Pokémon,Able to freely control the hardness of its metallic shell. It loathes solitude and is extremely clingy—it will fume and run riot if those dearest to it ever leave its side.,Purple,Upright,Unknown,Dragon,,Slow
707,0.2,3.0,165,https://raw.githubusercontent.com/PokeAPI/sprites/master/sprites/pokemon/other/official-artwork/707.png,https://raw.githubusercontent.com/PokeAPI/sprites/master/sprites/pokemon/other/showdown/707.gif,75,70,4,Key Ring Pokémon,"Klefki sucks in metal ions with the horn topping its head. It seems this Pokémon loves keys so much that its head needed to look like one, too.",Gray,Ball,Unknown,Mineral,,Fast
708,0.4,7.0,62,https://raw.githubusercontent.com/PokeAPI/sprites/master/sprites/pokemon/other/official-artwork/708.png,https://raw.githubusercontent.com/PokeAPI/sprites/master/sprites/pokemon/other/showdown/708.gif,120,70,4,Stump Pokémon,"With a voice like a human child’s, it cries out to lure adults deep into the forest, getting them lost among the trees.",Brown,Arms,Unknown,Plant,Indeterminate,Medium
709,1.5,71.0,166,https://raw.githubusercontent.com/PokeAPI/sprites/master/sprites/pokemon/other/official-artwork/709.png,https://raw.githubusercontent.com/PokeAPI/sprites/master/sprites/pokemon/other/showdown/709.gif,60,70,4,Elder Tree Pokémon,Small roots that extend from the tips of this Pokémon’s feet can tie into the trees of the forest and give Trevenant control over them.,Brown,Tentacles,Unknown,Plant,Indeterminate,Medium
710,0.4,5.0,67,https://raw.githubusercontent.com/PokeAPI/sprites/master/sprites/pokemon/other/official-artwork/710.png,https://raw.githubusercontent.com/PokeAPI/sprites/master/sprites/pokemon/other/showdown/710.gif,120,70,4,Pumpkin Pokémon,The light that streams out from the holes in the pumpkin can hypnotize and control the people and Pokémon that see it.,Brown,Ball,Unknown,Indeterminate,,Medium
711,0.9,12.5,173,https://raw.githubusercontent.com/PokeAPI/sprites/master/sprites/pokemon/other/official-artwork/711.png,https://raw.githubusercontent.com/PokeAPI/sprites/master/sprites/pokemon/other/showdown/711.gif,60,70,4,Pumpkin Pokémon,"In the darkness of a new-moon night, Gourgeist will come knocking. Whoever answers the door will be swept off to the afterlife.",Brown,Blob,Unknown,Indeterminate,,Medium
712,1.0,99.5,61,https://raw.githubusercontent.com/PokeAPI/sprites/master/sprites/pokemon/other/official-artwork/712.png,https://raw.githubusercontent.com/PokeAPI/sprites/master/sprites/pokemon/other/showdown/712.gif,190,70,4,Ice Chunk Pokémon,Lives on mountains blanketed in perennial snow. It freezes water vapor in the air to make the ice helmet that it dons for defense.,Blue,Quadruped,Unknown,Monster,Mineral,Medium
713,2.0,505.0,180,https://raw.githubusercontent.com/PokeAPI/sprites/master/sprites/pokemon/other/official-artwork/713.png,https://raw.githubusercontent.com/PokeAPI/sprites/master/sprites/pokemon/other/showdown/713.gif,55,70,4,Iceberg Pokémon,"The armor of ice covering its lower jaw puts steel to shame and can shatter rocks with ease. This Pokémon barrels along steep mountain paths, cleaving through the deep snow.",Blue,Quadruped,Unknown,Monster,Mineral,Medium
714,0.5,8.0,49,https://raw.githubusercontent.com/PokeAPI/sprites/master/sprites/pokemon/other/official-artwork/714.png,https://raw.githubusercontent.com/PokeAPI/sprites/master/sprites/pokemon/other/showdown/714.gif,190,70,4,Sound Wave Pokémon,No wavelength of sound is beyond Noibat’s ability to produce. The ultrasonic waves it generates can overcome much larger Pokémon.,Purple,Wings,Unknown,Flying,Dragon,Medium
715,1.5,85.0,187,https://raw.githubusercontent.com/PokeAPI/sprites/master/sprites/pokemon/other/official-artwork/715.png,https://raw.githubusercontent.com/PokeAPI/sprites/master/sprites/pokemon/other/showdown/715.gif,45,70,4,Sound Wave Pokémon,"Flying through the darkness, it weakens enemies with ultrasonic waves that could crush stone. Its fangs finish the fight.",Purple,Wings,Unknown,Flying,Dragon,Medium
716,3.0,215.0,306,https://raw.githubusercontent.com/PokeAPI/sprites/master/sprites/pokemon/other/official-artwork/716.png,https://raw.githubusercontent.com/PokeAPI/sprites/master/sprites/pokemon/other/showdown/716.gif,45,0,-1,Life Pokémon,"When the horns on its head shine in seven colors, it is said to be sharing everlasting life.",Blue,Quadruped,Unknown,No Eggs,,Slow
717,5.8,203.0,306,https://raw.githubusercontent.com/PokeAPI/sprites/master/sprites/pokemon/other/official-artwork/717.png,https://raw.githubusercontent.com/PokeAPI/sprites/master/sprites/pokemon/other/showdown/717.gif,45,0,-1,Destruction Pokémon,"When its life comes to an end, it absorbs the life energy of every living thing and turns into a cocoon once more.",Red,Wings,Unknown,No Eggs,,Slow
718,5.0,305.0,270,https://raw.githubusercontent.com/PokeAPI/sprites/master/sprites/pokemon/other/official-artwork/718.png,https://raw.githubusercontent.com/PokeAPI/sprites/master/sprites/pokemon/other/showdown/718.gif,3,0,-1,Order Pokémon,Some say it can change to an even more powerful form when battling those who threaten the ecosystem.,Green,Squiggle,Unknown,No Eggs,,Slow
719,0.7,8.8,270,https://raw.githubusercontent.com/PokeAPI/sprites/master/sprites/pokemon/other/official-artwork/719.png,https://raw.githubusercontent.com/PokeAPI/sprites/master/sprites/pokemon/other/showdown/719.gif,3,70,-1,Jewel Pokémon,It can instantly create many diamonds by compressing the carbon in the air between its hands.,Pink,Arms,Unknown,No Eggs,,Slow
720,0.5,9.0,270,https://raw.githubusercontent.com/PokeAPI/sprites/master/sprites/pokemon/other/official-artwork/720.png,https://raw.githubusercontent.com/PokeAPI/sprites/master/sprites/pokemon/other/showdown/720.gif,3,100,-1,Mischief Pokémon,"It is said to be able to seize anything it desires with its six rings and six huge arms. With its power sealed, it is transformed into a much smaller form.",Purple,Arms,Unknown,No Eggs,,Slow
721,1.7,195.0,270,https://raw.githubusercontent.com/PokeAPI/sprites/master/sprites/pokemon/other/official-artwork/721.png,https://raw.githubusercontent.com/PokeAPI/sprites/master/sprites/pokemon/other/showdown/721.gif,3,100,-1,Steam Pokémon,It expels its internal steam from the arms on its back. It has enough power to blow away a mountain.,Brown,Quadruped,Unknown,No Eggs,,Slow
722,0.3,1.5,64,https://raw.githubusercontent.com/PokeAPI/sprites/master/sprites/pokemon/other/official-artwork/722.png,https://raw.githubusercontent.com/PokeAPI/sprites/master/sprites/pokemon/other/showdown/722.gif,45,70,1,Grass Quill Pokémon,Flies noiselessly on delicate wings. It has mastered the art of deftly launching dagger-sharp feathers from those same wings.,Brown,Wings,Unknown,Flying,,Medium Slow
723,0.7,16.0,147,https://raw.githubusercontent.com/PokeAPI/sprites/master/sprites/pokemon/other/official-artwork/723.png,https://raw.githubusercontent.com/PokeAPI/sprites/master/sprites/pokemon/other/showdown/723.gif,45,70,1,Blade Quill Pokémon,"Regularly basks in sunlight to gather power—presumably due to the frigid climate. Nonetheless, the edges of the blade quills set into its wings are keen as ever.",Brown,Wings,Unknown,Flying,,Medium Slow
724,1.6,36.6,239,https://raw.githubusercontent.com/PokeAPI/sprites/master/sprites/pokemon/other/official-artwork/724.png,https://raw.githubusercontent.com/PokeAPI/sprites/master/sprites/pokemon/other/showdown/724.gif,45,70,1,Arrow Quill Pokémon,The air stored inside the rachises of Decidueye's feathers insulates the Pokémon against Hisui's extreme cold. This is firm proof that evolution can be influenced by environment.,Brown,Wings,Unknown,Flying,,Medium Slow
725,0.4,4.3,64,https://raw.githubusercontent.com/PokeAPI/sprites/master/sprites/pokemon/other/official-artwork/725.png,https://raw.githubusercontent.com/PokeAPI/sprites/master/sprites/pokemon/other/showdown/725.gif,45,70,1,Fire Cat Pokémon,Trying to pet Litten before it trusts you will result in a nasty scratch from its sharp claws. Be careful.,Red,Quadruped,Unknown,Ground,,Medium Slow
726,0.7,25.0,147,https://raw.githubusercontent.com/PokeAPI/sprites/master/sprites/pokemon/other/official-artwork/726.png,https://raw.githubusercontent.com/PokeAPI/sprites/master/sprites/pokemon/other/showdown/726.gif,45,70,1,Fire Cat Pokémon,"When facing a powerful enemy, Torracat’s fighting spirit gets pumped up, and its fire bell blazes hotter.",Red,Quadruped,Unknown,Ground,,Medium Slow
727,1.8,83.0,239,https://raw.githubusercontent.com/PokeAPI/sprites/master/sprites/pokemon/other/official-artwork/727.png,https://raw.githubusercontent.com/PokeAPI/sprites/master/sprites/pokemon/other/showdown/727.gif,45,70,1,Heel Pokémon,"Incineroar’s rough and aggressive behavior is its most notable trait, but the way it helps out small Pokémon shows that it has a kind side as well.",Red,Upright,Unknown,Ground,,Medium Slow
728,0.4,7.5,64,https://raw.githubusercontent.com/PokeAPI/sprites/master/sprites/pokemon/other/official-artwork/728.png,https://raw.githubusercontent.com/PokeAPI/sprites/master/sprites/pokemon/other/showdown/728.gif,45,70,1,Sea Lion Pokémon,"If Popplio want to create big, powerful balloons, they must be persistent. It takes daily practice for these Pokémon to develop their skills.",Blue,Fish,Unknown,Water1,Ground,Medium Slow
729,0.6,17.5,147,https://raw.githubusercontent.com/PokeAPI/sprites/master/sprites/pokemon/other/official-artwork/729.png,https://raw.githubusercontent.com/PokeAPI/sprites/master/sprites/pokemon/other/showdown/729.gif,45,70,1,Pop Star Pokémon,"On nights when the sea is calm, Brionne dance with one another to the singing of the Primarina that’s leading them.",Blue,Fish,Unknown,Water1,Ground,Medium Slow
730,1.8,44.0,239,https://raw.githubusercontent.com/PokeAPI/sprites/master/sprites/pokemon/other/official-artwork/730.png,https://raw.githubusercontent.com/PokeAPI/sprites/master/sprites/pokemon/other/showdown/730.gif,45,70,1,Soloist Pokémon,"For Primarina, every battle’s a stage. Its singing and the dancing of its balloons will mesmerize the audience.",Blue,Fish,Unknown,Water1,Ground,Medium Slow
731,0.3,1.2,53,https://raw.githubusercontent.com/PokeAPI/sprites/master/sprites/pokemon/other/official-artwork/731.png,https://raw.githubusercontent.com/PokeAPI/sprites/master/sprites/pokemon/other/showdown/731.gif,255,70,4,Woodpecker Pokémon,"It may look spindly, but its neck muscles are heavy-duty. It can peck at a tree 16 times per second!",Black,Wings,Unknown,Flying,,Medium
732,0.6,14.8,124,https://raw.githubusercontent.com/PokeAPI/sprites/master/sprites/pokemon/other/official-artwork/732.png,https://raw.githubusercontent.com/PokeAPI/sprites/master/sprites/pokemon/other/showdown/732.gif,120,70,4,Bugle Beak Pokémon,"From its mouth, it fires the seeds of berries it has eaten. The scattered seeds give rise to new plants.",Black,Wings,Unknown,Flying,,Medium
733,1.1,26.0,218,https://raw.githubusercontent.com/PokeAPI/sprites/master/sprites/pokemon/other/official-artwork/733.png,https://raw.githubusercontent.com/PokeAPI/sprites/master/sprites/pokemon/other/showdown/733.gif,45,70,4,Cannon Pokémon,"Known for forming harmonious couples, this Pokémon is brought to wedding ceremonies as a good luck charm.",Black,Wings,Unknown,Flying,,Medium
734,0.4,6.0,51,https://raw.githubusercontent.com/PokeAPI/sprites/master/sprites/pokemon/other/official-artwork/734.png,https://raw.githubusercontent.com/PokeAPI/sprites/master/sprites/pokemon/other/showdown/734.gif,255,70,4,Loitering Pokémon,"Although it will eat anything, it prefers fresh living things, so it marches down streets in search of prey.",Brown,Quadruped,Unknown,Ground,,Medium
735,0.7,14.2,146,https://raw.githubusercontent.com/PokeAPI/sprites/master/sprites/pokemon/other/official-artwork/735.png,https://raw.githubusercontent.com/PokeAPI/sprites/master/sprites/pokemon/other/showdown/735.gif,127,70,4,Stakeout Pokémon,"Patient by nature, this Pokémon loses control of itself and pounces when it spots its favorite meal—Rattata!",Brown,Quadruped,Unknown,Ground,,Medium
736,0.4,4.4,60,https://raw.githubusercontent.com/PokeAPI/sprites/master/sprites/pokemon/other/official-artwork/736.png,https://raw.githubusercontent.com/PokeAPI/sprites/master/sprites/pokemon/other/showdown/736.gif,255,70,4,Larva Pokémon,"It uses its big jaws to dig nests into the forest floor, and it loves to feed on sweet tree sap.",Gray,Armor,Unknown,Bug,,Medium
737,0.5,10.5,140,https://raw.githubusercontent.com/PokeAPI/sprites/master/sprites/pokemon/other/official-artwork/737.png,https://raw.githubusercontent.com/PokeAPI/sprites/master/sprites/pokemon/other/showdown/737.gif,120,70,4,Battery Pokémon,Its digestive processes convert the leaves it eats into electricity. An electric sac in its belly stores the electricity for later use.,Green,Squiggle,Unknown,Bug,,Medium
738,1.5,45.0,225,https://raw.githubusercontent.com/PokeAPI/sprites/master/sprites/pokemon/other/official-artwork/738.png,https://raw.githubusercontent.com/PokeAPI/sprites/master/sprites/pokemon/other/showdown/738.gif,45,70,4,Stag Beetle Pokémon,"If it carries a Charjabug to use as a spare battery, a flying Vikavolt can rapidly fire high-powered beams of electricity.",Blue,Armor,Unknown,Bug,,Medium
739,0.6,7.0,68,https://raw.githubusercontent.com/PokeAPI/sprites/master/sprites/pokemon/other/official-artwork/739.png,https://raw.githubusercontent.com/PokeAPI/sprites/master/sprites/pokemon/other/showdown/739.gif,225,70,4,Boxing Pokémon,Crabrawler has been known to mistake Exeggutor for a coconut tree and climb it. The enraged Exeggutor shakes it off and stomps it.,Purple,Armor,Unknown,Water3,,Medium
740,1.7,180.0,167,https://raw.githubusercontent.com/PokeAPI/sprites/master/sprites/pokemon/other/official-artwork/740.png,https://raw.githubusercontent.com/PokeAPI/sprites/master/sprites/pokemon/other/showdown/740.gif,60,70,4,Woolly Crab Pokémon,"Before it stops to think, it just starts pummeling. There are records of its turning back avalanches with a flurry of punches.",White,Armor,Unknown,Water3,,Medium
741,0.6,3.4,167,https://raw.githubusercontent.com/PokeAPI/sprites/master/sprites/pokemon/other/official-artwork/741.png,https://raw.githubusercontent.com/PokeAPI/sprites/master/sprites/pokemon/other/showdown/741.gif,45,70,6,Dancing Pokémon,"This Oricorio has drunk red nectar. If its Trainer gives the wrong order, this passionate Pokémon becomes fiercely angry.",Red,Wings,Unknown,Flying,,Medium
742,0.1,0.2,61,https://raw.githubusercontent.com/PokeAPI/sprites/master/sprites/pokemon/other/official-artwork/742.png,https://raw.githubusercontent.com/PokeAPI/sprites/master/sprites/pokemon/other/showdown/742.gif,190,70,4,Bee Fly Pokémon,An opponent’s aura can tell Cutiefly what that opponent’s next move will be. Then Cutiefly can glide around the attack and strike back.,Yellow,Armor,Unknown,Bug,Fairy,Medium
743,0.2,0.5,162,https://raw.githubusercontent.com/PokeAPI/sprites/master/sprites/pokemon/other/official-artwork/743.png,https://raw.githubusercontent.com/PokeAPI/sprites/master/sprites/pokemon/other/showdown/743.gif,75,70,4,Bee Fly Pokémon,"Ribombee absolutely hate getting wet or rained on. In the cloudy Galar region, they are very seldom seen.",Yellow,Bug Wings,Unknown,Bug,Fairy,Medium
744,0.5,9.2,56,https://raw.githubusercontent.com/PokeAPI/sprites/master/sprites/pokemon/other/official-artwork/744.png,https://raw.githubusercontent.com/PokeAPI/sprites/master/sprites/pokemon/other/showdown/744.gif,190,70,4,Puppy Pokémon,"This Pokémon intimidates opponents by striking the ground with the rocks on its neck. The moment an opponent flinches, Rockruff attacks.",Brown,Quadruped,Unknown,Ground,,Medium
745,0.8,25.0,170,https://raw.githubusercontent.com/PokeAPI/sprites/master/sprites/pokemon/other/official-artwork/745.png,https://raw.githubusercontent.com/PokeAPI/sprites/master/sprites/pokemon/other/showdown/745.gif,90,70,4,Wolf Pokémon,"With swift movements, this Pokémon gradually backs its prey into a corner. Lycanroc’s fangs are always aimed toward opponents’ weak spots.",Brown,Quadruped,Unknown,Ground,,Medium
746,0.2,0.3,61,https://raw.githubusercontent.com/PokeAPI/sprites/master/sprites/pokemon/other/official-artwork/746.png,https://raw.githubusercontent.com/PokeAPI/sprites/master/sprites/pokemon/other/showdown/746.gif,60,70,4,Small Fry Pokémon,"When it senses danger, its eyes tear up. The sparkle of its tears signals other Wishiwashi to gather.",Blue,Fish,Unknown,Water2,,Fast
747,0.4,8.0,61,https://raw.githubusercontent.com/PokeAPI/sprites/master/sprites/pokemon/other/official-artwork/747.png,https://raw.githubusercontent.com/PokeAPI/sprites/master/sprites/pokemon/other/showdown/747.gif,190,70,4,Brutal Star Pokémon,"Unlike their Alolan counterparts, the Mareanie of the Galar region have not yet figured out that the branches of Corsola are delicious.",Blue,Blob,Unknown,Water1,,Medium
748,0.7,14.5,173,https://raw.githubusercontent.com/PokeAPI/sprites/master/sprites/pokemon/other/official-artwork/748.png,https://raw.githubusercontent.com/PokeAPI/sprites/master/sprites/pokemon/other/showdown/748.gif,75,70,4,Brutal Star Pokémon,Within the poison sac in its body is a poison so toxic that Pokémon as large as Wailord will still be suffering three days after it first takes effect.,Blue,Tentacles,Unknown,Water1,,Medium
749,1.0,110.0,77,https://raw.githubusercontent.com/PokeAPI/sprites/master/sprites/pokemon/other/official-artwork/749.png,https://raw.githubusercontent.com/PokeAPI/sprites/master/sprites/pokemon/other/showdown/749.gif,190,70,4,Donkey Pokémon,"It eats dirt to create mud and smears this mud all over its feet, giving them the grip needed to walk on rough terrain without slipping.",Brown,Quadruped,Unknown,Ground,,Medium
750,2.5,920.0,175,https://raw.githubusercontent.com/PokeAPI/sprites/master/sprites/pokemon/other/official-artwork/750.png,https://raw.githubusercontent.com/PokeAPI/sprites/master/sprites/pokemon/other/showdown/750.gif,60,70,4,Draft Horse Pokémon,Mudsdale has so much stamina that it could carry over 10 tons across the Galar region without rest or sleep.,Brown,Quadruped,Unknown,Ground,,Medium
751,0.3,4.0,54,https://raw.githubusercontent.com/PokeAPI/sprites/master/sprites/pokemon/other/official-artwork/751.png,https://raw.githubusercontent.com/PokeAPI/sprites/master/sprites/pokemon/other/showdown/751.gif,200,70,4,Water Bubble Pokémon,"Dewpider normally lives underwater. When it comes onto land in search of food, it takes water with it in the form of a bubble on its head.",Green,Legs,Unknown,Water1,Bug,Medium
752,1.8,82.0,159,https://raw.githubusercontent.com/PokeAPI/sprites/master/sprites/pokemon/other/official-artwork/752.png,https://raw.githubusercontent.com/PokeAPI/sprites/master/sprites/pokemon/other/showdown/752.gif,100,70,4,Water Bubble Pokémon,"It acts as a caretaker for Dewpider, putting them inside its bubble and letting them eat any leftover food.",Green,Armor,Unknown,Water1,Bug,Medium
753,0.3,1.5,50,https://raw.githubusercontent.com/PokeAPI/sprites/master/sprites/pokemon/other/official-artwork/753.png,https://raw.githubusercontent.com/PokeAPI/sprites/master/sprites/pokemon/other/showdown/753.gif,190,70,4,Sickle Grass Pokémon,"During the day, Fomantis basks in sunlight and sleeps peacefully. It wakes and moves around at night.",Pink,Upright,Unknown,Plant,,Medium
754,0.9,18.5,168,https://raw.githubusercontent.com/PokeAPI/sprites/master/sprites/pokemon/other/official-artwork/754.png,https://raw.githubusercontent.com/PokeAPI/sprites/master/sprites/pokemon/other/showdown/754.gif,75,70,4,Bloom Sickle Pokémon,"The petals on this Pokémon’s arms are thin and super sharp, and they can fire laser beams if Lurantis gathers light first.",Pink,Humanoid,Unknown,Plant,,Medium
755,0.2,1.5,57,https://raw.githubusercontent.com/PokeAPI/sprites/master/sprites/pokemon/other/official-artwork/755.png,https://raw.githubusercontent.com/PokeAPI/sprites/master/sprites/pokemon/other/showdown/755.gif,190,70,4,Illuminating Pokémon,Morelull live in forests that stay dark even during the day. They scatter flickering spores that put enemies to sleep.,Purple,Blob,Unknown,Plant,,Medium
756,1.0,11.5,142,https://raw.githubusercontent.com/PokeAPI/sprites/master/sprites/pokemon/other/official-artwork/756.png,https://raw.githubusercontent.com/PokeAPI/sprites/master/sprites/pokemon/other/showdown/756.gif,75,70,4,Illuminating Pokémon,"If you see a light deep in a forest at night, don’t go near. Shiinotic will make you fall fast asleep.",Purple,Humanoid,Unknown,Plant,,Medium
757,0.6,4.8,64,https://raw.githubusercontent.com/PokeAPI/sprites/master/sprites/pokemon/other/official-artwork/757.png,https://raw.githubusercontent.com/PokeAPI/sprites/master/sprites/pokemon/other/showdown/757.gif,120,70,1,Toxic Lizard Pokémon,This sneaky Pokémon will slink behind its prey and immobilize it with poisonous gas before the prey even realizes Salandit is there.,Black,Quadruped,Unknown,Monster,Dragon,Medium
758,1.2,22.2,168,https://raw.githubusercontent.com/PokeAPI/sprites/master/sprites/pokemon/other/official-artwork/758.png,https://raw.githubusercontent.com/PokeAPI/sprites/master/sprites/pokemon/other/showdown/758.gif,45,70,8,Toxic Lizard Pokémon,The winner of competitions between Salazzle is decided by which one has the most male Salandit with it.,Black,Quadruped,Unknown,Monster,Dragon,Medium
759,0.5,6.8,68,https://raw.githubusercontent.com/PokeAPI/sprites/master/sprites/pokemon/other/official-artwork/759.png,https://raw.githubusercontent.com/PokeAPI/sprites/master/sprites/pokemon/other/showdown/759.gif,140,70,4,Flailing Pokémon,"The way it protects itself by flailing its arms may be an adorable sight, but stay well away. This is flailing that can snap thick tree trunks.",Pink,Quadruped,Unknown,Ground,,Medium
760,2.1,135.0,175,https://raw.githubusercontent.com/PokeAPI/sprites/master/sprites/pokemon/other/official-artwork/760.png,https://raw.githubusercontent.com/PokeAPI/sprites/master/sprites/pokemon/other/showdown/760.gif,70,70,4,Strong Arm Pokémon,The moves it uses to take down its prey would make a martial artist jealous. It tucks subdued prey under its arms to carry them to its nest.,Pink,Upright,Unknown,Ground,,Medium
761,0.3,3.2,42,https://raw.githubusercontent.com/PokeAPI/sprites/master/sprites/pokemon/other/official-artwork/761.png,https://raw.githubusercontent.com/PokeAPI/sprites/master/sprites/pokemon/other/showdown/761.gif,235,70,8,Fruit Pokémon,"When under attack, it secretes a sweet and delicious sweat. The scent only calls more enemies to it.",Purple,Legs,Unknown,Plant,,Medium Slow
762,0.7,8.2,102,https://raw.githubusercontent.com/PokeAPI/sprites/master/sprites/pokemon/other/official-artwork/762.png,https://raw.githubusercontent.com/PokeAPI/sprites/master/sprites/pokemon/other/showdown/762.gif,120,70,8,Fruit Pokémon,Any Corvisquire that pecks at this Pokémon will be greeted with a smack from its sepals followed by a sharp kick.,Purple,Humanoid,Unknown,Plant,,Medium Slow
763,1.2,21.4,230,https://raw.githubusercontent.com/PokeAPI/sprites/master/sprites/pokemon/other/official-artwork/763.png,https://raw.githubusercontent.com/PokeAPI/sprites/master/sprites/pokemon/other/showdown/763.gif,45,70,8,Fruit Pokémon,A kick from the hardened tips of this Pokémon’s legs leaves a wound in the opponent’s body and soul that will never heal.,Purple,Humanoid,Unknown,Plant,,Medium Slow
764,0.1,0.3,170,https://raw.githubusercontent.com/PokeAPI/sprites/master/sprites/pokemon/other/official-artwork/764.png,https://raw.githubusercontent.com/PokeAPI/sprites/master/sprites/pokemon/other/showdown/764.gif,60,70,6,Posy Picker Pokémon,"These Pokémon smell very nice. All Comfey wear different flowers, so each of these Pokémon has its own individual scent.",Green,Ball,Unknown,Plant,,Fast
765,1.5,76.0,172,https://raw.githubusercontent.com/PokeAPI/sprites/master/sprites/pokemon/other/official-artwork/765.png,https://raw.githubusercontent.com/PokeAPI/sprites/master/sprites/pokemon/other/showdown/765.gif,45,70,4,Sage Pokémon,"It knows the forest inside and out. If it comes across a wounded Pokémon, Oranguru will gather medicinal herbs to treat it.",White,Humanoid,Unknown,Ground,,Slow
766,2.0,82.8,172,https://raw.githubusercontent.com/PokeAPI/sprites/master/sprites/pokemon/other/official-artwork/766.png,https://raw.githubusercontent.com/PokeAPI/sprites/master/sprites/pokemon/other/showdown/766.gif,45,70,4,Teamwork Pokémon,"Passimian live in groups of about 20, with each member performing an assigned role. Through cooperation, the group survives.",White,Upright,Unknown,Ground,,Slow
767,0.5,12.0,46,https://raw.githubusercontent.com/PokeAPI/sprites/master/sprites/pokemon/other/official-artwork/767.png,https://raw.githubusercontent.com/PokeAPI/sprites/master/sprites/pokemon/other/showdown/767.gif,90,70,4,Turn Tail Pokémon,"Wimpod gather in swarms, constantly on the lookout for danger. They scatter the moment they detect an enemy’s presence.",Gray,Tentacles,Unknown,Bug,Water3,Medium
768,2.0,108.0,186,https://raw.githubusercontent.com/PokeAPI/sprites/master/sprites/pokemon/other/official-artwork/768.png,https://raw.githubusercontent.com/PokeAPI/sprites/master/sprites/pokemon/other/showdown/768.gif,45,70,4,Hard Scale Pokémon,"They live in sunken ships or in holes in the seabed. When Golisopod and Grapploct battle, the loser becomes the winner’s meal.",Gray,Humanoid,Unknown,Bug,Water3,Medium
769,0.5,70.0,64,https://raw.githubusercontent.com/PokeAPI/sprites/master/sprites/pokemon/other/official-artwork/769.png,https://raw.githubusercontent.com/PokeAPI/sprites/master/sprites/pokemon/other/showdown/769.gif,140,70,4,Sand Heap Pokémon,"Sandygast mainly inhabits beaches. It takes control of anyone who puts their hand into its mouth, forcing them to make its body bigger.",Brown,Squiggle,Unknown,Indeterminate,,Medium
770,1.3,250.0,168,https://raw.githubusercontent.com/PokeAPI/sprites/master/sprites/pokemon/other/official-artwork/770.png,https://raw.githubusercontent.com/PokeAPI/sprites/master/sprites/pokemon/other/showdown/770.gif,60,70,4,Sand Castle Pokémon,"This Pokémon lives on beaches, but it hates water. Palossand can’t maintain its castle-like shape if it gets drenched by a heavy rain.",Brown,Squiggle,Unknown,Indeterminate,,Medium
771,0.3,1.2,144,https://raw.githubusercontent.com/PokeAPI/sprites/master/sprites/pokemon/other/official-artwork/771.png,https://raw.githubusercontent.com/PokeAPI/sprites/master/sprites/pokemon/other/showdown/771.gif,60,70,4,Sea Cucumber Pokémon,"It lives in warm, shallow waters. If it encounters a foe, it will spit out its internal organs as a means to punch them.",Black,Squiggle,Unknown,Water1,,Fast
772,1.9,120.5,107,https://raw.githubusercontent.com/PokeAPI/sprites/master/sprites/pokemon/other/official-artwork/772.png,https://raw.githubusercontent.com/PokeAPI/sprites/master/sprites/pokemon/other/showdown/772.gif,3,0,-1,Synthetic Pokémon,It was modeled after a mighty Pokémon of myth. The mask placed upon it limits its power in order to keep it under control.,Gray,Quadruped,Unknown,No Eggs,,Slow
773,2.3,100.5,257,https://raw.githubusercontent.com/PokeAPI/sprites/master/sprites/pokemon/other/official-artwork/773.png,https://raw.githubusercontent.com/PokeAPI/sprites/master/sprites/pokemon/other/showdown/773.gif,3,0,-1,Synthetic Pokémon,The final factor needed to release this Pokémon’s true power was a strong bond with a Trainer it trusts.,Gray,Quadruped,Unknown,No Eggs,,Slow
774,0.3,40.0,154,https://raw.githubusercontent.com/PokeAPI/sprites/master/sprites/pokemon/other/official-artwork/774.png,https://raw.githubusercontent.com/PokeAPI/sprites/master/sprites/pokemon/other/showdown/774.gif,30,70,-1,Meteor Pokémon,"Although its outer shell is uncommonly durable, the shock of falling to the ground smashes the shell to smithereens.",Brown,Ball,Unknown,Mineral,,Medium Slow
775,0.4,19.9,168,https://raw.githubusercontent.com/PokeAPI/sprites/master/sprites/pokemon/other/official-artwork/775.png,https://raw.githubusercontent.com/PokeAPI/sprites/master/sprites/pokemon/other/showdown/775.gif,45,70,4,Drowsing Pokémon,It remains asleep from birth to death as a result of the sedative properties of the leaves that form its diet.,Blue,Humanoid,Unknown,Ground,,Slow
776,2.0,212.0,170,https://raw.githubusercontent.com/PokeAPI/sprites/master/sprites/pokemon/other/official-artwork/776.png,https://raw.githubusercontent.com/PokeAPI/sprites/master/sprites/pokemon/other/showdown/776.gif,70,70,4,Blast Turtle Pokémon,Eating sulfur in its volcanic habitat is what causes explosive compounds to develop in its shell. Its droppings are also dangerously explosive.,Red,Upright,Unknown,Monster,Dragon,Medium
777,0.3,3.3,152,https://raw.githubusercontent.com/PokeAPI/sprites/master/sprites/pokemon/other/official-artwork/777.png,https://raw.githubusercontent.com/PokeAPI/sprites/master/sprites/pokemon/other/showdown/777.gif,180,70,4,Roly-Poly Pokémon,"When it’s in trouble, it curls up into a ball, makes its fur spikes stand on end, and then discharges electricity indiscriminately.",Gray,Upright,Unknown,Ground,Fairy,Medium
778,0.2,0.7,167,https://raw.githubusercontent.com/PokeAPI/sprites/master/sprites/pokemon/other/official-artwork/778.png,https://raw.githubusercontent.com/PokeAPI/sprites/master/sprites/pokemon/other/showdown/778.gif,45,70,4,Disguise Pokémon,There was a scientist who peeked under Mimikyu’s old rag in the name of research. The scientist died of a mysterious disease.,Yellow,Squiggle,Unknown,Indeterminate,,Medium
779,0.9,19.0,166,https://raw.githubusercontent.com/PokeAPI/sprites/master/sprites/pokemon/other/official-artwork/779.png,https://raw.githubusercontent.com/PokeAPI/sprites/master/sprites/pokemon/other/showdown/779.gif,80,70,4,Gnash Teeth Pokémon,"Its skin is thick enough to fend off Mareanie’s spikes. With its robust teeth, Bruxish crunches up the spikes and eats them.",Pink,Fish,Unknown,Water2,,Medium
780,3.0,185.0,170,https://raw.githubusercontent.com/PokeAPI/sprites/master/sprites/pokemon/other/official-artwork/780.png,https://raw.githubusercontent.com/PokeAPI/sprites/master/sprites/pokemon/other/showdown/780.gif,70,70,4,Placid Pokémon,"Drampa is a kind and friendly Pokémon—up until it’s angered. When that happens, it stirs up a gale and flattens everything around.",White,Squiggle,Unknown,Monster,Dragon,Medium
781,3.9,210.0,181,https://raw.githubusercontent.com/PokeAPI/sprites/master/sprites/pokemon/other/official-artwork/781.png,https://raw.githubusercontent.com/PokeAPI/sprites/master/sprites/pokemon/other/showdown/781.gif,25,70,-1,Sea Creeper Pokémon,"After lowering its anchor, it waits for its prey. It catches large Wailord and drains their life-force.",Green,Blob,Unknown,Mineral,,Medium
782,0.6,29.7,60,https://raw.githubusercontent.com/PokeAPI/sprites/master/sprites/pokemon/other/official-artwork/782.png,https://raw.githubusercontent.com/PokeAPI/sprites/master/sprites/pokemon/other/showdown/782.gif,45,70,4,Scaly Pokémon,Jangmo-o strikes its scales to communicate with others of its kind. Its scales are actually fur that’s become as hard as metal.,Gray,Quadruped,Unknown,Dragon,,Slow
783,1.2,47.0,147,https://raw.githubusercontent.com/PokeAPI/sprites/master/sprites/pokemon/other/official-artwork/783.png,https://raw.githubusercontent.com/PokeAPI/sprites/master/sprites/pokemon/other/showdown/783.gif,45,70,4,Scaly Pokémon,"Before attacking its enemies, it clashes its scales together and roars. Its sharp claws shred the opposition.",Gray,Upright,Unknown,Dragon,,Slow
784,1.6,78.2,270,https://raw.githubusercontent.com/PokeAPI/sprites/master/sprites/pokemon/other/official-artwork/784.png,https://raw.githubusercontent.com/PokeAPI/sprites/master/sprites/pokemon/other/showdown/784.gif,45,70,4,Scaly Pokémon,Certain ruins have paintings of ancient warriors wearing armor made of Kommo-o scales.,Gray,Upright,Unknown,Dragon,,Slow
785,1.8,20.5,257,https://raw.githubusercontent.com/PokeAPI/sprites/master/sprites/pokemon/other/official-artwork/785.png,https://raw.githubusercontent.com/PokeAPI/sprites/master/sprites/pokemon/other/showdown/785.gif,3,70,-1,Land Spirit Pokémon,"The lightning-wielding guardian deity of Melemele, Tapu Koko is brimming with curiosity and appears before people from time to time.",Yellow,Arms,Unknown,No Eggs,,Slow
786,1.2,18.6,257,https://raw.githubusercontent.com/PokeAPI/sprites/master/sprites/pokemon/other/official-artwork/786.png,https://raw.githubusercontent.com/PokeAPI/sprites/master/sprites/pokemon/other/showdown/786.gif,3,70,-1,Land Spirit Pokémon,"Although called a guardian deity, Tapu Lele is devoid of guilt about its cruel disposition and can be described as nature incarnate.",Pink,Arms,Unknown,No Eggs,,Slow
787,1.9,45.5,257,https://raw.githubusercontent.com/PokeAPI/sprites/master/sprites/pokemon/other/official-artwork/787.png,https://raw.githubusercontent.com/PokeAPI/sprites/master/sprites/pokemon/other/showdown/787.gif,3,70,-1,Land Spirit Pokémon,"It makes ringing sounds with its tail to let others know where it is, avoiding unneeded conflicts. This guardian deity of Ula’ula controls plants.",Red,Arms,Unknown,No Eggs,,Slow
788,1.3,21.2,257,https://raw.githubusercontent.com/PokeAPI/sprites/master/sprites/pokemon/other/official-artwork/788.png,https://raw.githubusercontent.com/PokeAPI/sprites/master/sprites/pokemon/other/showdown/788.gif,3,70,-1,Land Spirit Pokémon,"Although it’s called a guardian deity, terrible calamities sometimes befall those who recklessly approach Tapu Fini.",Purple,Arms,Unknown,No Eggs,,Slow
789,0.2,0.1,40,https://raw.githubusercontent.com/PokeAPI/sprites/master/sprites/pokemon/other/official-artwork/789.png,https://raw.githubusercontent.com/PokeAPI/sprites/master/sprites/pokemon/other/showdown/789.gif,45,0,-1,Nebula Pokémon,"Cosmog is very curious but not very cautious, often placing itself in danger. If things start to look dicey, it teleports away.",Blue,Ball,Unknown,No Eggs,,Slow
790,0.1,999.9,140,https://raw.githubusercontent.com/PokeAPI/sprites/master/sprites/pokemon/other/official-artwork/790.png,https://raw.githubusercontent.com/PokeAPI/sprites/master/sprites/pokemon/other/showdown/790.gif,45,0,-1,Protostar Pokémon,"It sucks in dust from the air at an astounding rate, frantically building up energy within its core as preparation for evolution.",Blue,Ball,Unknown,No Eggs,,Slow
791,3.4,230.0,306,https://raw.githubusercontent.com/PokeAPI/sprites/master/sprites/pokemon/other/official-artwork/791.png,https://raw.githubusercontent.com/PokeAPI/sprites/master/sprites/pokemon/other/showdown/791.gif,45,0,-1,Sunne Pokémon,Solgaleo was once known as the Beast That Devours the Sun. Energy in the form of light radiates boundlessly from it.,White,Quadruped,Unknown,No Eggs,,Slow
792,4.0,120.0,306,https://raw.githubusercontent.com/PokeAPI/sprites/master/sprites/pokemon/other/official-artwork/792.png,https://raw.githubusercontent.com/PokeAPI/sprites/master/sprites/pokemon/other/showdown/792.gif,45,0,-1,Moone Pokémon,"It steals the light from its surroundings and then becomes the full moon, showering its own light across the night sky.",Purple,Wings,Unknown,No Eggs,,Slow
793,1.2,55.5,257,https://raw.githubusercontent.com/PokeAPI/sprites/master/sprites/pokemon/other/official-artwork/793.png,https://raw.githubusercontent.com/PokeAPI/sprites/master/sprites/pokemon/other/showdown/793.gif,45,0,-1,Parasite Pokémon,It appeared in this world from an Ultra Wormhole. Nihilego appears to be a parasite that lives by feeding on people and Pokémon.,White,Tentacles,Unknown,No Eggs,,Slow
794,2.4,333.6,257,https://raw.githubusercontent.com/PokeAPI/sprites/master/sprites/pokemon/other/official-artwork/794.png,https://raw.githubusercontent.com/PokeAPI/sprites/master/sprites/pokemon/other/showdown/794.gif,45,0,-1,Swollen Pokémon,Buzzwole goes around showing off its abnormally swollen muscles. It is one kind of Ultra Beast.,Red,Tentacles,Unknown,No Eggs,,Slow
795,1.8,25.0,257,https://raw.githubusercontent.com/PokeAPI/sprites/master/sprites/pokemon/other/official-artwork/795.png,https://raw.githubusercontent.com/PokeAPI/sprites/master/sprites/pokemon/other/showdown/795.gif,45,0,-1,Lissome Pokémon,"Although it’s alien to this world and a danger here, it’s apparently a common organism in the world where it normally lives.",White,Humanoid,Unknown,No Eggs,,Slow
796,3.8,100.0,257,https://raw.githubusercontent.com/PokeAPI/sprites/master/sprites/pokemon/other/official-artwork/796.png,https://raw.githubusercontent.com/PokeAPI/sprites/master/sprites/pokemon/other/showdown/796.gif,45,0,-1,Glowing Pokémon,"They’ve been dubbed Ultra Beasts. Some of them stand unmoving, like trees, with their arms and legs stuck into the ground.",Black,Upright,Unknown,No Eggs,,Slow
797,9.2,999.9,257,https://raw.githubusercontent.com/PokeAPI/sprites/master/sprites/pokemon/other/official-artwork/797.png,https://raw.githubusercontent.com/PokeAPI/sprites/master/sprites/pokemon/other/showdown/797.gif,45,0,-1,Launch Pokémon,"Although it’s alien to this world and a danger here, it’s apparently a common organism in the world where it normally lives.",Green,Humanoid,Unknown,No Eggs,,Slow
798,0.3,0.1,257,https://raw.githubusercontent.com/PokeAPI/sprites/master/sprites/pokemon/other/official-artwork/798.png,https://raw.githubusercontent.com/PokeAPI/sprites/master/sprites/pokemon/other/showdown/798.gif,45,0,-1,Drawn Sword Pokémon,"Although it’s alien to this world and a danger here, it’s apparently a common organism in the world where it normally lives.",White,Humanoid,Unknown,No Eggs,,Slow
799,5.5,888.0,257,https://raw.githubusercontent.com/PokeAPI/sprites/master/sprites/pokemon/other/official-artwork/799.png,https://raw.githubusercontent.com/PokeAPI/sprites/master/sprites/pokemon/other/showdown/799.gif,45,0,-1,Junkivore Pokémon,An unknown life-form called a UB. It may be constantly hungry—it is certainly always devouring something.,Black,Upright,Unknown,No Eggs,,Slow
800,2.4,230.0,270,https://raw.githubusercontent.com/PokeAPI/sprites/master/sprites/pokemon/other/official-artwork/800.png,https://raw.githubusercontent.com/PokeAPI/sprites/master/sprites/pokemon/other/showdown/800.gif,255,0,-1,Prism Pokémon,"It needs light to survive, and it goes on a rampage seeking it out. Its laser beams will cut anything to pieces.",Black,Arms,Unknown,No Eggs,,Slow
801,1.0,80.5,270,https://raw.githubusercontent.com/PokeAPI/sprites/master/sprites/pokemon/other/official-artwork/801.png,https://raw.githubusercontent.com/PokeAPI/sprites/master/sprites/pokemon/other/showdown/801.gif,3,0,-1,Artificial Pokémon,"Built roughly 500 years ago by a scientist, the part called the Soul-Heart is the actual life-form.",Gray,Humanoid,Unknown,No Eggs,,Slow
802,0.7,22.2,270,https://raw.githubusercontent.com/PokeAPI/sprites/master/sprites/pokemon/other/official-artwork/802.png,https://raw.githubusercontent.com/PokeAPI/sprites/master/sprites/pokemon/other/showdown/802.gif,3,0,-1,Gloomdweller Pokémon,"This Pokémon can conceal itself in any shadow, so it went undiscovered for a long time.",Gray,Humanoid,Unknown,No Eggs,,Slow
803,0.6,1.8,189,https://raw.githubusercontent.com/PokeAPI/sprites/master/sprites/pokemon/other/official-artwork/803.png,https://raw.githubusercontent.com/PokeAPI/sprites/master/sprites/pokemon/other/showdown/803.gif,45,0,-1,Poison Pin Pokémon,"An Ultra Beast that lives in a different world, it cackles wildly as it sprays its opponents with poison from the needles on its head.",Purple,Upright,Unknown,No Eggs,,Slow
804,3.6,150.0,243,https://raw.githubusercontent.com/PokeAPI/sprites/master/sprites/pokemon/other/official-artwork/804.png,https://raw.githubusercontent.com/PokeAPI/sprites/master/sprites/pokemon/other/showdown/804.gif,45,0,-1,Poison Pin Pokémon,"One kind of Ultra Beast, it fires a glowing, venomous liquid from its needles. This liquid is also immensely adhesive.",Purple,Wings,Unknown,No Eggs,,Slow
805,5.5,820.0,257,https://raw.githubusercontent.com/PokeAPI/sprites/master/sprites/pokemon/other/official-artwork/805.png,https://raw.githubusercontent.com/PokeAPI/sprites/master/sprites/pokemon/other/showdown/805.gif,30,0,-1,Rampart Pokémon,"When stone walls started moving and attacking, the brute’s true identity was this mysterious life-form, which brings to mind an Ultra Beast.",Gray,Quadruped,Unknown,No Eggs,,Slow
806,1.8,13.0,257,https://raw.githubusercontent.com/PokeAPI/sprites/master/sprites/pokemon/other/official-artwork/806.png,https://raw.githubusercontent.com/PokeAPI/sprites/master/sprites/pokemon/other/showdown/806.gif,30,0,-1,Fireworks Pokémon,"A UB that appeared from an Ultra Wormhole, it causes explosions, then takes advantage of opponents’ surprise to rob them of their vitality.",White,Humanoid,Unknown,No Eggs,,Slow
807,1.5,44.5,270,https://raw.githubusercontent.com/PokeAPI/sprites/master/sprites/pokemon/other/official-artwork/807.png,https://raw.githubusercontent.com/PokeAPI/sprites/master/sprites/pokemon/other/showdown/807.gif,3,0,-1,Thunderclap Pokémon,"Electricity sparks from the pads on its limbs. Wherever Zeraora runs, lightning flashes and thunder echoes.",Yellow,Humanoid,Unknown,No Eggs,,Slow
808,0.2,8.0,135,https://raw.githubusercontent.com/PokeAPI/sprites/master/sprites/pokemon/other/official-artwork/808.png,https://raw.githubusercontent.com/PokeAPI/sprites/master/sprites/pokemon/other/showdown/808.gif,3,0,-1,Hex Nut Pokémon,"They live as a group, but when the time comes, one strong Meltan will absorb all the others and evolve.",Gray,Ball,Unknown,No Eggs,,Slow
809,2.5,800.0,270,https://raw.githubusercontent.com/PokeAPI/sprites/master/sprites/pokemon/other/official-artwork/809.png,https://raw.githubusercontent.com/PokeAPI/sprites/master/sprites/pokemon/other/showdown/809.gif,3,0,-1,Hex Nut Pokémon,Centrifugal force is behind the punches of Melmetal’s heavy hex-nut arms. Melmetal is said to deliver the strongest punches of all Pokémon.,Gray,Humanoid,Unknown,No Eggs,,Slow
810,0.3,5.0,62,https://raw.githubusercontent.com/PokeAPI/sprites/master/sprites/pokemon/other/official-artwork/810.png,https://raw.githubusercontent.com/PokeAPI/sprites/master/sprites/pokemon/other/showdown/810.gif,45,50,1,Chimp Pokémon,"It attacks with rapid beats of its stick. As it strikes with amazing speed, it gets more and more pumped.",Green,Upright,Unknown,Ground,Plant,Medium Slow
811,0.7,14.0,147,https://raw.githubusercontent.com/PokeAPI/sprites/master/sprites/pokemon/other/official-artwork/811.png,https://raw.githubusercontent.com/PokeAPI/sprites/master/sprites/pokemon/other/showdown/811.gif,45,50,1,Beat Pokémon,"When it’s drumming out rapid beats in battle, it gets so caught up in the rhythm that it won’t even notice that it’s already knocked out its opponent.",Green,Upright,Unknown,Ground,Plant,Medium Slow
812,2.1,90.0,265,https://raw.githubusercontent.com/PokeAPI/sprites/master/sprites/pokemon/other/official-artwork/812.png,https://raw.githubusercontent.com/PokeAPI/sprites/master/sprites/pokemon/other/showdown/812.gif,45,50,1,Drummer Pokémon,The one with the best drumming techniques becomes the boss of the troop. It has a gentle disposition and values harmony among its group.,Green,Humanoid,Unknown,Ground,Plant,Medium Slow
813,0.3,4.5,62,https://raw.githubusercontent.com/PokeAPI/sprites/master/sprites/pokemon/other/official-artwork/813.png,https://raw.githubusercontent.com/PokeAPI/sprites/master/sprites/pokemon/other/showdown/813.gif,45,50,1,Rabbit Pokémon,"It has special pads on the backs of its feet, and one on its nose. Once it’s raring to fight, these pads radiate tremendous heat.",White,Upright,Unknown,Ground,Humanshape,Medium Slow
814,0.6,9.0,147,https://raw.githubusercontent.com/PokeAPI/sprites/master/sprites/pokemon/other/official-artwork/814.png,https://raw.githubusercontent.com/PokeAPI/sprites/master/sprites/pokemon/other/showdown/814.gif,45,50,1,Rabbit Pokémon,"It kicks berries right off the branches of trees and then juggles them with its feet, practicing its footwork.",Gray,Upright,Unknown,Ground,Humanshape,Medium Slow
815,1.4,33.0,265,https://raw.githubusercontent.com/PokeAPI/sprites/master/sprites/pokemon/other/official-artwork/815.png,https://raw.githubusercontent.com/PokeAPI/sprites/master/sprites/pokemon/other/showdown/815.gif,45,50,1,Striker Pokémon,"It’s skilled at both offense and defense, and it gets pumped up when cheered on. But if it starts showboating, it could put itself in a tough spot.",White,Upright,Unknown,Ground,Humanshape,Medium Slow
816,0.3,4.0,62,https://raw.githubusercontent.com/PokeAPI/sprites/master/sprites/pokemon/other/official-artwork/816.png,https://raw.githubusercontent.com/PokeAPI/sprites/master/sprites/pokemon/other/showdown/816.gif,45,50,1,Water Lizard Pokémon,"When it gets wet, its skin changes color, and this Pokémon becomes invisible as if it were camouflaged.",Blue,Quadruped,Unknown,Water1,Ground,Medium Slow
817,0.7,11.5,147,https://raw.githubusercontent.com/PokeAPI/sprites/master/sprites/pokemon/other/official-artwork/817.png,https://raw.githubusercontent.com/PokeAPI/sprites/master/sprites/pokemon/other/showdown/817.gif,45,50,1,Water Lizard Pokémon,"Highly intelligent but also very lazy, it keeps enemies out of its territory by laying traps everywhere.",Blue,Upright,Unknown,Water1,Ground,Medium Slow
818,1.9,45.2,265,https://raw.githubusercontent.com/PokeAPI/sprites/master/sprites/pokemon/other/official-artwork/818.png,https://raw.githubusercontent.com/PokeAPI/sprites/master/sprites/pokemon/other/showdown/818.gif,45,50,1,Secret Agent Pokémon,Its nictitating membranes let it pick out foes’ weak points so it can precisely blast them with water that shoots from its fingertips at Mach 3.,Blue,Upright,Unknown,Water1,Ground,Medium Slow
819,0.3,2.5,55,https://raw.githubusercontent.com/PokeAPI/sprites/master/sprites/pokemon/other/official-artwork/819.png,https://raw.githubusercontent.com/PokeAPI/sprites/master/sprites/pokemon/other/showdown/819.gif,255,50,4,Cheeky Pokémon,"It eats berries nonstop—a habit that has made it more resilient than it looks. It’ll show up on farms, searching for yet more berries.",Brown,Upright,Unknown,Ground,,Medium
820,0.6,6.0,161,https://raw.githubusercontent.com/PokeAPI/sprites/master/sprites/pokemon/other/official-artwork/820.png,https://raw.githubusercontent.com/PokeAPI/sprites/master/sprites/pokemon/other/showdown/820.gif,90,50,4,Greedy Pokémon,"Common throughout the Galar region, this Pokémon has strong teeth and can chew through the toughest of berry shells.",Brown,Upright,Unknown,Ground,,Medium
821,0.2,1.8,49,https://raw.githubusercontent.com/PokeAPI/sprites/master/sprites/pokemon/other/official-artwork/821.png,https://raw.githubusercontent.com/PokeAPI/sprites/master/sprites/pokemon/other/showdown/821.gif,255,50,4,Tiny Bird Pokémon,"Jumping nimbly about, this small-bodied Pokémon takes advantage of even the slightest opportunity to disorient larger opponents.",Blue,Wings,Unknown,Flying,,Medium Slow
822,0.8,16.0,128,https://raw.githubusercontent.com/PokeAPI/sprites/master/sprites/pokemon/other/official-artwork/822.png,https://raw.githubusercontent.com/PokeAPI/sprites/master/sprites/pokemon/other/showdown/822.gif,120,50,4,Raven Pokémon,The lessons of many harsh battles have taught it how to accurately judge an opponent’s strength.,Blue,Wings,Unknown,Flying,,Medium Slow
823,2.2,75.0,248,https://raw.githubusercontent.com/PokeAPI/sprites/master/sprites/pokemon/other/official-artwork/823.png,https://raw.githubusercontent.com/PokeAPI/sprites/master/sprites/pokemon/other/showdown/823.gif,45,50,4,Raven Pokémon,"With their great intellect and flying skills, these Pokémon very successfully act as the Galar region’s airborne taxi service.",Purple,Wings,Unknown,Flying,,Medium Slow
824,0.4,8.0,36,https://raw.githubusercontent.com/PokeAPI/sprites/master/sprites/pokemon/other/official-artwork/824.png,https://raw.githubusercontent.com/PokeAPI/sprites/master/sprites/pokemon/other/showdown/824.gif,255,50,4,Larva Pokémon,"Often found in gardens, this Pokémon has hairs on its body that it uses to assess its surroundings.",Blue,Armor,Unknown,Bug,,Medium
825,0.4,19.5,117,https://raw.githubusercontent.com/PokeAPI/sprites/master/sprites/pokemon/other/official-artwork/825.png,https://raw.githubusercontent.com/PokeAPI/sprites/master/sprites/pokemon/other/showdown/825.gif,120,50,4,Radome Pokémon,"As it grows inside its shell, it uses its psychic abilities to monitor the outside world and prepare for evolution.",Yellow,Armor,Unknown,Bug,,Medium
826,0.4,40.8,253,https://raw.githubusercontent.com/PokeAPI/sprites/master/sprites/pokemon/other/official-artwork/826.png,https://raw.githubusercontent.com/PokeAPI/sprites/master/sprites/pokemon/other/showdown/826.gif,45,50,4,Seven Spot Pokémon,It emits psychic energy to observe and study what’s around it—and what’s around it can include things over six miles away.,Red,Wings,Unknown,Bug,,Medium
827,0.6,8.9,49,https://raw.githubusercontent.com/PokeAPI/sprites/master/sprites/pokemon/other/official-artwork/827.png,https://raw.githubusercontent.com/PokeAPI/sprites/master/sprites/pokemon/other/showdown/827.gif,255,50,4,Fox Pokémon,"Cunning and cautious, this Pokémon survives by stealing food from others. It erases its tracks with swipes of its tail as it makes off with its plunder.",Brown,Quadruped,Unknown,Ground,,Fast
828,1.2,19.9,159,https://raw.githubusercontent.com/PokeAPI/sprites/master/sprites/pokemon/other/official-artwork/828.png,https://raw.githubusercontent.com/PokeAPI/sprites/master/sprites/pokemon/other/showdown/828.gif,127,50,4,Fox Pokémon,"With a lithe body and sharp claws, it goes around stealing food and eggs. Boltund is its natural enemy.",Brown,Quadruped,Unknown,Ground,,Fast
829,0.4,2.2,50,https://raw.githubusercontent.com/PokeAPI/sprites/master/sprites/pokemon/other/official-artwork/829.png,https://raw.githubusercontent.com/PokeAPI/sprites/master/sprites/pokemon/other/showdown/829.gif,190,50,4,Flowering Pokémon,It whirls around in the wind while singing a joyous song. This delightful display has charmed many into raising this Pokémon.,Green,Blob,Unknown,Plant,,Medium
830,0.5,2.5,161,https://raw.githubusercontent.com/PokeAPI/sprites/master/sprites/pokemon/other/official-artwork/830.png,https://raw.githubusercontent.com/PokeAPI/sprites/master/sprites/pokemon/other/showdown/830.gif,75,50,4,Cotton Bloom Pokémon,"The cotton on the head of this Pokémon can be spun into a glossy, gorgeous yarn—a Galar regional specialty.",Green,Blob,Unknown,Plant,,Medium
831,0.6,6.0,122,https://raw.githubusercontent.com/PokeAPI/sprites/master/sprites/pokemon/other/official-artwork/831.png,https://raw.githubusercontent.com/PokeAPI/sprites/master/sprites/pokemon/other/showdown/831.gif,255,50,4,Sheep Pokémon,"If its fleece grows too long, Wooloo won’t be able to move. Cloth made with the wool of this Pokémon is surprisingly strong.",White,Quadruped,Unknown,Ground,,Medium
832,1.3,43.0,172,https://raw.githubusercontent.com/PokeAPI/sprites/master/sprites/pokemon/other/official-artwork/832.png,https://raw.githubusercontent.com/PokeAPI/sprites/master/sprites/pokemon/other/showdown/832.gif,127,50,4,Sheep Pokémon,Its majestic horns are meant only to impress the opposite gender. They never see use in battle.,White,Quadruped,Unknown,Ground,,Medium
833,0.3,8.5,57,https://raw.githubusercontent.com/PokeAPI/sprites/master/sprites/pokemon/other/official-artwork/833.png,https://raw.githubusercontent.com/PokeAPI/sprites/master/sprites/pokemon/other/showdown/833.gif,255,50,4,Snapping Pokémon,"It starts off battles by attacking with its rock-hard horn, but as soon as the opponent flinches, this Pokémon bites down and never lets go.",Green,Quadruped,Unknown,Monster,Water1,Medium
834,1.0,115.5,170,https://raw.githubusercontent.com/PokeAPI/sprites/master/sprites/pokemon/other/official-artwork/834.png,https://raw.githubusercontent.com/PokeAPI/sprites/master/sprites/pokemon/other/showdown/834.gif,75,50,4,Bite Pokémon,This Pokémon rapidly extends its retractable neck to sink its sharp fangs into distant enemies and take them down.,Green,Quadruped,Unknown,Monster,Water1,Medium
835,0.3,13.5,54,https://raw.githubusercontent.com/PokeAPI/sprites/master/sprites/pokemon/other/official-artwork/835.png,https://raw.githubusercontent.com/PokeAPI/sprites/master/sprites/pokemon/other/showdown/835.gif,255,50,4,Puppy Pokémon,"This gluttonous Pokémon only assists people with their work because it wants treats. As it runs, it crackles with electricity.",Yellow,Quadruped,Unknown,Ground,,Fast
836,1.0,34.0,172,https://raw.githubusercontent.com/PokeAPI/sprites/master/sprites/pokemon/other/official-artwork/836.png,https://raw.githubusercontent.com/PokeAPI/sprites/master/sprites/pokemon/other/showdown/836.gif,45,50,4,Dog Pokémon,"It sends electricity through its legs to boost their strength. Running at top speed, it easily breaks 50 mph.",Yellow,Quadruped,Unknown,Ground,,Fast
837,0.3,12.0,48,https://raw.githubusercontent.com/PokeAPI/sprites/master/sprites/pokemon/other/official-artwork/837.png,https://raw.githubusercontent.com/PokeAPI/sprites/master/sprites/pokemon/other/showdown/837.gif,255,50,4,Coal Pokémon,"It can race around like a unicycle, even on rough, rocky terrain. Burning coal sustains it.",Black,Ball,Unknown,Mineral,,Medium Slow
838,1.1,78.0,144,https://raw.githubusercontent.com/PokeAPI/sprites/master/sprites/pokemon/other/official-artwork/838.png,https://raw.githubusercontent.com/PokeAPI/sprites/master/sprites/pokemon/other/showdown/838.gif,120,50,4,Coal Pokémon,"By rapidly rolling its legs, it can travel at over 18 mph. The temperature of the flames it breathes exceeds 1,800 degrees Fahrenheit.",Black,Legs,Unknown,Mineral,,Medium Slow
839,2.8,310.5,255,https://raw.githubusercontent.com/PokeAPI/sprites/master/sprites/pokemon/other/official-artwork/839.png,https://raw.githubusercontent.com/PokeAPI/sprites/master/sprites/pokemon/other/showdown/839.gif,45,50,4,Coal Pokémon,"While it’s engaged in battle, its mountain of coal will burn bright red, sending off sparks that scorch the surrounding area.",Black,Humanoid,Unknown,Mineral,,Medium Slow
840,0.2,0.5,52,https://raw.githubusercontent.com/PokeAPI/sprites/master/sprites/pokemon/other/official-artwork/840.png,https://raw.githubusercontent.com/PokeAPI/sprites/master/sprites/pokemon/other/showdown/840.gif,255,50,4,Apple Core Pokémon,"As soon as it’s born, it burrows into an apple. Not only does the apple serve as its food source, but the flavor of the fruit determines its evolution.",Green,Squiggle,Unknown,Plant,Dragon,Slow Then Very Fast
841,0.3,1.0,170,https://raw.githubusercontent.com/PokeAPI/sprites/master/sprites/pokemon/other/official-artwork/841.png,https://raw.githubusercontent.com/PokeAPI/sprites/master/sprites/pokemon/other/showdown/841.gif,45,50,4,Apple Wing Pokémon,It flies on wings of apple skin and spits a powerful acid. It can also change its shape into that of an apple.,Green,Wings,Unknown,Plant,Dragon,Slow Then Very Fast
842,0.4,13.0,170,https://raw.githubusercontent.com/PokeAPI/sprites/master/sprites/pokemon/other/official-artwork/842.png,https://raw.githubusercontent.com/PokeAPI/sprites/master/sprites/pokemon/other/showdown/842.gif,45,50,4,Apple Nectar Pokémon,"Its body is covered in sweet nectar, and the skin on its back is especially yummy. Children used to have it as a snack.",Green,Quadruped,Unknown,Plant,Dragon,Slow Then Very Fast
843,2.2,7.6,63,https://raw.githubusercontent.com/PokeAPI/sprites/master/sprites/pokemon/other/official-artwork/843.png,https://raw.githubusercontent.com/PokeAPI/sprites/master/sprites/pokemon/other/showdown/843.gif,255,50,4,Sand Snake Pokémon,"It spews sand from its nostrils. While the enemy is blinded, it burrows into the ground to hide.",Green,Squiggle,Unknown,Ground,Dragon,Medium
844,3.8,65.5,179,https://raw.githubusercontent.com/PokeAPI/sprites/master/sprites/pokemon/other/official-artwork/844.png,https://raw.githubusercontent.com/PokeAPI/sprites/master/sprites/pokemon/other/showdown/844.gif,120,50,4,Sand Snake Pokémon,Its unique style of coiling allows it to blast sand out of its sand sac more efficiently.,Green,Squiggle,Unknown,Ground,Dragon,Medium
845,0.8,18.0,166,https://raw.githubusercontent.com/PokeAPI/sprites/master/sprites/pokemon/other/official-artwork/845.png,https://raw.githubusercontent.com/PokeAPI/sprites/master/sprites/pokemon/other/showdown/845.gif,45,50,4,Gulp Pokémon,"This hungry Pokémon swallows Arrokuda whole. Occasionally, it makes a mistake and tries to swallow a Pokémon other than its preferred prey.",Blue,Wings,Unknown,Water1,Flying,Medium
846,0.5,1.0,56,https://raw.githubusercontent.com/PokeAPI/sprites/master/sprites/pokemon/other/official-artwork/846.png,https://raw.githubusercontent.com/PokeAPI/sprites/master/sprites/pokemon/other/showdown/846.gif,255,50,4,Rush Pokémon,"After it’s eaten its fill, its movements become extremely sluggish. That’s when Cramorant swallows it up.",Brown,Fish,Unknown,Water2,,Slow
847,1.3,30.0,172,https://raw.githubusercontent.com/PokeAPI/sprites/master/sprites/pokemon/other/official-artwork/847.png,https://raw.githubusercontent.com/PokeAPI/sprites/master/sprites/pokemon/other/showdown/847.gif,60,50,4,Skewer Pokémon,"It spins its tail fins to propel itself, surging forward at speeds of over 100 knots before ramming prey and spearing into them.",Brown,Fish,Unknown,Water2,,Slow
848,0.4,11.0,48,https://raw.githubusercontent.com/PokeAPI/sprites/master/sprites/pokemon/other/official-artwork/848.png,https://raw.githubusercontent.com/PokeAPI/sprites/master/sprites/pokemon/other/showdown/848.gif,75,50,4,Baby Pokémon,"It manipulates the chemical makeup of its poison to produce electricity. The voltage is weak, but it can cause a tingling paralysis.",Purple,Upright,Unknown,No Eggs,,Medium Slow
849,1.6,40.0,176,https://raw.githubusercontent.com/PokeAPI/sprites/master/sprites/pokemon/other/official-artwork/849.png,https://raw.githubusercontent.com/PokeAPI/sprites/master/sprites/pokemon/other/showdown/849.gif,45,50,4,Punk Pokémon,This short-tempered and aggressive Pokémon chugs stagnant water to absorb any toxins it might contain.,Purple,Upright,Unknown,Humanshape,,Medium Slow
850,0.7,1.0,61,https://raw.githubusercontent.com/PokeAPI/sprites/master/sprites/pokemon/other/official-artwork/850.png,https://raw.githubusercontent.com/PokeAPI/sprites/master/sprites/pokemon/other/showdown/850.gif,190,50,4,Radiator Pokémon,"It wraps prey up with its heated body, cooking them in its coils. Once they’re well-done, it will voraciously nibble them down to the last morsel.",Red,Tentacles,Unknown,Bug,,Medium
851,3.0,120.0,184,https://raw.githubusercontent.com/PokeAPI/sprites/master/sprites/pokemon/other/official-artwork/851.png,https://raw.githubusercontent.com/PokeAPI/sprites/master/sprites/pokemon/other/showdown/851.gif,75,50,4,Radiator Pokémon,"While its burning body is already dangerous on its own, this excessively hostile Pokémon also has large and very sharp fangs.",Red,Tentacles,Unknown,Bug,,Medium
852,0.6,4.0,62,https://raw.githubusercontent.com/PokeAPI/sprites/master/sprites/pokemon/other/official-artwork/852.png,https://raw.githubusercontent.com/PokeAPI/sprites/master/sprites/pokemon/other/showdown/852.gif,180,50,4,Tantrum Pokémon,"Its tentacles tear off easily, but it isn’t alarmed when that happens—it knows they’ll grow back. It’s about as smart as a three-year-old.",Brown,Tentacles,Unknown,Water1,Humanshape,Medium Slow
853,1.6,39.0,168,https://raw.githubusercontent.com/PokeAPI/sprites/master/sprites/pokemon/other/official-artwork/853.png,https://raw.githubusercontent.com/PokeAPI/sprites/master/sprites/pokemon/other/showdown/853.gif,45,50,4,Jujitsu Pokémon,"Searching for an opponent to test its skills against, it emerges onto land. Once the battle is over, it returns to the sea.",Blue,Tentacles,Unknown,Water1,Humanshape,Medium Slow
854,0.1,0.2,62,https://raw.githubusercontent.com/PokeAPI/sprites/master/sprites/pokemon/other/official-artwork/854.png,https://raw.githubusercontent.com/PokeAPI/sprites/master/sprites/pokemon/other/showdown/854.gif,120,50,-1,Black Tea Pokémon,The teacup in which this Pokémon makes its home is a famous piece of antique tableware. Many forgeries are in circulation.,Purple,Ball,Unknown,Mineral,Indeterminate,Medium
855,0.2,0.4,178,https://raw.githubusercontent.com/PokeAPI/sprites/master/sprites/pokemon/other/official-artwork/855.png,https://raw.githubusercontent.com/PokeAPI/sprites/master/sprites/pokemon/other/showdown/855.gif,60,50,-1,Black Tea Pokémon,"Leaving leftover black tea unattended is asking for this Pokémon to come along and pour itself into it, turning the tea into a new Polteageist.",Purple,Ball,Unknown,Mineral,Indeterminate,Medium
856,0.4,3.4,53,https://raw.githubusercontent.com/PokeAPI/sprites/master/sprites/pokemon/other/official-artwork/856.png,https://raw.githubusercontent.com/PokeAPI/sprites/master/sprites/pokemon/other/showdown/856.gif,235,50,8,Calm Pokémon,"If this Pokémon senses a strong emotion, it will run away as fast as it can. It prefers areas without people.",Pink,Legs,Unknown,Fairy,,Slow
857,0.6,4.8,130,https://raw.githubusercontent.com/PokeAPI/sprites/master/sprites/pokemon/other/official-artwork/857.png,https://raw.githubusercontent.com/PokeAPI/sprites/master/sprites/pokemon/other/showdown/857.gif,120,50,8,Serene Pokémon,"Using the braids on its head, it pummels foes to get them to quiet down. One blow from those braids would knock out a professional boxer.",Pink,Humanoid,Unknown,Fairy,,Slow
858,2.1,5.1,255,https://raw.githubusercontent.com/PokeAPI/sprites/master/sprites/pokemon/other/official-artwork/858.png,https://raw.githubusercontent.com/PokeAPI/sprites/master/sprites/pokemon/other/showdown/858.gif,45,50,8,Silent Pokémon,"If you’re too loud around it, you risk being torn apart by the claws on its tentacle. This Pokémon is also known as the Forest Witch.",Pink,Blob,Unknown,Fairy,,Slow
859,0.4,5.5,53,https://raw.githubusercontent.com/PokeAPI/sprites/master/sprites/pokemon/other/official-artwork/859.png,https://raw.githubusercontent.com/PokeAPI/sprites/master/sprites/pokemon/other/showdown/859.gif,255,50,0,Wily Pokémon,"It sneaks into people’s homes, stealing things and feasting on the negative energy of the frustrated occupants.",Pink,Humanoid,Unknown,Fairy,Humanshape,Medium
860,0.8,12.5,130,https://raw.githubusercontent.com/PokeAPI/sprites/master/sprites/pokemon/other/official-artwork/860.png,https://raw.githubusercontent.com/PokeAPI/sprites/master/sprites/pokemon/other/showdown/860.gif,120,50,0,Devious Pokémon,"With sly cunning, it tries to lure people into the woods. Some believe it to have the power to make crops grow.",Pink,Humanoid,Unknown,Fairy,Humanshape,Medium
861,1.5,61.0,255,https://raw.githubusercontent.com/PokeAPI/sprites/master/sprites/pokemon/other/official-artwork/861.png,https://raw.githubusercontent.com/PokeAPI/sprites/master/sprites/pokemon/other/showdown/861.gif,45,50,0,Bulk Up Pokémon,"Its hairs work like muscle fibers. When its hairs unfurl, they latch on to opponents, ensnaring them as tentacles would.",Purple,Humanoid,Unknown,Fairy,Humanshape,Medium
862,1.6,46.0,260,https://raw.githubusercontent.com/PokeAPI/sprites/master/sprites/pokemon/other/official-artwork/862.png,https://raw.githubusercontent.com/PokeAPI/sprites/master/sprites/pokemon/other/showdown/862.gif,45,50,4,Blocking Pokémon,"It evolved after experiencing numerous fights. While crossing its arms, it lets out a shout that would make any opponent flinch.",Gray,Upright,Unknown,Ground,,Medium
863,0.8,28.0,154,https://raw.githubusercontent.com/PokeAPI/sprites/master/sprites/pokemon/other/official-artwork/863.png,https://raw.githubusercontent.com/PokeAPI/sprites/master/sprites/pokemon/other/showdown/863.gif,90,50,4,Viking Pokémon,"After many battles, it evolved dangerous claws that come together to form daggers when extended.",Brown,Upright,Unknown,Ground,,Medium
864,1.0,0.4,179,https://raw.githubusercontent.com/PokeAPI/sprites/master/sprites/pokemon/other/official-artwork/864.png,https://raw.githubusercontent.com/PokeAPI/sprites/master/sprites/pokemon/other/showdown/864.gif,30,50,6,Coral Pokémon,Be cautious of the ectoplasmic body surrounding its soul. You’ll become stiff as stone if you touch it.,White,Arms,Unknown,Water1,Water3,Fast
865,0.8,117.0,177,https://raw.githubusercontent.com/PokeAPI/sprites/master/sprites/pokemon/other/official-artwork/865.png,https://raw.githubusercontent.com/PokeAPI/sprites/master/sprites/pokemon/other/showdown/865.gif,45,50,4,Wild Duck Pokémon,"After deflecting attacks with its hard leaf shield, it strikes back with its sharp leek stalk. The leek stalk is both weapon and food.",White,Wings,Unknown,Flying,Ground,Medium
866,1.5,58.2,182,https://raw.githubusercontent.com/PokeAPI/sprites/master/sprites/pokemon/other/official-artwork/866.png,https://raw.githubusercontent.com/PokeAPI/sprites/master/sprites/pokemon/other/showdown/866.gif,45,50,4,Comedian Pokémon,Its amusing movements make it very popular. It releases its psychic power from the pattern on its belly.,Purple,Humanoid,Unknown,Humanshape,,Medium
867,1.6,66.6,169,https://raw.githubusercontent.com/PokeAPI/sprites/master/sprites/pokemon/other/official-artwork/867.png,https://raw.githubusercontent.com/PokeAPI/sprites/master/sprites/pokemon/other/showdown/867.gif,90,50,4,Grudge Pokémon,"Never touch its shadowlike body, or you’ll be shown the horrific memories behind the picture carved into it.",Gray,Blob,Unknown,Mineral,Indeterminate,Medium
868,0.2,0.3,54,https://raw.githubusercontent.com/PokeAPI/sprites/master/sprites/pokemon/other/official-artwork/868.png,https://raw.githubusercontent.com/PokeAPI/sprites/master/sprites/pokemon/other/showdown/868.gif,200,50,8,Cream Pokémon,They say that any patisserie visited by Milcery is guaranteed success and good fortune.,White,Ball,Unknown,Fairy,Indeterminate,Medium
869,0.3,0.5,173,https://raw.githubusercontent.com/PokeAPI/sprites/master/sprites/pokemon/other/official-artwork/869.png,https://raw.githubusercontent.com/PokeAPI/sprites/master/sprites/pokemon/other/showdown/869.gif,100,50,8,Cream Pokémon,"When Alcremie is content, the cream it secretes from its hands becomes sweeter and richer.",White,Blob,Unknown,Fairy,Indeterminate,Medium
870,3.0,62.0,165,https://raw.githubusercontent.com/PokeAPI/sprites/master/sprites/pokemon/other/official-artwork/870.png,https://raw.githubusercontent.com/PokeAPI/sprites/master/sprites/pokemon/other/showdown/870.gif,45,50,-1,Formation Pokémon,"The six of them work together as one Pokémon. Teamwork is also their battle strategy, and they constantly change their formation as they fight.",Yellow,Heads,Unknown,Fairy,Mineral,Medium
871,0.3,1.0,152,https://raw.githubusercontent.com/PokeAPI/sprites/master/sprites/pokemon/other/official-artwork/871.png,https://raw.githubusercontent.com/PokeAPI/sprites/master/sprites/pokemon/other/showdown/871.gif,75,50,4,Sea Urchin Pokémon,"It stores electricity in each spine. Even if one gets broken off, it still continues to emit electricity for at least three hours.",Purple,Tentacles,Unknown,Water1,Indeterminate,Medium
872,0.3,3.8,37,https://raw.githubusercontent.com/PokeAPI/sprites/master/sprites/pokemon/other/official-artwork/872.png,https://raw.githubusercontent.com/PokeAPI/sprites/master/sprites/pokemon/other/showdown/872.gif,190,50,4,Worm Pokémon,"It eats snow that piles up on the ground. The more snow it eats, the bigger and more impressive the spikes on its back grow.",White,Squiggle,Unknown,Bug,,Medium
873,1.3,42.0,166,https://raw.githubusercontent.com/PokeAPI/sprites/master/sprites/pokemon/other/official-artwork/873.png,https://raw.githubusercontent.com/PokeAPI/sprites/master/sprites/pokemon/other/showdown/873.gif,75,50,4,Frost Moth Pokémon,"It shows no mercy to any who desecrate fields and mountains. It will fly around on its icy wings, causing a blizzard to chase offenders away.",White,Bug Wings,Unknown,Bug,,Medium
874,2.5,520.0,165,https://raw.githubusercontent.com/PokeAPI/sprites/master/sprites/pokemon/other/official-artwork/874.png,https://raw.githubusercontent.com/PokeAPI/sprites/master/sprites/pokemon/other/showdown/874.gif,60,50,4,Big Rock Pokémon,"Once a year, on a specific date and at a specific time, they gather out of nowhere and form up in a circle.",Gray,Legs,Unknown,Mineral,,Slow
875,1.4,89.0,165,https://raw.githubusercontent.com/PokeAPI/sprites/master/sprites/pokemon/other/official-artwork/875.png,https://raw.githubusercontent.com/PokeAPI/sprites/master/sprites/pokemon/other/showdown/875.gif,60,50,4,Penguin Pokémon,"This Pokémon keeps its heat-sensitive head cool with ice. It fishes for its food, dangling its single hair into the sea to lure in prey.",Blue,Upright,Unknown,Water1,Ground,Slow
876,0.9,28.0,166,https://raw.githubusercontent.com/PokeAPI/sprites/master/sprites/pokemon/other/official-artwork/876.png,https://raw.githubusercontent.com/PokeAPI/sprites/master/sprites/pokemon/other/showdown/876.gif,30,140,4,Emotion Pokémon,"Through its horns, it can pick up on the emotions of creatures around it. Positive emotions are the source of its strength.",Purple,Upright,Unknown,Fairy,,Fast
877,0.3,3.0,153,https://raw.githubusercontent.com/PokeAPI/sprites/master/sprites/pokemon/other/official-artwork/877.png,https://raw.githubusercontent.com/PokeAPI/sprites/master/sprites/pokemon/other/showdown/877.gif,180,50,4,Two-Sided Pokémon,"It carries electrically roasted seeds with it as if they’re precious treasures. No matter how much it eats, it always gets hungry again in short order.",Yellow,Humanoid,Unknown,Ground,Fairy,Medium
878,1.2,100.0,66,https://raw.githubusercontent.com/PokeAPI/sprites/master/sprites/pokemon/other/official-artwork/878.png,https://raw.githubusercontent.com/PokeAPI/sprites/master/sprites/pokemon/other/showdown/878.gif,190,50,4,Copperderm Pokémon,"If a job requires serious strength, this Pokémon will excel at it. Its copper body tarnishes in the rain, turning a vibrant green color.",Yellow,Quadruped,Unknown,Ground,Mineral,Medium
879,3.0,650.0,175,https://raw.githubusercontent.com/PokeAPI/sprites/master/sprites/pokemon/other/official-artwork/879.png,https://raw.githubusercontent.com/PokeAPI/sprites/master/sprites/pokemon/other/showdown/879.gif,90,50,4,Copperderm Pokémon,"These Pokémon live in herds. Their trunks have incredible grip strength, strong enough to crush giant rocks into powder.",Green,Quadruped,Unknown,Ground,Mineral,Medium
880,1.8,190.0,177,https://raw.githubusercontent.com/PokeAPI/sprites/master/sprites/pokemon/other/official-artwork/880.png,https://raw.githubusercontent.com/PokeAPI/sprites/master/sprites/pokemon/other/showdown/880.gif,45,50,-1,Fossil Pokémon,"The powerful muscles in its tail generate its electricity. Compared to its lower body, its upper half is entirely too small.",Green,Upright,Unknown,No Eggs,,Slow
881,2.3,150.0,177,https://raw.githubusercontent.com/PokeAPI/sprites/master/sprites/pokemon/other/official-artwork/881.png,https://raw.githubusercontent.com/PokeAPI/sprites/master/sprites/pokemon/other/showdown/881.gif,45,50,-1,Fossil Pokémon,This Pokémon lived on prehistoric seashores and was able to preserve food with the ice on its body. It went extinct because it moved so slowly.,Blue,Upright,Unknown,No Eggs,,Slow
882,2.3,215.0,177,https://raw.githubusercontent.com/PokeAPI/sprites/master/sprites/pokemon/other/official-artwork/882.png,https://raw.githubusercontent.com/PokeAPI/sprites/master/sprites/pokemon/other/showdown/882.gif,45,50,-1,Fossil Pokémon,"Its mighty legs are capable of running at speeds exceeding 40 mph, but this Pokémon can’t breathe unless it’s underwater.",Green,Legs,Unknown,No Eggs,,Slow
883,2.0,175.0,177,https://raw.githubusercontent.com/PokeAPI/sprites/master/sprites/pokemon/other/official-artwork/883.png,https://raw.githubusercontent.com/PokeAPI/sprites/master/sprites/pokemon/other/showdown/883.gif,45,50,-1,Fossil Pokémon,"The skin on its face is impervious to attack, but breathing difficulties made this Pokémon go extinct anyway.",Blue,Fish,Unknown,No Eggs,,Slow
884,1.8,40.0,187,https://raw.githubusercontent.com/PokeAPI/sprites/master/sprites/pokemon/other/official-artwork/884.png,https://raw.githubusercontent.com/PokeAPI/sprites/master/sprites/pokemon/other/showdown/884.gif,45,50,4,Alloy Pokémon,"The special metal that composes its body is very light, so this Pokémon has considerable agility. It lives in caves because it dislikes the rain.",White,Upright,Unknown,Mineral,Dragon,Medium
885,0.5,2.0,54,https://raw.githubusercontent.com/PokeAPI/sprites/master/sprites/pokemon/other/official-artwork/885.png,https://raw.githubusercontent.com/PokeAPI/sprites/master/sprites/pokemon/other/showdown/885.gif,45,50,4,Lingering Pokémon,"If this weak Pokémon is by itself, a mere child could defeat it. But if Dreepy has friends to help it train, it can evolve and become much stronger.",Green,Squiggle,Unknown,Indeterminate,Dragon,Slow
886,1.4,11.0,144,https://raw.githubusercontent.com/PokeAPI/sprites/master/sprites/pokemon/other/official-artwork/886.png,https://raw.githubusercontent.com/PokeAPI/sprites/master/sprites/pokemon/other/showdown/886.gif,45,50,4,Caretaker Pokémon,"Without a Dreepy to place on its head and care for, it gets so uneasy it’ll try to substitute any Pokémon it finds for the missing Dreepy.",Green,Arms,Unknown,Indeterminate,Dragon,Slow
887,3.0,50.0,300,https://raw.githubusercontent.com/PokeAPI/sprites/master/sprites/pokemon/other/official-artwork/887.png,https://raw.githubusercontent.com/PokeAPI/sprites/master/sprites/pokemon/other/showdown/887.gif,45,50,4,Stealth Pokémon,Apparently the Dreepy inside Dragapult’s horns eagerly look forward to being launched out at Mach speeds.,Green,Upright,Unknown,Indeterminate,Dragon,Slow
888,2.8,110.0,335,https://raw.githubusercontent.com/PokeAPI/sprites/master/sprites/pokemon/other/official-artwork/888.png,https://raw.githubusercontent.com/PokeAPI/sprites/master/sprites/pokemon/other/showdown/888.gif,10,0,-1,Warrior Pokémon,This Pokémon has slumbered for many years. Some say it’s Zamazenta’s elder sister—others say the two Pokémon are rivals.,Blue,Quadruped,Unknown,No Eggs,,Slow
889,2.9,210.0,335,https://raw.githubusercontent.com/PokeAPI/sprites/master/sprites/pokemon/other/official-artwork/889.png,https://raw.githubusercontent.com/PokeAPI/sprites/master/sprites/pokemon/other/showdown/889.gif,10,0,-1,Warrior Pokémon,"This Pokémon slept for aeons while in the form of a statue. It was asleep for so long, people forgot that it ever existed.",Red,Quadruped,Unknown,No Eggs,,Slow
890,20.0,950.0,345,https://raw.githubusercontent.com/PokeAPI/sprites/master/sprites/pokemon/other/official-artwork/890.png,https://raw.githubusercontent.com/PokeAPI/sprites/master/sprites/pokemon/other/showdown/890.gif,255,0,-1,Gigantic Pokémon,"It was inside a meteorite that fell 20,000 years ago. There seems to be a connection between this Pokémon and the Dynamax phenomenon.",Purple,Wings,Unknown,No Eggs,,Slow
891,0.6,12.0,77,https://raw.githubusercontent.com/PokeAPI/sprites/master/sprites/pokemon/other/official-artwork/891.png,https://raw.githubusercontent.com/PokeAPI/sprites/master/sprites/pokemon/other/showdown/891.gif,3,50,1,Wushu Pokémon,"If Kubfu pulls the long white hair on its head, its fighting spirit heightens and power wells up from the depths of its belly.",Gray,Upright,Unknown,No Eggs,,Slow
892,1.9,105.0,275,https://raw.githubusercontent.com/PokeAPI/sprites/master/sprites/pokemon/other/official-artwork/892.png,https://raw.githubusercontent.com/PokeAPI/sprites/master/sprites/pokemon/other/showdown/892.gif,3,50,1,Wushu Pokémon,"Inhabiting the mountains of a distant region, this Pokémon races across sheer cliffs, training its legs and refining its moves.",Gray,Humanoid,Unknown,No Eggs,,Slow
893,1.8,70.0,300,https://raw.githubusercontent.com/PokeAPI/sprites/master/sprites/pokemon/other/official-artwork/893.png,https://raw.githubusercontent.com/PokeAPI/sprites/master/sprites/pokemon/other/showdown/893.gif,3,0,-1,Rogue Monkey Pokémon,"Once the vines on Zarude’s body tear off, they become nutrients in the soil. This helps the plants of the forest grow.",Green,Upright,Unknown,No Eggs,,Slow
894,1.2,145.0,290,https://raw.githubusercontent.com/PokeAPI/sprites/master/sprites/pokemon/other/official-artwork/894.png,https://raw.githubusercontent.com/PokeAPI/sprites/master/sprites/pokemon/other/showdown/894.gif,3,35,-1,Electron Pokémon,Its entire body is made up of a single organ that generates electrical energy. Regieleki is capable of creating all Galar’s electricity.,Yellow,Humanoid,Unknown,No Eggs,,Slow
895,2.1,200.0,290,https://raw.githubusercontent.com/PokeAPI/sprites/master/sprites/pokemon/other/official-artwork/895.png,https://raw.githubusercontent.com/PokeAPI/sprites/master/sprites/pokemon/other/showdown/895.gif,3,35,-1,Dragon Orb Pokémon,Its body is composed of crystallized dragon energy. Regidrago is said to have the powers of every dragon Pokémon.,Green,Humanoid,Unknown,No Eggs,,Slow
896,2.2,800.0,290,https://raw.githubusercontent.com/PokeAPI/sprites/master/sprites/pokemon/other/official-artwork/896.png,https://raw.githubusercontent.com/PokeAPI/sprites/master/sprites/pokemon/other/showdown/896.gif,3,35,-1,Wild Horse Pokémon,"Glastrier has tremendous physical strength, and the mask of ice covering its face is 100 times harder than diamond.",White,Quadruped,Unknown,No Eggs,,Slow
897,2.0,44.5,290,https://raw.githubusercontent.com/PokeAPI/sprites/master/sprites/pokemon/other/official-artwork/897.png,https://raw.githubusercontent.com/PokeAPI/sprites/master/sprites/pokemon/other/showdown/897.gif,3,35,-1,Swift Horse Pokémon,"As it dashes through the night, Spectrier absorbs the life-force of sleeping creatures. It craves silence and solitude.",Black,Quadruped,Unknown,No Eggs,,Slow
898,1.1,7.7,250,https://raw.githubusercontent.com/PokeAPI/sprites/master/sprites/pokemon/other/official-artwork/898.png,https://raw.githubusercontent.com/PokeAPI/sprites/master/sprites/pokemon/other/showdown/898.gif,3,100,-1,King Pokémon,Calyrex is known in legend as a king that ruled over Galar in ancient times. It has the power to cause hearts to mend and plants to spring forth.,Green,Humanoid,Unknown,No Eggs,,Slow
899,1.8,95.1,263,https://raw.githubusercontent.com/PokeAPI/sprites/master/sprites/pokemon/other/official-artwork/899.png,https://raw.githubusercontent.com/PokeAPI/sprites/master/sprites/pokemon/other/showdown/899.gif,135,50,4,Big Horn Pokémon,The black orbs shine with an uncanny light when the Pokémon is erecting invisible barriers. The fur shed from its beard retains heat well and is a highly useful material for winter clothing.,Gray,Quadruped,Unknown,Ground,,Slow
900,1.8,89.0,175,https://raw.githubusercontent.com/PokeAPI/sprites/master/sprites/pokemon/other/official-artwork/900.png,https://raw.githubusercontent.com/PokeAPI/sprites/master/sprites/pokemon/other/showdown/900.gif,115,50,4,Axe Pokémon,"A violent creature that fells towering trees with its crude axes and shields itself with hard stone. If one should chance upon this Pokémon in the wilds, one's only recourse is to flee.",Brown,Bug Wings,Unknown,Bug,,Medium
901,2.4,290.0,275,https://raw.githubusercontent.com/PokeAPI/sprites/master/sprites/pokemon/other/official-artwork/901.png,https://raw.githubusercontent.com/PokeAPI/sprites/master/sprites/pokemon/other/showdown/901.gif,75,50,4,Peat Pokémon,I believe it was Hisui's swampy terrain that gave Ursaluna its burly physique and newfound capacity to manipulate peat at will.,Brown,Quadruped,Unknown,Ground,,Medium
902,3.0,110.0,265,https://raw.githubusercontent.com/PokeAPI/sprites/master/sprites/pokemon/other/official-artwork/902.png,https://raw.githubusercontent.com/PokeAPI/sprites/master/sprites/pokemon/other/showdown/902.gif,135,50,4,Big Fish Pokémon,Clads itself in the souls of comrades that perished before fulfilling their goals of journeying upstream. No other species throughout all Hisui's rivers is Basculegion's equal.,Green,Fish,Unknown,Water2,,Medium
903,1.3,43.0,102,https://raw.githubusercontent.com/PokeAPI/sprites/master/sprites/pokemon/other/official-artwork/903.png,https://raw.githubusercontent.com/PokeAPI/sprites/master/sprites/pokemon/other/showdown/903.gif,135,50,4,Free Climb Pokémon,"Because of Sneasler's virulent poison and daunting physical prowess, no other species could hope to best it on the frozen highlands. Preferring solitude, this species does not form packs.",Gray,Upright,Unknown,Ground,,Medium Slow
904,2.5,60.5,179,https://raw.githubusercontent.com/PokeAPI/sprites/master/sprites/pokemon/other/official-artwork/904.png,https://raw.githubusercontent.com/PokeAPI/sprites/master/sprites/pokemon/other/showdown/904.gif,135,50,4,Pin Cluster Pokémon,Its lancelike spikes and savage temperament have earned it the nickname ”sea fiend.” It slurps up poison to nourish itself.,Black,Fish,Unknown,Water2,,Medium
905,1.6,48.0,116,https://raw.githubusercontent.com/PokeAPI/sprites/master/sprites/pokemon/other/official-artwork/905.png,https://raw.githubusercontent.com/PokeAPI/sprites/master/sprites/pokemon/other/showdown/905.gif,3,50,8,Love-Hate Pokémon,"When it flies to this land from across the sea, the bitter winter comes to an end. According to legend, this Pokémon's love gives rise to the budding of fresh life across Hisui.",Pink,Arms,Unknown,No Eggs,,Slow
906,0.4,4.1,62,https://raw.githubusercontent.com/PokeAPI/sprites/master/sprites/pokemon/other/official-artwork/906.png,https://raw.githubusercontent.com/PokeAPI/sprites/master/sprites/pokemon/other/showdown/906.gif,45,50,1,Grass Cat Pokémon,The sweet scent its body gives off mesmerizes those around it. The scent grows stronger when this Pokémon is in the sun.,Green,Quadruped,Unknown,Ground,Plant,Medium Slow
907,0.9,12.2,144,https://raw.githubusercontent.com/PokeAPI/sprites/master/sprites/pokemon/other/official-artwork/907.png,https://raw.githubusercontent.com/PokeAPI/sprites/master/sprites/pokemon/other/showdown/907.gif,45,50,1,Grass Cat Pokémon,"The hardness of Floragato’s fur depends on the Pokémon’s mood. When Floragato is prepared to battle, its fur becomes pointed and needle sharp.",Green,Upright,Unknown,Ground,Plant,Medium Slow
908,1.5,31.2,265,https://raw.githubusercontent.com/PokeAPI/sprites/master/sprites/pokemon/other/official-artwork/908.png,https://raw.githubusercontent.com/PokeAPI/sprites/master/sprites/pokemon/other/showdown/908.gif,45,50,1,Magician Pokémon,"With skillful misdirection, it rigs foes with pollen-packed flower bombs. Meowscarada sets off the bombs before its foes realize what’s going on.",Green,Upright,Unknown,Ground,Plant,Medium Slow
909,0.4,9.8,62,https://raw.githubusercontent.com/PokeAPI/sprites/master/sprites/pokemon/other/official-artwork/909.png,https://raw.githubusercontent.com/PokeAPI/sprites/master/sprites/pokemon/other/showdown/909.gif,45,50,1,Fire Croc Pokémon,"Its flame sac is small, so energy is always leaking out. This energy is released from the dent atop Fuecoco’s head and flickers to and fro.",Red,Upright,Unknown,Ground,,Medium Slow
910,1.0,30.7,144,https://raw.githubusercontent.com/PokeAPI/sprites/master/sprites/pokemon/other/official-artwork/910.png,https://raw.githubusercontent.com/PokeAPI/sprites/master/sprites/pokemon/other/showdown/910.gif,45,50,1,Fire Croc Pokémon,The valve in Crocalor’s flame sac is closely connected to its vocal cords. This Pokémon utters a guttural cry as it spews flames every which way.,Red,Upright,Unknown,Ground,,Medium Slow
911,1.6,326.5,265,https://raw.githubusercontent.com/PokeAPI/sprites/master/sprites/pokemon/other/official-artwork/911.png,https://raw.githubusercontent.com/PokeAPI/sprites/master/sprites/pokemon/other/showdown/911.gif,45,50,1,Singer Pokémon,"Skeledirge’s gentle singing soothes the souls of all that hear it. It burns its enemies to a crisp with flames of over 5,400 degrees Fahrenheit.",Red,Quadruped,Unknown,Ground,,Medium Slow
912,0.5,6.1,62,https://raw.githubusercontent.com/PokeAPI/sprites/master/sprites/pokemon/other/official-artwork/912.png,https://raw.githubusercontent.com/PokeAPI/sprites/master/sprites/pokemon/other/showdown/912.gif,45,50,1,Duckling Pokémon,Its strong legs let it easily swim around in even fast-flowing rivers. It likes to keep things tidy and is prone to overthinking things.,White,Upright,Unknown,Flying,Water1,Medium Slow
913,1.2,21.5,144,https://raw.githubusercontent.com/PokeAPI/sprites/master/sprites/pokemon/other/official-artwork/913.png,https://raw.githubusercontent.com/PokeAPI/sprites/master/sprites/pokemon/other/showdown/913.gif,45,50,1,Practicing Pokémon,The hardworking Quaxwell observes people and Pokémon from various regions and incorporates their movements into its own dance routines.,Blue,Upright,Unknown,Flying,Water1,Medium Slow
914,1.8,61.9,265,https://raw.githubusercontent.com/PokeAPI/sprites/master/sprites/pokemon/other/official-artwork/914.png,https://raw.githubusercontent.com/PokeAPI/sprites/master/sprites/pokemon/other/showdown/914.gif,45,50,1,Dancer Pokémon,"Dancing in ways that evoke far-away places, this Pokémon mesmerizes all that see it. Flourishes of its decorative water feathers slice into its foes.",Blue,Upright,Unknown,Flying,Water1,Medium Slow
915,0.5,10.2,51,https://raw.githubusercontent.com/PokeAPI/sprites/master/sprites/pokemon/other/official-artwork/915.png,https://raw.githubusercontent.com/PokeAPI/sprites/master/sprites/pokemon/other/showdown/915.gif,255,50,4,Hog Pokémon,This Pokémon spurns all but the finest of foods. Its body gives off an herblike scent that bug Pokémon detest.,Gray,Quadruped,Unknown,Ground,,Medium
916,1.0,120.0,171,https://raw.githubusercontent.com/PokeAPI/sprites/master/sprites/pokemon/other/official-artwork/916.png,https://raw.githubusercontent.com/PokeAPI/sprites/master/sprites/pokemon/other/showdown/916.gif,100,50,0,Hog Pokémon,"It entrances female Pokémon with the sweet, alluring scent that wafts from all over its body.",Gray,Quadruped,Unknown,Ground,,Medium
917,0.3,4.0,42,https://raw.githubusercontent.com/PokeAPI/sprites/master/sprites/pokemon/other/official-artwork/917.png,https://raw.githubusercontent.com/PokeAPI/sprites/master/sprites/pokemon/other/showdown/917.gif,255,50,4,String Ball Pokémon,The thread it secretes from its rear is as strong as wire. The secret behind the thread’s strength is the topic of ongoing research.,White,Armor,Unknown,Bug,,Slow Then Very Fast
918,1.0,16.5,141,https://raw.githubusercontent.com/PokeAPI/sprites/master/sprites/pokemon/other/official-artwork/918.png,https://raw.githubusercontent.com/PokeAPI/sprites/master/sprites/pokemon/other/showdown/918.gif,120,50,4,Trap Pokémon,"Spidops covers its territory in tough, sticky threads to set up traps for intruders.",Green,Armor,Unknown,Bug,,Slow Then Very Fast
919,0.2,1.0,42,https://raw.githubusercontent.com/PokeAPI/sprites/master/sprites/pokemon/other/official-artwork/919.png,https://raw.githubusercontent.com/PokeAPI/sprites/master/sprites/pokemon/other/showdown/919.gif,190,20,4,Grasshopper Pokémon,It’s highly skilled at a fighting style in which it uses its jumping capabilities to dodge incoming attacks while also dealing damage to opponents.,Gray,Armor,Unknown,Bug,,Medium
920,1.0,17.5,158,https://raw.githubusercontent.com/PokeAPI/sprites/master/sprites/pokemon/other/official-artwork/920.png,https://raw.githubusercontent.com/PokeAPI/sprites/master/sprites/pokemon/other/showdown/920.gif,30,0,4,Grasshopper Pokémon,"It uses its normally folded third set of legs when in Showdown Mode. This places a huge burden on its body, so it can’t stay in this mode for long.",Gray,Humanoid,Unknown,Bug,,Medium
921,0.3,2.5,48,https://raw.githubusercontent.com/PokeAPI/sprites/master/sprites/pokemon/other/official-artwork/921.png,https://raw.githubusercontent.com/PokeAPI/sprites/master/sprites/pokemon/other/showdown/921.gif,190,50,4,Mouse Pokémon,The pads of its paws are electricity-discharging organs. Pawmi fires electricity from its forepaws while standing unsteadily on its hind legs.,Yellow,Quadruped,Unknown,Ground,,Medium
922,0.4,6.5,123,https://raw.githubusercontent.com/PokeAPI/sprites/master/sprites/pokemon/other/official-artwork/922.png,https://raw.githubusercontent.com/PokeAPI/sprites/master/sprites/pokemon/other/showdown/922.gif,80,50,4,Mouse Pokémon,Pawmo uses a unique fighting technique in which it uses its forepaws to strike foes and zap them with electricity from its paw pads simultaneously.,Yellow,Upright,Unknown,Ground,,Medium
923,0.9,41.0,245,https://raw.githubusercontent.com/PokeAPI/sprites/master/sprites/pokemon/other/official-artwork/923.png,https://raw.githubusercontent.com/PokeAPI/sprites/master/sprites/pokemon/other/showdown/923.gif,45,50,4,Hands-On Pokémon,Pawmot’s fluffy fur acts as a battery. It can store the same amount of electricity as an electric car.,Yellow,Upright,Unknown,Ground,,Medium
924,0.3,1.8,61,https://raw.githubusercontent.com/PokeAPI/sprites/master/sprites/pokemon/other/official-artwork/924.png,https://raw.githubusercontent.com/PokeAPI/sprites/master/sprites/pokemon/other/showdown/924.gif,150,50,-1,Couple Pokémon,The pair sticks together no matter what. They split any food they find exactly in half and then eat it together.,White,Heads,Unknown,Ground,Fairy,Fast
925,0.3,2.8,165,https://raw.githubusercontent.com/PokeAPI/sprites/master/sprites/pokemon/other/official-artwork/925.png,https://raw.githubusercontent.com/PokeAPI/sprites/master/sprites/pokemon/other/showdown/925.gif,75,50,-1,Family Pokémon,"The larger pair protects the little ones during battles. When facing strong opponents, the whole group will join the fight.",White,Heads,Unknown,Ground,Fairy,Fast
926,0.3,10.9,62,https://raw.githubusercontent.com/PokeAPI/sprites/master/sprites/pokemon/other/official-artwork/926.png,https://raw.githubusercontent.com/PokeAPI/sprites/master/sprites/pokemon/other/showdown/926.gif,190,50,4,Puppy Pokémon,"The yeast in Fidough’s breath is useful for cooking, so this Pokémon has been protected by people since long ago.",Yellow,Quadruped,Unknown,Ground,Mineral,Medium Slow
927,0.5,14.9,167,https://raw.githubusercontent.com/PokeAPI/sprites/master/sprites/pokemon/other/official-artwork/927.png,https://raw.githubusercontent.com/PokeAPI/sprites/master/sprites/pokemon/other/showdown/927.gif,90,50,4,Dog Pokémon,"The surface of this Pokémon’s skin hardens when exposed to intense heat, and its body has an appetizing aroma.",Brown,Quadruped,Unknown,Ground,Mineral,Medium Slow
928,0.3,6.5,52,https://raw.githubusercontent.com/PokeAPI/sprites/master/sprites/pokemon/other/official-artwork/928.png,https://raw.githubusercontent.com/PokeAPI/sprites/master/sprites/pokemon/other/showdown/928.gif,255,50,4,Olive Pokémon,"This Pokémon converts nutrients into oil, which it stores in the fruit on its head. It can easily go a whole week without eating or drinking.",Green,Legs,Unknown,Plant,,Medium Slow
929,0.6,11.9,124,https://raw.githubusercontent.com/PokeAPI/sprites/master/sprites/pokemon/other/official-artwork/929.png,https://raw.githubusercontent.com/PokeAPI/sprites/master/sprites/pokemon/other/showdown/929.gif,120,50,4,Olive Pokémon,"It basks in the sun to its heart’s content until the fruits on its head ripen. After that, Dolliv departs from human settlements and goes on a journey.",Green,Humanoid,Unknown,Plant,,Medium Slow
930,1.4,48.2,255,https://raw.githubusercontent.com/PokeAPI/sprites/master/sprites/pokemon/other/official-artwork/930.png,https://raw.githubusercontent.com/PokeAPI/sprites/master/sprites/pokemon/other/showdown/930.gif,45,50,4,Olive Pokémon,"This Pokémon drives back enemies by launching its rich, aromatic oil at them with enough force to smash a boulder.",Green,Humanoid,Unknown,Plant,,Medium Slow
931,0.6,2.4,146,https://raw.githubusercontent.com/PokeAPI/sprites/master/sprites/pokemon/other/official-artwork/931.png,https://raw.githubusercontent.com/PokeAPI/sprites/master/sprites/pokemon/other/showdown/931.gif,190,50,4,Parrot Pokémon,"Green-feathered flocks hold the most sway. When they’re out searching for food in the mornings and evenings, it gets very noisy.",Green,Wings,Unknown,Flying,,Slow Then Very Fast
932,0.4,16.0,56,https://raw.githubusercontent.com/PokeAPI/sprites/master/sprites/pokemon/other/official-artwork/932.png,https://raw.githubusercontent.com/PokeAPI/sprites/master/sprites/pokemon/other/showdown/932.gif,255,50,4,Rock Salt Pokémon,"The ground scrapes its body as it travels, causing it to leave salt behind. Salt is constantly being created and replenished inside Nacli’s body.",Brown,Ball,Unknown,Mineral,,Medium Slow
933,0.6,105.0,124,https://raw.githubusercontent.com/PokeAPI/sprites/master/sprites/pokemon/other/official-artwork/933.png,https://raw.githubusercontent.com/PokeAPI/sprites/master/sprites/pokemon/other/showdown/933.gif,120,50,4,Rock Salt Pokémon,It compresses rock salt inside its body and shoots out hardened salt pellets with enough force to perforate an iron sheet.,Brown,Quadruped,Unknown,Mineral,,Medium Slow
934,2.3,240.0,250,https://raw.githubusercontent.com/PokeAPI/sprites/master/sprites/pokemon/other/official-artwork/934.png,https://raw.githubusercontent.com/PokeAPI/sprites/master/sprites/pokemon/other/showdown/934.gif,45,50,4,Rock Salt Pokémon,"Many Pokémon gather around Garganacl, hoping to lick at its mineral-rich salt.",Brown,Humanoid,Unknown,Mineral,,Medium Slow
935,0.6,10.5,51,https://raw.githubusercontent.com/PokeAPI/sprites/master/sprites/pokemon/other/official-artwork/935.png,https://raw.githubusercontent.com/PokeAPI/sprites/master/sprites/pokemon/other/showdown/935.gif,90,50,4,Fire Child Pokémon,"Its firepower increases when it fights, reaching over 1,800 degrees Fahrenheit. It likes berries that are rich in fat.",Red,Humanoid,Unknown,Humanshape,,Slow
936,1.5,85.0,263,https://raw.githubusercontent.com/PokeAPI/sprites/master/sprites/pokemon/other/official-artwork/936.png,https://raw.githubusercontent.com/PokeAPI/sprites/master/sprites/pokemon/other/showdown/936.gif,25,20,4,Fire Warrior Pokémon,"This Pokémon clads itself in armor that has been fortified by psychic and fire energy, and it shoots blazing fireballs.",Red,Humanoid,Unknown,Humanshape,,Slow
937,1.6,62.0,263,https://raw.githubusercontent.com/PokeAPI/sprites/master/sprites/pokemon/other/official-artwork/937.png,https://raw.githubusercontent.com/PokeAPI/sprites/master/sprites/pokemon/other/showdown/937.gif,25,20,4,Fire Blades Pokémon,An old set of armor steeped in grudges caused this Pokémon’s evolution. Ceruledge cuts its enemies to pieces without mercy.,Blue,Humanoid,Unknown,Humanshape,,Slow
938,0.3,0.4,54,https://raw.githubusercontent.com/PokeAPI/sprites/master/sprites/pokemon/other/official-artwork/938.png,https://raw.githubusercontent.com/PokeAPI/sprites/master/sprites/pokemon/other/showdown/938.gif,190,50,4,EleTadpole Pokémon,"It floats using the electricity stored in its body. When thunderclouds are around, Tadbulb will float higher off the ground.",Yellow,Ball,Unknown,Water1,,Medium
939,1.2,113.0,173,https://raw.githubusercontent.com/PokeAPI/sprites/master/sprites/pokemon/other/official-artwork/939.png,https://raw.githubusercontent.com/PokeAPI/sprites/master/sprites/pokemon/other/showdown/939.gif,50,50,4,EleFrog Pokémon,What appear to be eyeballs are actually organs for discharging the electricity generated by Bellibolt’s belly-button dynamo.,Green,Humanoid,Unknown,Water1,,Medium
940,0.4,3.6,56,https://raw.githubusercontent.com/PokeAPI/sprites/master/sprites/pokemon/other/official-artwork/940.png,https://raw.githubusercontent.com/PokeAPI/sprites/master/sprites/pokemon/other/showdown/940.gif,180,50,4,Storm Petrel Pokémon,"These Pokémon make their nests on coastal cliffs. The nests have a strange, crackling texture, and they’re a popular delicacy.",Black,Wings,Unknown,Water1,Flying,Medium Slow
941,1.4,38.6,172,https://raw.githubusercontent.com/PokeAPI/sprites/master/sprites/pokemon/other/official-artwork/941.png,https://raw.githubusercontent.com/PokeAPI/sprites/master/sprites/pokemon/other/showdown/941.gif,90,50,4,Frigatebird Pokémon,"It uses its throat sac to store electricity generated by its wings. There’s hardly any oil in its feathers, so it is a poor swimmer.",Yellow,Wings,Unknown,Water1,Flying,Medium Slow
942,0.5,16.0,68,https://raw.githubusercontent.com/PokeAPI/sprites/master/sprites/pokemon/other/official-artwork/942.png,https://raw.githubusercontent.com/PokeAPI/sprites/master/sprites/pokemon/other/showdown/942.gif,150,50,4,Rascal Pokémon,"Its well-developed jaw and fangs are strong enough to crunch through boulders, and its thick fat makes for an excellent defense.",Brown,Quadruped,Unknown,Ground,,Medium Slow
943,1.1,61.0,177,https://raw.githubusercontent.com/PokeAPI/sprites/master/sprites/pokemon/other/official-artwork/943.png,https://raw.githubusercontent.com/PokeAPI/sprites/master/sprites/pokemon/other/showdown/943.gif,75,50,4,Boss Pokémon,"Mabosstiff loves playing with children. Though usually gentle, it takes on an intimidating look when protecting its family.",Gray,Quadruped,Unknown,Ground,,Medium Slow
944,0.2,0.7,58,https://raw.githubusercontent.com/PokeAPI/sprites/master/sprites/pokemon/other/official-artwork/944.png,https://raw.githubusercontent.com/PokeAPI/sprites/master/sprites/pokemon/other/showdown/944.gif,190,50,4,Toxic Mouse Pokémon,"To keep enemies away from its territory, it paints markings around its nest using a poisonous liquid that has an acrid odor.",Gray,Quadruped,Unknown,Ground,,Medium Slow
945,0.7,27.2,170,https://raw.githubusercontent.com/PokeAPI/sprites/master/sprites/pokemon/other/official-artwork/945.png,https://raw.githubusercontent.com/PokeAPI/sprites/master/sprites/pokemon/other/showdown/945.gif,90,50,4,Toxic Monkey Pokémon,"Each Grafaiai paints its own individual pattern, and it will paint that same pattern over and over again throughout its life.",Gray,Upright,Unknown,Ground,,Medium Slow
946,0.6,0.6,55,https://raw.githubusercontent.com/PokeAPI/sprites/master/sprites/pokemon/other/official-artwork/946.png,https://raw.githubusercontent.com/PokeAPI/sprites/master/sprites/pokemon/other/showdown/946.gif,190,50,4,Tumbleweed Pokémon,"Not even Bramblin knows where it is headed as it tumbles across the wilderness, blown by the wind. It loathes getting wet.",Brown,Ball,Unknown,Plant,,Medium
947,1.2,6.0,168,https://raw.githubusercontent.com/PokeAPI/sprites/master/sprites/pokemon/other/official-artwork/947.png,https://raw.githubusercontent.com/PokeAPI/sprites/master/sprites/pokemon/other/showdown/947.gif,45,50,4,Tumbleweed Pokémon,"Brambleghast wanders around arid regions. On rare occasions, mass outbreaks of these Pokémon will bury an entire town.",Brown,Ball,Unknown,Plant,,Medium
948,0.9,33.0,67,https://raw.githubusercontent.com/PokeAPI/sprites/master/sprites/pokemon/other/official-artwork/948.png,https://raw.githubusercontent.com/PokeAPI/sprites/master/sprites/pokemon/other/showdown/948.gif,190,50,4,Woodear Pokémon,"Though it looks like Tentacool, Toedscool is a completely different species. Its legs may be thin, but it can run at a speed of 30 mph.",Yellow,Legs,Unknown,Plant,,Medium Slow
949,1.9,58.0,180,https://raw.githubusercontent.com/PokeAPI/sprites/master/sprites/pokemon/other/official-artwork/949.png,https://raw.githubusercontent.com/PokeAPI/sprites/master/sprites/pokemon/other/showdown/949.gif,90,50,4,Woodear Pokémon,"It coils its 10 tentacles around prey and sucks out their nutrients, causing the prey pain. The folds along the rim of its head are a popular delicacy.",Black,Tentacles,Unknown,Plant,,Medium Slow
950,1.3,79.0,158,https://raw.githubusercontent.com/PokeAPI/sprites/master/sprites/pokemon/other/official-artwork/950.png,https://raw.githubusercontent.com/PokeAPI/sprites/master/sprites/pokemon/other/showdown/950.gif,120,50,4,Ambush Pokémon,"This Pokémon lives on sheer cliffs. It sidesteps opponents’ attacks, then lunges for their weak spots with its claws.",Red,Armor,Unknown,Water3,,Medium
951,0.3,3.0,61,https://raw.githubusercontent.com/PokeAPI/sprites/master/sprites/pokemon/other/official-artwork/951.png,https://raw.githubusercontent.com/PokeAPI/sprites/master/sprites/pokemon/other/showdown/951.gif,190,50,4,Spicy Pepper Pokémon,Traditional Paldean dishes can be extremely spicy because they include the shed front teeth of Capsakid among their ingredients.,Green,Upright,Unknown,Plant,,Medium
952,0.9,15.0,170,https://raw.githubusercontent.com/PokeAPI/sprites/master/sprites/pokemon/other/official-artwork/952.png,https://raw.githubusercontent.com/PokeAPI/sprites/master/sprites/pokemon/other/showdown/952.gif,75,50,4,Spicy Pepper Pokémon,"The green head has turned vicious due to the spicy chemicals stimulating its brain. Once it goes on a rampage, there is no stopping it.",Green,Upright,Unknown,Plant,,Medium
953,0.2,1.0,54,https://raw.githubusercontent.com/PokeAPI/sprites/master/sprites/pokemon/other/official-artwork/953.png,https://raw.githubusercontent.com/PokeAPI/sprites/master/sprites/pokemon/other/showdown/953.gif,190,50,4,Rolling Pokémon,It rolls its mud ball around while the energy it needs for evolution matures. Eventually the time comes for it to evolve.,Brown,Armor,Unknown,Bug,,Fast
954,0.3,3.5,165,https://raw.githubusercontent.com/PokeAPI/sprites/master/sprites/pokemon/other/official-artwork/954.png,https://raw.githubusercontent.com/PokeAPI/sprites/master/sprites/pokemon/other/showdown/954.gif,45,50,4,Rolling Pokémon,An infant sleeps inside the ball. Rabsca rolls the ball soothingly with its legs to ensure the infant sleeps comfortably.,Green,Armor,Unknown,Bug,,Fast
955,0.2,1.5,51,https://raw.githubusercontent.com/PokeAPI/sprites/master/sprites/pokemon/other/official-artwork/955.png,https://raw.githubusercontent.com/PokeAPI/sprites/master/sprites/pokemon/other/showdown/955.gif,120,50,4,Frill Pokémon,"It spends its time running around wastelands. If anyone steals its beloved berries, it will chase them down and exact its revenge.",Yellow,Legs,Unknown,Flying,,Medium Slow
956,1.9,90.0,168,https://raw.githubusercontent.com/PokeAPI/sprites/master/sprites/pokemon/other/official-artwork/956.png,https://raw.githubusercontent.com/PokeAPI/sprites/master/sprites/pokemon/other/showdown/956.gif,60,50,4,Ostrich Pokémon,It emits psychic power from the gaps between its multicolored frills and sprints at speeds greater than 120 mph.,Yellow,Upright,Unknown,Flying,,Medium Slow
957,0.4,8.9,59,https://raw.githubusercontent.com/PokeAPI/sprites/master/sprites/pokemon/other/official-artwork/957.png,https://raw.githubusercontent.com/PokeAPI/sprites/master/sprites/pokemon/other/showdown/957.gif,190,50,8,Metalsmith Pokémon,This Pokémon pounds iron scraps together to make a hammer. It will remake the hammer again and again until it’s satisfied with the result.,Pink,Humanoid,Unknown,Fairy,,Medium Slow
958,0.7,59.1,133,https://raw.githubusercontent.com/PokeAPI/sprites/master/sprites/pokemon/other/official-artwork/958.png,https://raw.githubusercontent.com/PokeAPI/sprites/master/sprites/pokemon/other/showdown/958.gif,90,50,8,Hammer Pokémon,These Pokémon make their homes in piles of scrap metal. They test the strength of each other’s hammers by smashing them together.,Pink,Humanoid,Unknown,Fairy,,Medium Slow
959,0.7,112.8,253,https://raw.githubusercontent.com/PokeAPI/sprites/master/sprites/pokemon/other/official-artwork/959.png,https://raw.githubusercontent.com/PokeAPI/sprites/master/sprites/pokemon/other/showdown/959.gif,45,50,8,Hammer Pokémon,"The hammer tops 220 pounds, yet it gets swung around easily by Tinkaton as it steals whatever it pleases and carries its plunder back home.",Pink,Humanoid,Unknown,Fairy,,Medium Slow
960,1.2,1.8,49,https://raw.githubusercontent.com/PokeAPI/sprites/master/sprites/pokemon/other/official-artwork/960.png,https://raw.githubusercontent.com/PokeAPI/sprites/master/sprites/pokemon/other/showdown/960.gif,255,50,4,Garden Eel Pokémon,"Though it looks like Diglett, Wiglett is an entirely different species. The resemblance seems to be a coincidental result of environmental adaptation.",White,Blob,Unknown,Water3,,Medium
961,1.2,5.4,149,https://raw.githubusercontent.com/PokeAPI/sprites/master/sprites/pokemon/other/official-artwork/961.png,https://raw.githubusercontent.com/PokeAPI/sprites/master/sprites/pokemon/other/showdown/961.gif,50,50,4,Garden Eel Pokémon,"A variety of fish Pokémon, Wugtrio was once considered to be a regional form of Dugtrio.",Red,Blob,Unknown,Water3,,Medium
962,1.5,42.9,243,https://raw.githubusercontent.com/PokeAPI/sprites/master/sprites/pokemon/other/official-artwork/962.png,https://raw.githubusercontent.com/PokeAPI/sprites/master/sprites/pokemon/other/showdown/962.gif,25,50,4,Item Drop Pokémon,"Bombirdier uses the apron on its chest to bundle up food, which it carries back to its nest. It enjoys dropping things that make loud noises.",White,Wings,Unknown,Flying,,Slow
963,1.3,60.2,63,https://raw.githubusercontent.com/PokeAPI/sprites/master/sprites/pokemon/other/official-artwork/963.png,https://raw.githubusercontent.com/PokeAPI/sprites/master/sprites/pokemon/other/showdown/963.gif,200,50,4,Dolphin Pokémon,Its water ring is made from seawater mixed with a sticky fluid that Finizen secretes from its blowhole.,Blue,Fish,Unknown,Ground,Water2,Slow
964,1.3,60.2,160,https://raw.githubusercontent.com/PokeAPI/sprites/master/sprites/pokemon/other/official-artwork/964.png,https://raw.githubusercontent.com/PokeAPI/sprites/master/sprites/pokemon/other/showdown/964.gif,45,50,4,Dolphin Pokémon,"Its physical capabilities are no different than a Finizen’s, but when its allies are in danger, it transforms and powers itself up.",Blue,Fish,Unknown,Ground,Water2,Slow
965,1.0,35.0,60,https://raw.githubusercontent.com/PokeAPI/sprites/master/sprites/pokemon/other/official-artwork/965.png,https://raw.githubusercontent.com/PokeAPI/sprites/master/sprites/pokemon/other/showdown/965.gif,190,50,4,Single-Cyl Pokémon,The steel section is Varoom’s actual body. This Pokémon clings to rocks and converts the minerals within into energy to fuel its activities.,Gray,Legs,Unknown,Mineral,,Medium
966,1.8,120.0,175,https://raw.githubusercontent.com/PokeAPI/sprites/master/sprites/pokemon/other/official-artwork/966.png,https://raw.githubusercontent.com/PokeAPI/sprites/master/sprites/pokemon/other/showdown/966.gif,75,50,4,Multi-Cyl Pokémon,Revavroom viciously threatens others with the sound of its exhaust. It sticks its tongue out from its cylindrical mouth and sprays toxic fluids.,Gray,Legs,Unknown,Mineral,,Medium
967,1.6,63.0,175,https://raw.githubusercontent.com/PokeAPI/sprites/master/sprites/pokemon/other/official-artwork/967.png,https://raw.githubusercontent.com/PokeAPI/sprites/master/sprites/pokemon/other/showdown/967.gif,190,50,4,Mount Pokémon,It can sprint at over 70 mph while carrying a human. The rider’s body heat warms Cyclizar’s back and lifts the Pokémon’s spirit.,Green,Quadruped,Unknown,Ground,,Medium Slow
968,2.5,310.0,240,https://raw.githubusercontent.com/PokeAPI/sprites/master/sprites/pokemon/other/official-artwork/968.png,https://raw.githubusercontent.com/PokeAPI/sprites/master/sprites/pokemon/other/showdown/968.gif,25,50,4,Earthworm Pokémon,This Pokémon lives in arid deserts. It maintains its metal body by consuming iron from the soil.,Pink,Squiggle,Unknown,Ground,,Slow
969,0.7,8.0,70,https://raw.githubusercontent.com/PokeAPI/sprites/master/sprites/pokemon/other/official-artwork/969.png,https://raw.githubusercontent.com/PokeAPI/sprites/master/sprites/pokemon/other/showdown/969.gif,70,50,4,Ore Pokémon,Glimmet’s toxic mineral crystals look just like flower petals. This Pokémon scatters poisonous powder like pollen to protect itself.,Blue,Ball,Unknown,Mineral,,Medium Slow
970,1.5,45.0,184,https://raw.githubusercontent.com/PokeAPI/sprites/master/sprites/pokemon/other/official-artwork/970.png,https://raw.githubusercontent.com/PokeAPI/sprites/master/sprites/pokemon/other/showdown/970.gif,25,50,4,Ore Pokémon,Glimmora’s petals are made of crystallized poison energy. It has recently become evident that these petals resemble Tera Jewels.,Blue,Ball,Unknown,Mineral,,Medium Slow
971,0.6,35.0,58,https://raw.githubusercontent.com/PokeAPI/sprites/master/sprites/pokemon/other/official-artwork/971.png,https://raw.githubusercontent.com/PokeAPI/sprites/master/sprites/pokemon/other/showdown/971.gif,120,50,4,Ghost Dog Pokémon,"This friendly Pokémon doesn’t like being alone. Pay it even the slightest bit of attention, and it will follow you forever.",White,Quadruped,Unknown,Ground,,Medium Slow
972,2.0,15.0,171,https://raw.githubusercontent.com/PokeAPI/sprites/master/sprites/pokemon/other/official-artwork/972.png,https://raw.githubusercontent.com/PokeAPI/sprites/master/sprites/pokemon/other/showdown/972.gif,60,50,4,Ghost Dog Pokémon,A lovingly mourned Pokémon was reborn as Houndstone. It doesn’t like anyone touching the protuberance atop its head.,White,Quadruped,Unknown,Ground,,Medium Slow
973,1.6,37.0,175,https://raw.githubusercontent.com/PokeAPI/sprites/master/sprites/pokemon/other/official-artwork/973.png,https://raw.githubusercontent.com/PokeAPI/sprites/master/sprites/pokemon/other/showdown/973.gif,100,50,4,Synchronize Pokémon,"Thanks to a behavior of theirs known as “synchronizing,” an entire flock of these Pokémon can attack simultaneously in perfect harmony.",Pink,Wings,Unknown,Flying,,Medium Slow
974,1.2,45.0,67,https://raw.githubusercontent.com/PokeAPI/sprites/master/sprites/pokemon/other/official-artwork/974.png,https://raw.githubusercontent.com/PokeAPI/sprites/master/sprites/pokemon/other/showdown/974.gif,150,50,4,Terra Whale Pokémon,It lives in frigid regions in pods of five or so individuals. It loves the minerals found in snow and ice.,White,Upright,Unknown,Ground,,Medium Slow
975,4.5,700.0,182,https://raw.githubusercontent.com/PokeAPI/sprites/master/sprites/pokemon/other/official-artwork/975.png,https://raw.githubusercontent.com/PokeAPI/sprites/master/sprites/pokemon/other/showdown/975.gif,50,50,4,Terra Whale Pokémon,"Ice energy builds up in the horn on its upper jaw, causing the horn to reach cryogenic temperatures that freeze its surroundings.",White,Upright,Unknown,Ground,,Medium Slow
976,2.5,90.0,167,https://raw.githubusercontent.com/PokeAPI/sprites/master/sprites/pokemon/other/official-artwork/976.png,https://raw.githubusercontent.com/PokeAPI/sprites/master/sprites/pokemon/other/showdown/976.gif,100,50,4,Jettison Pokémon,"Veluza has excellent regenerative capabilities. It sheds spare flesh from its body to boost its agility, then charges at its prey.",Gray,Fish,Unknown,Water2,,Fast
977,12.0,220.0,265,https://raw.githubusercontent.com/PokeAPI/sprites/master/sprites/pokemon/other/official-artwork/977.png,https://raw.githubusercontent.com/PokeAPI/sprites/master/sprites/pokemon/other/showdown/977.gif,25,50,4,Big Catfish Pokémon,"It treats Tatsugiri like its boss and follows it loyally. Though powerful, Dondozo is apparently not very smart.",Blue,Fish,Unknown,Water2,,Slow
978,0.3,8.0,166,https://raw.githubusercontent.com/PokeAPI/sprites/master/sprites/pokemon/other/official-artwork/978.png,https://raw.githubusercontent.com/PokeAPI/sprites/master/sprites/pokemon/other/showdown/978.gif,100,50,4,Mimicry Pokémon,"Tatsugiri is an extremely cunning Pokémon. It feigns weakness to lure in prey, then orders its partner to attack.",Pink,Fish,Unknown,Water2,,Medium Slow
979,1.2,56.0,268,https://raw.githubusercontent.com/PokeAPI/sprites/master/sprites/pokemon/other/official-artwork/979.png,https://raw.githubusercontent.com/PokeAPI/sprites/master/sprites/pokemon/other/showdown/979.gif,45,50,4,Rage Monkey Pokémon,It imbues its fists with the power of the rage that it kept hidden in its heart. Opponents struck by these imbued fists will be shattered to their core.,Gray,Humanoid,Unknown,Ground,,Medium
980,1.8,223.0,151,https://raw.githubusercontent.com/PokeAPI/sprites/master/sprites/pokemon/other/official-artwork/980.png,https://raw.githubusercontent.com/PokeAPI/sprites/master/sprites/pokemon/other/showdown/980.gif,90,50,4,Spiny Fish Pokémon,It lives at the bottom of ponds and swamps. It will carry Wooper on its back and ferry them across water from one shore to the other.,Brown,Quadruped,Unknown,Water1,Ground,Medium
981,3.2,160.0,260,https://raw.githubusercontent.com/PokeAPI/sprites/master/sprites/pokemon/other/official-artwork/981.png,https://raw.githubusercontent.com/PokeAPI/sprites/master/sprites/pokemon/other/showdown/981.gif,45,50,4,Long Neck Pokémon,The hardened head from the tail protects the head of the main body as Farigiraf whips its long neck around to headbutt enemies.,Brown,Quadruped,Unknown,Ground,,Medium
982,3.6,39.2,182,https://raw.githubusercontent.com/PokeAPI/sprites/master/sprites/pokemon/other/official-artwork/982.png,https://raw.githubusercontent.com/PokeAPI/sprites/master/sprites/pokemon/other/showdown/982.gif,45,50,4,Land Snake Pokémon,"It drives enemies out of its nest by sucking in enough air to fill its long, narrow lungs, then releasing the air in an intense blast.",Yellow,Squiggle,Unknown,Ground,,Medium
983,2.0,120.0,275,https://raw.githubusercontent.com/PokeAPI/sprites/master/sprites/pokemon/other/official-artwork/983.png,https://raw.githubusercontent.com/PokeAPI/sprites/master/sprites/pokemon/other/showdown/983.gif,25,50,4,Big Blade Pokémon,"Though it commands a massive army in battle, it’s not skilled at devising complex strategies. It just uses brute strength to keep pushing.",Black,Humanoid,Unknown,Humanshape,,Medium
984,2.2,320.0,285,https://raw.githubusercontent.com/PokeAPI/sprites/master/sprites/pokemon/other/official-artwork/984.png,https://raw.githubusercontent.com/PokeAPI/sprites/master/sprites/pokemon/other/showdown/984.gif,30,0,-1,Paradox Pokémon,"This creature resembles a mysterious Pokémon that, according to a paranormal magazine, has lived since ancient times.",Purple,Quadruped,Unknown,No Eggs,,Slow
985,1.2,8.0,285,https://raw.githubusercontent.com/PokeAPI/sprites/master/sprites/pokemon/other/official-artwork/985.png,https://raw.githubusercontent.com/PokeAPI/sprites/master/sprites/pokemon/other/showdown/985.gif,50,0,-1,Paradox Pokémon,It resembles a mysterious Pokémon described in a paranormal magazine as a Jigglypuff from one billion years ago.,Pink,Upright,Unknown,No Eggs,,Slow
986,1.2,21.0,285,https://raw.githubusercontent.com/PokeAPI/sprites/master/sprites/pokemon/other/official-artwork/986.png,https://raw.githubusercontent.com/PokeAPI/sprites/master/sprites/pokemon/other/showdown/986.gif,50,0,-1,Paradox Pokémon,It bears a slight resemblance to a Pokémon described in a dubious magazine as a cross between a dinosaur and a mushroom.,Gray,Quadruped,Unknown,No Eggs,,Slow
987,1.4,4.0,285,https://raw.githubusercontent.com/PokeAPI/sprites/master/sprites/pokemon/other/official-artwork/987.png,https://raw.githubusercontent.com/PokeAPI/sprites/master/sprites/pokemon/other/showdown/987.gif,30,0,-1,Paradox Pokémon,"It has similar features to a ghostly pterosaur that was covered in a paranormal magazine, but the two have little else in common.",Gray,Wings,Unknown,No Eggs,,Slow
988,3.2,92.0,285,https://raw.githubusercontent.com/PokeAPI/sprites/master/sprites/pokemon/other/official-artwork/988.png,https://raw.githubusercontent.com/PokeAPI/sprites/master/sprites/pokemon/other/showdown/988.gif,30,0,-1,Paradox Pokémon,This Pokémon somewhat resembles an ancient form of Volcarona that was introduced in a dubious magazine.,Red,Quadruped,Unknown,No Eggs,,Slow
989,2.3,60.0,285,https://raw.githubusercontent.com/PokeAPI/sprites/master/sprites/pokemon/other/official-artwork/989.png,https://raw.githubusercontent.com/PokeAPI/sprites/master/sprites/pokemon/other/showdown/989.gif,30,0,-1,Paradox Pokémon,"It slightly resembles a Magneton that lived for 10,000 years and was featured in an article in a paranormal magazine.",Gray,Quadruped,Unknown,No Eggs,,Slow
990,0.9,240.0,285,https://raw.githubusercontent.com/PokeAPI/sprites/master/sprites/pokemon/other/official-artwork/990.png,https://raw.githubusercontent.com/PokeAPI/sprites/master/sprites/pokemon/other/showdown/990.gif,30,0,-1,Paradox Pokémon,Sightings of this Pokémon have occurred in recent years. It resembles a mysterious object described in an old expedition journal.,Gray,Quadruped,Unknown,No Eggs,,Slow
991,0.6,11.0,285,https://raw.githubusercontent.com/PokeAPI/sprites/master/sprites/pokemon/other/official-artwork/991.png,https://raw.githubusercontent.com/PokeAPI/sprites/master/sprites/pokemon/other/showdown/991.gif,50,0,-1,Paradox Pokémon,It resembles a mysterious object mentioned in an old book. There are only two reported sightings of this Pokémon.,Red,Upright,Unknown,No Eggs,,Slow
992,1.8,380.7,285,https://raw.githubusercontent.com/PokeAPI/sprites/master/sprites/pokemon/other/official-artwork/992.png,https://raw.githubusercontent.com/PokeAPI/sprites/master/sprites/pokemon/other/showdown/992.gif,50,0,-1,Paradox Pokémon,"This Pokémon shares many similarities with Iron Hands, an object mentioned in a certain expedition journal.",Gray,Humanoid,Unknown,No Eggs,,Slow
993,1.3,111.0,285,https://raw.githubusercontent.com/PokeAPI/sprites/master/sprites/pokemon/other/official-artwork/993.png,https://raw.githubusercontent.com/PokeAPI/sprites/master/sprites/pokemon/other/showdown/993.gif,30,0,-1,Paradox Pokémon,"It’s possible that Iron Jugulis, an object described in an old book, may actually be this Pokémon.",Blue,Upright,Unknown,No Eggs,,Slow
994,1.2,36.0,285,https://raw.githubusercontent.com/PokeAPI/sprites/master/sprites/pokemon/other/official-artwork/994.png,https://raw.githubusercontent.com/PokeAPI/sprites/master/sprites/pokemon/other/showdown/994.gif,30,0,-1,Paradox Pokémon,"No records exist of this species being caught. Data is lacking, but the Pokémon’s traits match up with an object described in an old book.",Yellow,Bug Wings,Unknown,No Eggs,,Slow
995,1.6,303.0,285,https://raw.githubusercontent.com/PokeAPI/sprites/master/sprites/pokemon/other/official-artwork/995.png,https://raw.githubusercontent.com/PokeAPI/sprites/master/sprites/pokemon/other/showdown/995.gif,30,0,-1,Paradox Pokémon,Some of its notable features match those of an object named within a certain expedition journal as Iron Thorns.,Green,Upright,Unknown,No Eggs,,Slow
996,0.5,17.0,64,https://raw.githubusercontent.com/PokeAPI/sprites/master/sprites/pokemon/other/official-artwork/996.png,https://raw.githubusercontent.com/PokeAPI/sprites/master/sprites/pokemon/other/showdown/996.gif,45,50,4,Ice Fin Pokémon,"This Pokémon lives in forests and craggy areas. Using the power of its dorsal fin, it cools the inside of its nest like a refrigerator.",Gray,Upright,Unknown,Dragon,Mineral,Slow
997,0.8,30.0,148,https://raw.githubusercontent.com/PokeAPI/sprites/master/sprites/pokemon/other/official-artwork/997.png,https://raw.githubusercontent.com/PokeAPI/sprites/master/sprites/pokemon/other/showdown/997.gif,25,50,4,Ice Fin Pokémon,It attacks with the blade of its frozen dorsal fin by doing a front flip in the air. Arctibax’s strong back and legs allow it to pull off this technique.,Gray,Upright,Unknown,Dragon,Mineral,Slow
998,2.1,210.0,300,https://raw.githubusercontent.com/PokeAPI/sprites/master/sprites/pokemon/other/official-artwork/998.png,https://raw.githubusercontent.com/PokeAPI/sprites/master/sprites/pokemon/other/showdown/998.gif,10,50,4,Ice Dragon Pokémon,It launches itself into battle by flipping upside down and spewing frigid air from its mouth. It finishes opponents off with its dorsal blade.,Gray,Upright,Unknown,Dragon,Mineral,Slow
999,0.3,5.0,60,https://raw.githubusercontent.com/PokeAPI/sprites/master/sprites/pokemon/other/official-artwork/999.png,https://raw.githubusercontent.com/PokeAPI/sprites/master/sprites/pokemon/other/showdown/999.gif,45,50,-1,Coin Chest Pokémon,It lives inside an old treasure chest. Sometimes it gets left in shop corners since no one realizes it’s actually a Pokémon.,Brown,Blob,Unknown,No Eggs,,Slow
1000,1.2,30.0,275,https://raw.githubusercontent.com/PokeAPI/sprites/master/sprites/pokemon/other/official-artwork/1000.png,https://raw.githubusercontent.com/PokeAPI/sprites/master/sprites/pokemon/other/showdown/1000.gif,45,50,-1,Coin Entity Pokémon,It has a sturdy body made up of stacked coins. Gholdengo overwhelms its enemies by firing coin after coin at them in quick succession.,Yellow,Humanoid,Unknown,No Eggs,,Slow
1001,1.5,74.2,285,https://raw.githubusercontent.com/PokeAPI/sprites/master/sprites/pokemon/other/official-artwork/1001.png,https://raw.githubusercontent.com/PokeAPI/sprites/master/sprites/pokemon/other/showdown/1001.gif,6,0,-1,Ruinous Pokémon,"It drains the life-force from vegetation, causing nearby forests to instantly wither and fields to turn barren.",Brown,Squiggle,Unknown,No Eggs,,Slow
1002,1.9,152.2,285,https://raw.githubusercontent.com/PokeAPI/sprites/master/sprites/pokemon/other/official-artwork/1002.png,https://raw.githubusercontent.com/PokeAPI/sprites/master/sprites/pokemon/other/showdown/1002.gif,6,0,-1,Ruinous Pokémon,The hatred of those who perished by the sword long ago has clad itself in snow and become a Pokémon.,White,Quadruped,Unknown,No Eggs,,Slow
1003,2.7,699.7,285,https://raw.githubusercontent.com/PokeAPI/sprites/master/sprites/pokemon/other/official-artwork/1003.png,https://raw.githubusercontent.com/PokeAPI/sprites/master/sprites/pokemon/other/showdown/1003.gif,6,0,-1,Ruinous Pokémon,"It slowly brings its exceedingly heavy head down upon the ground, splitting the earth open with huge fissures that run over 160 feet deep.",Brown,Quadruped,Unknown,No Eggs,,Slow
1004,0.4,4.9,285,https://raw.githubusercontent.com/PokeAPI/sprites/master/sprites/pokemon/other/official-artwork/1004.png,https://raw.githubusercontent.com/PokeAPI/sprites/master/sprites/pokemon/other/showdown/1004.gif,6,0,-1,Ruinous Pokémon,The envy accumulated within curved beads that sparked multiple conflicts has clad itself in fire and become a Pokémon.,Red,Fish,Unknown,No Eggs,,Slow
1005,2.0,380.0,295,https://raw.githubusercontent.com/PokeAPI/sprites/master/sprites/pokemon/other/official-artwork/1005.png,https://raw.githubusercontent.com/PokeAPI/sprites/master/sprites/pokemon/other/showdown/1005.gif,10,0,-1,Paradox Pokémon,"According to an article in a dubious magazine, this Pokémon has some connection to a phenomenon that occurs in a certain region.",Green,Quadruped,Unknown,No Eggs,,Slow
1006,1.4,35.0,295,https://raw.githubusercontent.com/PokeAPI/sprites/master/sprites/pokemon/other/official-artwork/1006.png,https://raw.githubusercontent.com/PokeAPI/sprites/master/sprites/pokemon/other/showdown/1006.gif,10,0,-1,Paradox Pokémon,It’s possible that this is the object listed as Iron Valiant in a certain expedition journal.,White,Humanoid,Unknown,No Eggs,,Slow
1007,2.5,303.0,335,https://raw.githubusercontent.com/PokeAPI/sprites/master/sprites/pokemon/other/official-artwork/1007.png,https://raw.githubusercontent.com/PokeAPI/sprites/master/sprites/pokemon/other/showdown/1007.gif,3,0,-1,Paradox Pokémon,"This Pokémon resembles Cyclizar, but it is far burlier and more ferocious. Nothing is known about its ecology or other features.",Red,Upright,Unknown,No Eggs,,Slow
1008,3.5,240.0,335,https://raw.githubusercontent.com/PokeAPI/sprites/master/sprites/pokemon/other/official-artwork/1008.png,https://raw.githubusercontent.com/PokeAPI/sprites/master/sprites/pokemon/other/showdown/1008.gif,3,0,-1,Paradox Pokémon,This seems to be the Iron Serpent mentioned in an old book. The Iron Serpent is said to have turned the land to ash with its lightning.,Blue,Quadruped,Unknown,No Eggs,,Slow
1009,3.5,280.0,295,https://raw.githubusercontent.com/PokeAPI/sprites/master/sprites/pokemon/other/official-artwork/1009.png,https://raw.githubusercontent.com/PokeAPI/sprites/master/sprites/pokemon/other/showdown/1009.gif,5,0,-1,Paradox Pokémon,"It resembles an illustration published in a paranormal magazine, said to be a depiction of a super-ancient Suicune.",Blue,Upright,Unknown,No Eggs,,Slow
1010,1.5,125.0,295,https://raw.githubusercontent.com/PokeAPI/sprites/master/sprites/pokemon/other/official-artwork/1010.png,https://raw.githubusercontent.com/PokeAPI/sprites/master/sprites/pokemon/other/showdown/1010.gif,5,0,-1,Paradox Pokémon,"According to the few eyewitness accounts that exist, it used its shining blades to julienne large trees and boulders.",Green,Quadruped,Unknown,No Eggs,,Slow
1011,0.4,9.7,170,https://raw.githubusercontent.com/PokeAPI/sprites/master/sprites/pokemon/other/official-artwork/1011.png,https://raw.githubusercontent.com/PokeAPI/sprites/master/sprites/pokemon/other/showdown/1011.gif,45,50,4,Candy Apple Pokémon,"The head sticking out belongs to the fore-wyrm, while the tail belongs to the core-wyrm. The two share one apple and help each other out.",Green,Heads,Unknown,Plant,Dragon,Slow
1012,0.1,1.1,62,https://raw.githubusercontent.com/PokeAPI/sprites/master/sprites/pokemon/other/official-artwork/1012.png,https://raw.githubusercontent.com/PokeAPI/sprites/master/sprites/pokemon/other/showdown/1012.gif,120,50,-1,Matcha Pokémon,"Poltchageist looks like a regional form of Sinistea, but it was recently discovered that the two Pokémon are entirely unrelated.",Green,Ball,Unknown,Mineral,Indeterminate,Slow
1013,0.2,2.2,178,https://raw.githubusercontent.com/PokeAPI/sprites/master/sprites/pokemon/other/official-artwork/1013.png,https://raw.githubusercontent.com/PokeAPI/sprites/master/sprites/pokemon/other/showdown/1013.gif,60,50,-1,Matcha Pokémon,"It prefers cool, dark places, such as the back of a shelf or the space beneath a home's floorboards. It wanders in search of prey after sunset.",Green,Ball,Unknown,Mineral,Indeterminate,Slow
1014,1.8,92.2,278,https://raw.githubusercontent.com/PokeAPI/sprites/master/sprites/pokemon/other/official-artwork/1014.png,https://raw.githubusercontent.com/PokeAPI/sprites/master/sprites/pokemon/other/showdown/1014.gif,3,0,0,Retainer Pokémon,Okidogi is a ruffian with a short temper. It can pulverize anything by swinging around the chain on its neck.,Black,Upright,Unknown,No Eggs,,Slow
1015,1.0,12.2,278,https://raw.githubusercontent.com/PokeAPI/sprites/master/sprites/pokemon/other/official-artwork/1015.png,https://raw.githubusercontent.com/PokeAPI/sprites/master/sprites/pokemon/other/showdown/1015.gif,3,0,0,Retainer Pokémon,"Munkidori keeps itself somewhere safe while it toys with its foes, using psychokinesis to induce intense dizziness.",Black,Humanoid,Unknown,No Eggs,,Slow
1016,1.4,30.1,278,https://raw.githubusercontent.com/PokeAPI/sprites/master/sprites/pokemon/other/official-artwork/1016.png,https://raw.githubusercontent.com/PokeAPI/sprites/master/sprites/pokemon/other/showdown/1016.gif,3,0,0,Retainer Pokémon,Fezandipiti beats its glossy wings to scatter pheromones that captivate people and Pokémon.,Black,Wings,Unknown,No Eggs,,Slow
1017,1.2,39.8,275,https://raw.githubusercontent.com/PokeAPI/sprites/master/sprites/pokemon/other/official-artwork/1017.png,https://raw.githubusercontent.com/PokeAPI/sprites/master/sprites/pokemon/other/showdown/1017.gif,5,50,8,Mask Pokémon,This mischief-loving Pokémon is full of curiosity. It battles by drawing out the type-based energy contained within its masks.,Green,Humanoid,Unknown,No Eggs,,Slow
1018,2.0,60.0,300,https://raw.githubusercontent.com/PokeAPI/sprites/master/sprites/pokemon/other/official-artwork/1018.png,https://raw.githubusercontent.com/PokeAPI/sprites/master/sprites/pokemon/other/showdown/1018.gif,10,50,4,Alloy Pokémon,"It digs holes on mountains, searching for food. It’s so durable that being caught in a cave-in won’t faze it.",White,Upright,Unknown,Mineral,Dragon,Medium
1019,1.8,93.0,270,https://raw.githubusercontent.com/PokeAPI/sprites/master/sprites/pokemon/other/official-artwork/1019.png,https://raw.githubusercontent.com/PokeAPI/sprites/master/sprites/pokemon/other/showdown/1019.gif,10,50,4,Apple Hydra Pokémon,"These capricious syrpents have banded together. On the rare occasion that their moods align, their true power is unleashed.",Green,Heads,Unknown,Plant,Dragon,Slow Then Very Fast
1020,3.5,590.0,295,https://raw.githubusercontent.com/PokeAPI/sprites/master/sprites/pokemon/other/official-artwork/1020.png,https://raw.githubusercontent.com/PokeAPI/sprites/master/sprites/pokemon/other/showdown/1020.gif,10,0,-1,Paradox Pokémon,It resembles an eerie Pokémon once shown in a paranormal magazine. That Pokémon was said to be an Entei regenerated from a fossil.,Brown,Quadruped,Unknown,No Eggs,,Slow
1021,5.2,480.0,295,https://raw.githubusercontent.com/PokeAPI/sprites/master/sprites/pokemon/other/official-artwork/1021.png,https://raw.githubusercontent.com/PokeAPI/sprites/master/sprites/pokemon/other/showdown/1021.gif,10,0,-1,Paradox Pokémon,It bears resemblance to a Pokémon that became a hot topic for a short while after a paranormal magazine touted it as Raikou's ancestor.,Yellow,Quadruped,Unknown,No Eggs,,Slow
1022,1.5,162.5,295,https://raw.githubusercontent.com/PokeAPI/sprites/master/sprites/pokemon/other/official-artwork/1022.png,https://raw.githubusercontent.com/PokeAPI/sprites/master/sprites/pokemon/other/showdown/1022.gif,10,0,-1,Paradox Pokémon,It was named after a mysterious object recorded in an old book. Its body seems to be metallic.,Gray,Quadruped,Unknown,No Eggs,,Slow
1023,1.6,156.0,295,https://raw.githubusercontent.com/PokeAPI/sprites/master/sprites/pokemon/other/official-artwork/1023.png,https://raw.githubusercontent.com/PokeAPI/sprites/master/sprites/pokemon/other/showdown/1023.gif,10,0,-1,Paradox Pokémon,There was supposedly an incident in which it launched shining blades to cut everything around it to pieces. Little else is known about it.,Blue,Quadruped,Unknown,No Eggs,,Slow
1024,0.2,6.5,90,https://raw.githubusercontent.com/PokeAPI/sprites/master/sprites/pokemon/other/official-artwork/1024.png,https://raw.githubusercontent.com/PokeAPI/sprites/master/sprites/pokemon/other/showdown/1024.gif,255,50,4,Tera Pokémon,It’s thought that this Pokémon lived in ancient Paldea until it got caught in seismic shifts and went extinct.,Blue,Quadruped,Unknown,No Eggs,,Slow
1025,0.3,0.3,300,https://raw.githubusercontent.com/PokeAPI/sprites/master/sprites/pokemon/other/official-artwork/1025.png,https://raw.githubusercontent.com/PokeAPI/sprites/master/sprites/pokemon/other/showdown/1025.gif,3,0,-1,Subjugation Pokémon,Its peach-shaped shell serves as storage for a potent poison. It makes poisonous mochi and serves them to people and Pokémon.,Purple,Ball,Unknown,No Eggs,,Slow
